timestamp,artist,followers,following
2026-03-25T13:19:28.742Z,darari_nu,444,155
2026-03-25T13:19:28.742Z,coban3137,1133,620
2026-03-25T16:13:52.368Z,darari_nu,444,155
2026-03-25T16:13:52.368Z,coban3137,1134,621
2026-03-25T19:01:03.126Z,darari_nu,443,155
2026-03-25T19:01:03.126Z,coban3137,1133,621
2026-03-25T21:43:21.957Z,darari_nu,443,155
2026-03-25T21:43:21.957Z,coban3137,1133,621
2026-03-26T02:40:40.502Z,darari_nu,443,155
2026-03-26T02:40:40.502Z,coban3137,1134,621
2026-03-26T05:10:08.451Z,darari_nu,443,155
2026-03-26T05:10:08.451Z,coban3137,1135,622
2026-03-26T07:16:50.169Z,darari_nu,443,155
2026-03-26T07:16:50.169Z,coban3137,1135,622
2026-03-26T10:04:02.384Z,darari_nu,444,155
2026-03-26T10:04:02.384Z,coban3137,1135,622
2026-03-26T13:25:35.200Z,darari_nu,444,155
2026-03-26T13:25:35.200Z,coban3137,1135,622
2026-03-26T16:14:55.062Z,darari_nu,444,155
2026-03-26T16:14:55.062Z,coban3137,1135,622
2026-03-26T19:13:18.729Z,darari_nu,444,155
2026-03-26T19:13:18.729Z,coban3137,1135,622
2026-03-26T21:35:42.803Z,darari_nu,444,155
2026-03-26T21:35:42.803Z,coban3137,1135,622
2026-03-27T02:42:41.655Z,darari_nu,445,155
2026-03-27T02:42:41.655Z,coban3137,1136,622
2026-03-27T05:10:34.442Z,darari_nu,445,155
2026-03-27T05:10:34.442Z,coban3137,1136,622
2026-03-27T07:14:24.565Z,darari_nu,445,155
2026-03-27T07:14:24.565Z,coban3137,1136,622
2026-03-27T09:58:09.078Z,darari_nu,445,155
2026-03-27T09:58:09.078Z,coban3137,1136,622
2026-03-27T13:15:01.685Z,darari_nu,445,155
2026-03-27T13:15:01.685Z,coban3137,1136,622
2026-03-27T15:56:47.070Z,darari_nu,445,155
2026-03-27T15:56:47.070Z,coban3137,1137,622
2026-03-27T19:00:47.970Z,darari_nu,446,155
2026-03-27T19:00:47.970Z,coban3137,1137,622
2026-03-27T21:39:41.151Z,darari_nu,446,155
2026-03-27T21:39:41.151Z,coban3137,1137,622
2026-03-28T02:32:45.998Z,darari_nu,446,155
2026-03-28T02:32:45.998Z,coban3137,1137,622
2026-03-28T04:56:38.663Z,darari_nu,446,155
2026-03-28T04:56:38.663Z,coban3137,1137,622
2026-03-28T07:03:45.128Z,darari_nu,446,155
2026-03-28T07:03:45.128Z,coban3137,1137,622
2026-03-28T09:41:41.410Z,darari_nu,446,155
2026-03-28T09:41:41.410Z,coban3137,1137,622
2026-03-28T13:02:57.921Z,darari_nu,446,155
2026-03-28T13:02:57.921Z,coban3137,1137,622
2026-03-28T15:35:40.839Z,darari_nu,446,155
2026-03-28T15:35:40.839Z,coban3137,1137,622
2026-03-28T18:47:38.945Z,darari_nu,446,155
2026-03-28T18:47:38.945Z,coban3137,1137,622
2026-03-28T21:34:19.309Z,darari_nu,446,155
2026-03-28T21:34:19.309Z,coban3137,1137,622
2026-03-29T02:46:34.137Z,darari_nu,446,155
2026-03-29T02:46:34.137Z,coban3137,1137,622
2026-03-29T05:14:38.710Z,darari_nu,446,155
2026-03-29T05:14:38.710Z,coban3137,1137,622
2026-03-29T07:09:51.134Z,darari_nu,446,155
2026-03-29T07:09:51.134Z,coban3137,1137,622
2026-03-29T09:41:34.455Z,darari_nu,446,155
2026-03-29T09:41:34.455Z,coban3137,1136,622
2026-03-29T13:03:51.224Z,darari_nu,446,155
2026-03-29T13:03:51.224Z,coban3137,1136,622
2026-03-29T15:36:44.420Z,darari_nu,446,155
2026-03-29T15:36:44.420Z,coban3137,1136,622
2026-03-29T18:50:18.674Z,darari_nu,446,155
2026-03-29T18:50:18.674Z,coban3137,1136,622
2026-03-29T21:36:30.602Z,darari_nu,446,155
2026-03-29T21:36:30.602Z,coban3137,1136,622
2026-03-30T02:49:39.829Z,darari_nu,445,155
2026-03-30T02:49:39.829Z,coban3137,1136,622
2026-03-30T05:29:28.385Z,darari_nu,445,155
2026-03-30T05:29:28.385Z,coban3137,1136,622
2026-03-30T07:48:48.938Z,darari_nu,445,155
2026-03-30T07:48:48.938Z,coban3137,1136,622
2026-03-30T10:20:44.892Z,darari_nu,445,155
2026-03-30T10:20:44.892Z,coban3137,1136,622
2026-03-30T13:29:00.283Z,darari_nu,445,155
2026-03-30T13:29:00.283Z,coban3137,1136,622
2026-03-30T16:08:04.387Z,darari_nu,445,155
2026-03-30T16:08:04.387Z,coban3137,1136,622
2026-03-30T19:05:00.809Z,darari_nu,445,155
2026-03-30T19:05:00.809Z,coban3137,1136,622
2026-03-30T21:47:10.074Z,darari_nu,445,155
2026-03-30T21:47:10.074Z,coban3137,1136,622
2026-03-31T02:42:29.922Z,darari_nu,445,155
2026-03-31T02:42:29.922Z,coban3137,1136,622
2026-03-31T05:12:53.031Z,darari_nu,445,155
2026-03-31T05:12:53.031Z,coban3137,1136,622
2026-03-31T07:21:45.354Z,darari_nu,445,155
2026-03-31T07:21:45.354Z,coban3137,1136,622
2026-03-31T10:08:13.684Z,darari_nu,445,155
2026-03-31T10:08:13.684Z,coban3137,1137,622
2026-03-31T13:28:14.554Z,darari_nu,445,155
2026-03-31T13:28:14.554Z,coban3137,1137,623
2026-03-31T16:08:15.823Z,darari_nu,445,155
2026-03-31T16:08:15.823Z,coban3137,1137,623
2026-03-31T19:07:29.518Z,darari_nu,445,155
2026-03-31T19:07:29.518Z,coban3137,1137,623
2026-03-31T21:42:33.501Z,darari_nu,446,155
2026-03-31T21:42:33.501Z,coban3137,1137,623
2026-04-01T02:54:18.874Z,darari_nu,447,155
2026-04-01T02:54:18.874Z,coban3137,1138,623
2026-04-01T05:28:37.224Z,darari_nu,447,155
2026-04-01T05:28:37.224Z,coban3137,1138,623
2026-04-01T07:27:04.057Z,darari_nu,447,155
2026-04-01T07:27:04.057Z,coban3137,1138,623
2026-04-01T10:09:24.360Z,darari_nu,447,155
2026-04-01T10:09:24.360Z,coban3137,1138,623
2026-04-01T13:42:58.004Z,darari_nu,447,155
2026-04-01T13:42:58.004Z,coban3137,1138,623
2026-04-01T16:08:49.652Z,darari_nu,447,155
2026-04-01T16:08:49.652Z,coban3137,1140,623
2026-04-01T19:07:38.965Z,darari_nu,450,157
2026-04-01T19:07:38.965Z,coban3137,1140,623
2026-04-01T21:46:47.613Z,darari_nu,451,157
2026-04-01T21:46:47.613Z,coban3137,1140,623
2026-04-02T02:38:50.673Z,darari_nu,451,158
2026-04-02T02:38:50.673Z,coban3137,1146,627
2026-04-02T09:54:07.528Z,darari_nu,458,161
2026-04-02T09:54:07.528Z,coban3137,1155,633
2026-04-02T09:58:47.450Z,darari_nu,458,161
2026-04-02T09:58:47.450Z,coban3137,1155,633
2026-04-02T10:44:37.770Z,darari_nu,458,161
2026-04-02T10:44:37.770Z,coban3137,1155,633
2026-04-02T11:40:42.460Z,darari_nu,458,161
2026-04-02T11:40:42.460Z,coban3137,1155,633
2026-04-02T12:54:48.918Z,darari_nu,458,161
2026-04-02T12:54:48.918Z,coban3137,1157,635
2026-04-02T14:19:38.591Z,darari_nu,459,161
2026-04-02T14:19:38.591Z,coban3137,1157,635
2026-04-02T15:54:00.192Z,darari_nu,461,164
2026-04-02T15:54:00.192Z,coban3137,1160,636
2026-04-02T16:50:05.597Z,darari_nu,461,164
2026-04-02T16:50:05.597Z,coban3137,1160,637
2026-04-02T17:43:36.925Z,darari_nu,461,164
2026-04-02T17:43:36.925Z,coban3137,1161,637
2026-04-02T18:45:06.471Z,darari_nu,462,164
2026-04-02T18:45:06.471Z,coban3137,1162,637
2026-04-02T19:44:03.493Z,darari_nu,463,164
2026-04-02T19:44:03.493Z,coban3137,1163,637
2026-04-02T20:28:12.074Z,darari_nu,463,164
2026-04-02T20:28:12.074Z,coban3137,1165,637
2026-04-02T21:30:10.839Z,darari_nu,465,164
2026-04-02T21:30:10.839Z,coban3137,1165,637
2026-04-02T22:25:20.083Z,darari_nu,465,164
2026-04-02T22:25:20.083Z,coban3137,1165,637
2026-04-02T23:27:59.678Z,darari_nu,465,166
2026-04-02T23:27:59.678Z,coban3137,1165,638
2026-04-03T01:29:45.787Z,darari_nu,465,168
2026-04-03T01:29:45.787Z,coban3137,1165,638
2026-04-03T04:24:27.938Z,darari_nu,466,168
2026-04-03T04:24:27.938Z,coban3137,1168,640
2026-04-03T06:08:47.875Z,darari_nu,466,169
2026-04-03T06:08:47.875Z,coban3137,1168,640
2026-04-03T07:58:01.924Z,darari_nu,466,169
2026-04-03T07:58:01.924Z,coban3137,1168,640
2026-04-03T08:53:50.449Z,darari_nu,466,169
2026-04-03T08:53:50.449Z,coban3137,1169,641
2026-04-03T09:46:13.555Z,darari_nu,466,169
2026-04-03T09:46:13.555Z,coban3137,1169,641
2026-04-03T10:36:56.661Z,darari_nu,466,169
2026-04-03T10:36:56.661Z,coban3137,1170,641
2026-04-03T11:33:19.889Z,darari_nu,467,169
2026-04-03T11:33:19.889Z,coban3137,1170,642
2026-04-03T12:43:57.043Z,darari_nu,467,169
2026-04-03T12:43:57.043Z,coban3137,1171,642
2026-04-03T13:58:11.076Z,darari_nu,469,170
2026-04-03T13:58:11.076Z,coban3137,1173,643
2026-04-03T14:42:09.157Z,darari_nu,469,171
2026-04-03T14:42:09.157Z,coban3137,1173,643
2026-04-03T15:34:31.276Z,darari_nu,469,171
2026-04-03T15:34:31.276Z,coban3137,1173,643
2026-04-03T16:31:40.670Z,darari_nu,475,174
2026-04-03T16:31:40.670Z,coban3137,1174,643
2026-04-03T17:28:11.154Z,darari_nu,478,174
2026-04-03T17:28:11.154Z,coban3137,1177,643
2026-04-03T18:36:54.113Z,darari_nu,479,174
2026-04-03T18:36:54.113Z,coban3137,1177,643
2026-04-03T19:33:59.967Z,darari_nu,480,174
2026-04-03T19:33:59.967Z,coban3137,1177,643
2026-04-03T20:27:56.407Z,darari_nu,481,174
2026-04-03T20:27:56.407Z,coban3137,1177,643
2026-04-03T21:26:12.459Z,darari_nu,481,174
2026-04-03T21:26:12.459Z,coban3137,1177,644
2026-04-03T22:25:52.870Z,darari_nu,481,179
2026-04-03T22:25:52.870Z,coban3137,1177,644
2026-04-03T23:27:32.713Z,darari_nu,481,179
2026-04-03T23:27:32.713Z,coban3137,1178,644
2026-04-04T01:24:22.465Z,darari_nu,482,179
2026-04-04T01:24:22.465Z,coban3137,1178,645
2026-04-04T04:10:31.837Z,darari_nu,482,179
2026-04-04T04:10:31.837Z,coban3137,1178,645
2026-04-04T05:52:14.229Z,darari_nu,482,179
2026-04-04T05:52:14.229Z,coban3137,1179,646
2026-04-04T06:51:34.744Z,darari_nu,482,179
2026-04-04T06:51:34.744Z,coban3137,1179,646
2026-04-04T07:44:00.802Z,darari_nu,482,179
2026-04-04T07:44:00.802Z,coban3137,1180,646
2026-04-04T08:32:42.531Z,darari_nu,483,179
2026-04-04T08:32:42.531Z,coban3137,1180,646
2026-04-04T09:30:26.320Z,darari_nu,483,179
2026-04-04T09:30:26.320Z,coban3137,1181,646
2026-04-04T10:25:57.911Z,darari_nu,483,179
2026-04-04T10:25:57.911Z,coban3137,1181,646
2026-04-04T11:23:41.266Z,darari_nu,483,179
2026-04-04T11:23:41.266Z,coban3137,1181,646
2026-04-04T12:36:57.757Z,darari_nu,483,179
2026-04-04T12:36:57.757Z,coban3137,1182,646
2026-04-04T13:47:31.137Z,darari_nu,483,179
2026-04-04T13:47:31.137Z,coban3137,1182,646
2026-04-04T14:27:33.931Z,darari_nu,483,179
2026-04-04T14:27:33.931Z,coban3137,1182,646
2026-04-04T15:24:53.034Z,darari_nu,483,179
2026-04-04T15:24:53.034Z,coban3137,1182,646
2026-04-04T16:26:48.992Z,darari_nu,483,179
2026-04-04T16:26:48.992Z,coban3137,1182,646
2026-04-04T17:23:48.333Z,darari_nu,483,179
2026-04-04T17:23:48.333Z,coban3137,1182,646
2026-04-04T18:31:45.205Z,darari_nu,483,179
2026-04-04T18:31:45.205Z,coban3137,1182,646
2026-04-04T19:25:55.003Z,darari_nu,483,179
2026-04-04T19:25:55.003Z,coban3137,1181,646
2026-04-04T20:21:18.236Z,darari_nu,483,179
2026-04-04T20:21:18.236Z,coban3137,1181,646
2026-04-04T21:24:32.854Z,darari_nu,483,179
2026-04-04T21:24:32.854Z,coban3137,1181,646
2026-04-04T22:21:35.540Z,darari_nu,484,179
2026-04-04T22:21:35.540Z,coban3137,1181,646
2026-04-04T23:24:02.341Z,darari_nu,485,179
2026-04-04T23:24:02.341Z,coban3137,1181,646
2026-04-05T01:47:49.380Z,darari_nu,485,179
2026-04-05T01:47:49.380Z,coban3137,1182,646
2026-04-05T04:31:40.463Z,darari_nu,485,179
2026-04-05T04:31:40.463Z,coban3137,1183,646
2026-04-05T06:11:14.852Z,darari_nu,485,179
2026-04-05T06:11:14.852Z,coban3137,1184,647
2026-04-05T07:51:41.321Z,darari_nu,485,179
2026-04-05T07:51:41.321Z,coban3137,1184,647
2026-04-05T08:35:15.917Z,darari_nu,485,179
2026-04-05T08:35:15.917Z,coban3137,1184,647
2026-04-05T09:32:46.361Z,darari_nu,484,179
2026-04-05T09:32:46.361Z,coban3137,1184,647
2026-04-05T10:25:57.410Z,darari_nu,484,179
2026-04-05T10:25:57.410Z,coban3137,1184,647
2026-04-05T11:23:39.774Z,darari_nu,484,179
2026-04-05T11:23:39.774Z,coban3137,1184,647
2026-04-05T12:39:16.262Z,darari_nu,484,179
2026-04-05T12:39:16.262Z,coban3137,1184,647
2026-04-05T13:49:46.837Z,darari_nu,484,179
2026-04-05T13:49:46.837Z,coban3137,1184,647
2026-04-05T14:29:34.919Z,darari_nu,484,179
2026-04-05T14:29:34.919Z,coban3137,1184,647
2026-04-05T15:24:50.851Z,darari_nu,484,179
2026-04-05T15:24:50.851Z,coban3137,1184,647
2026-04-05T16:27:54.010Z,darari_nu,484,179
2026-04-05T16:27:54.010Z,coban3137,1184,647
2026-04-05T17:24:12.772Z,darari_nu,484,179
2026-04-05T17:24:12.772Z,coban3137,1184,647
2026-04-05T18:32:23.078Z,darari_nu,484,179
2026-04-05T18:32:23.078Z,coban3137,1185,647
2026-04-05T19:29:18.211Z,darari_nu,484,179
2026-04-05T19:29:18.211Z,coban3137,1185,647
2026-04-05T20:24:36.424Z,darari_nu,484,179
2026-04-05T20:24:36.424Z,coban3137,1185,647
2026-04-05T21:24:39.424Z,darari_nu,485,179
2026-04-05T21:24:39.424Z,coban3137,1185,647
2026-04-05T22:22:38.788Z,darari_nu,485,179
2026-04-05T22:22:38.788Z,coban3137,1185,647
2026-04-05T23:26:52.026Z,darari_nu,485,179
2026-04-05T23:26:52.026Z,coban3137,1185,647
2026-04-06T01:48:29.424Z,darari_nu,485,179
2026-04-06T01:48:29.424Z,coban3137,1185,647
2026-04-06T04:39:19.387Z,darari_nu,485,179
2026-04-06T04:39:19.387Z,coban3137,1186,647
2026-04-06T06:27:02.312Z,darari_nu,485,179
2026-04-06T06:27:02.312Z,coban3137,1186,647
2026-04-06T08:19:46.205Z,darari_nu,485,179
2026-04-06T08:19:46.205Z,coban3137,1186,647
2026-04-06T10:02:13.362Z,darari_nu,486,179
2026-04-06T10:02:13.362Z,coban3137,1187,647
2026-04-06T11:42:32.739Z,darari_nu,486,179
2026-04-06T11:42:32.739Z,coban3137,1187,647
2026-04-06T12:53:17.461Z,darari_nu,486,179
2026-04-06T12:53:17.461Z,coban3137,1186,647
2026-04-06T14:07:43.854Z,darari_nu,486,179
2026-04-06T14:07:43.854Z,coban3137,1186,647
2026-04-06T15:39:37.526Z,darari_nu,486,179
2026-04-06T15:39:37.526Z,coban3137,1186,647
2026-04-06T16:38:18.312Z,darari_nu,486,179
2026-04-06T16:38:18.312Z,coban3137,1187,647
2026-04-06T17:38:53.168Z,darari_nu,486,179
2026-04-06T17:38:53.168Z,coban3137,1187,647
2026-04-06T18:45:56.836Z,darari_nu,486,179
2026-04-06T18:45:56.836Z,coban3137,1188,647
2026-04-06T19:47:17.649Z,darari_nu,486,179
2026-04-06T19:47:17.649Z,coban3137,1188,647
2026-04-06T20:31:29.069Z,darari_nu,486,179
2026-04-06T20:31:29.069Z,coban3137,1188,647
2026-04-06T21:31:41.534Z,darari_nu,486,179
2026-04-06T21:31:41.534Z,coban3137,1189,647
2026-04-06T22:28:27.062Z,darari_nu,486,179
2026-04-06T22:28:27.062Z,coban3137,1190,647
2026-04-06T23:28:49.205Z,darari_nu,486,179
2026-04-06T23:28:49.205Z,coban3137,1192,649
2026-04-07T01:45:45.089Z,darari_nu,486,179
2026-04-07T01:45:45.089Z,coban3137,1192,650
2026-04-07T04:28:15.730Z,darari_nu,486,179
2026-04-07T04:28:15.730Z,coban3137,1193,650
2026-04-07T06:15:38.439Z,darari_nu,486,179
2026-04-07T06:15:38.439Z,coban3137,1194,650
2026-04-07T08:07:34.586Z,darari_nu,486,179
2026-04-07T08:07:34.586Z,coban3137,1195,650
2026-04-07T10:01:47.448Z,darari_nu,486,179
2026-04-07T10:01:47.448Z,coban3137,1195,650
2026-04-07T11:47:08.777Z,darari_nu,486,179
2026-04-07T11:47:08.777Z,coban3137,1196,650
2026-04-07T13:06:37.176Z,darari_nu,486,179
2026-04-07T13:06:37.176Z,coban3137,1196,650
2026-04-07T15:01:50.792Z,darari_nu,487,179
2026-04-07T15:01:50.792Z,coban3137,1197,651
2026-04-07T16:47:59.900Z,darari_nu,487,179
2026-04-07T16:47:59.900Z,coban3137,1199,651
2026-04-07T17:52:40.712Z,darari_nu,487,179
2026-04-07T17:52:40.712Z,coban3137,1199,651
2026-04-07T18:53:12.382Z,darari_nu,487,179
2026-04-07T18:53:12.382Z,coban3137,1199,651
2026-04-07T19:52:53.891Z,darari_nu,487,179
2026-04-07T19:52:53.891Z,coban3137,1199,651
2026-04-07T20:39:02.914Z,darari_nu,487,179
2026-04-07T20:39:02.914Z,coban3137,1199,651
2026-04-07T21:45:04.514Z,darari_nu,487,179
2026-04-07T21:45:04.514Z,coban3137,1200,651
2026-04-07T22:31:10.145Z,darari_nu,487,179
2026-04-07T22:31:10.145Z,coban3137,1200,651
2026-04-07T23:31:39.512Z,darari_nu,487,179
2026-04-07T23:31:39.512Z,coban3137,1201,651
2026-04-08T01:46:15.328Z,darari_nu,487,179
2026-04-08T01:46:15.328Z,coban3137,1201,651
2026-04-08T04:31:11.561Z,darari_nu,487,179
2026-04-08T04:31:11.561Z,coban3137,1201,651
2026-04-08T06:17:23.073Z,darari_nu,488,179
2026-04-08T06:17:23.073Z,coban3137,1201,651
2026-04-08T08:08:45.650Z,darari_nu,488,179
2026-04-08T08:08:45.650Z,coban3137,1203,651
2026-04-08T10:01:29.501Z,darari_nu,488,179
2026-04-08T10:01:29.501Z,coban3137,1203,655
2026-04-08T11:47:21.371Z,darari_nu,488,179
2026-04-08T11:47:21.371Z,coban3137,1203,655
2026-04-08T13:04:22.100Z,darari_nu,488,179
2026-04-08T13:04:22.100Z,coban3137,1203,655
2026-04-08T15:03:24.260Z,darari_nu,488,180
2026-04-08T15:03:24.260Z,coban3137,1204,655
2026-04-08T17:06:19.893Z,darari_nu,488,180
2026-04-08T17:06:19.893Z,coban3137,1204,655
2026-04-08T18:01:12.182Z,darari_nu,488,180
2026-04-08T18:01:12.182Z,coban3137,1204,655
2026-04-08T19:54:59.006Z,darari_nu,488,180
2026-04-08T19:54:59.006Z,coban3137,1204,655
2026-04-08T20:35:58.597Z,darari_nu,488,180
2026-04-08T20:35:58.597Z,coban3137,1204,655
2026-04-08T21:36:04.517Z,darari_nu,488,180
2026-04-08T21:36:04.517Z,coban3137,1204,655
2026-04-08T22:32:11.491Z,darari_nu,488,180
2026-04-08T22:32:11.491Z,coban3137,1204,655
2026-04-08T23:32:12.401Z,darari_nu,488,180
2026-04-08T23:32:12.401Z,coban3137,1204,655
2026-04-09T01:25:30.287Z,darari_nu,488,180
2026-04-09T01:25:30.287Z,coban3137,1205,655
2026-04-09T04:27:54.552Z,darari_nu,488,180
2026-04-09T04:27:54.552Z,coban3137,1205,657
2026-04-09T06:16:58.250Z,darari_nu,488,180
2026-04-09T06:16:58.250Z,coban3137,1205,657
2026-04-09T08:15:16.347Z,darari_nu,488,180
2026-04-09T08:15:16.347Z,coban3137,1205,657
2026-04-09T10:06:24.026Z,darari_nu,488,180
2026-04-09T10:06:24.026Z,coban3137,1206,657
2026-04-09T11:49:00.319Z,darari_nu,488,180
2026-04-09T11:49:00.319Z,coban3137,1206,657
2026-04-09T13:04:52.669Z,darari_nu,488,180
2026-04-09T13:04:52.669Z,coban3137,1206,657
2026-04-09T15:15:43.065Z,darari_nu,487,180
2026-04-09T15:15:43.065Z,coban3137,1206,657
2026-04-09T16:59:26.479Z,darari_nu,487,180
2026-04-09T16:59:26.479Z,coban3137,1206,657
2026-04-09T18:00:43.486Z,darari_nu,487,180
2026-04-09T18:00:43.486Z,coban3137,1206,657
2026-04-09T19:59:41.051Z,darari_nu,487,180
2026-04-09T19:59:41.051Z,coban3137,1207,657
2026-04-09T20:56:32.309Z,darari_nu,487,180
2026-04-09T20:56:32.309Z,coban3137,1207,657
2026-04-09T21:41:30.045Z,darari_nu,487,180
2026-04-09T21:41:30.045Z,coban3137,1207,657
2026-04-09T22:34:11.436Z,darari_nu,488,180
2026-04-09T22:34:11.436Z,coban3137,1207,657
2026-04-09T23:38:18.997Z,darari_nu,488,180
2026-04-09T23:38:18.997Z,coban3137,1207,657
2026-04-10T01:49:17.525Z,darari_nu,488,180
2026-04-10T01:49:17.525Z,coban3137,1207,657
2026-04-10T04:41:45.761Z,darari_nu,488,180
2026-04-10T04:41:45.761Z,coban3137,1207,657
2026-04-10T06:33:15.738Z,darari_nu,488,180
2026-04-10T06:33:15.738Z,coban3137,1207,657
2026-04-10T08:18:12.294Z,darari_nu,488,180
2026-04-10T08:18:12.294Z,coban3137,1207,657
2026-04-10T10:02:59.408Z,darari_nu,488,180
2026-04-10T10:02:59.408Z,coban3137,1207,657
2026-04-10T11:41:43.869Z,darari_nu,488,180
2026-04-10T11:41:43.869Z,coban3137,1207,657
2026-04-10T12:52:23.117Z,darari_nu,489,180
2026-04-10T12:52:23.117Z,coban3137,1208,657
2026-04-10T14:14:01.495Z,darari_nu,490,180
2026-04-10T14:14:01.495Z,coban3137,1208,657
2026-04-10T15:43:18.579Z,darari_nu,491,180
2026-04-10T15:43:18.579Z,coban3137,1209,657
2026-04-10T16:42:16.480Z,darari_nu,491,180
2026-04-10T16:42:16.480Z,coban3137,1210,657
2026-04-10T17:41:54.744Z,darari_nu,491,180
2026-04-10T17:41:54.744Z,coban3137,1210,657
2026-04-10T18:41:38.332Z,darari_nu,491,180
2026-04-10T18:41:38.332Z,coban3137,1210,657
2026-04-10T19:48:00.059Z,darari_nu,491,180
2026-04-10T19:48:00.059Z,coban3137,1210,657
2026-04-10T20:27:48.922Z,darari_nu,491,180
2026-04-10T20:27:48.922Z,coban3137,1210,657
2026-04-10T21:30:56.851Z,darari_nu,491,180
2026-04-10T21:30:56.851Z,coban3137,1210,657
2026-04-10T22:35:51.644Z,darari_nu,491,180
2026-04-10T22:35:51.644Z,coban3137,1210,657
2026-04-10T23:28:36.779Z,darari_nu,492,180
2026-04-10T23:28:36.779Z,coban3137,1210,657
2026-04-11T01:27:26.083Z,darari_nu,492,180
2026-04-11T01:27:26.083Z,coban3137,1210,658
2026-04-11T04:14:41.259Z,darari_nu,492,180
2026-04-11T04:14:41.259Z,coban3137,1210,659
2026-04-11T05:55:35.372Z,darari_nu,492,180
2026-04-11T05:55:35.372Z,coban3137,1211,659
2026-04-11T06:52:59.073Z,darari_nu,492,180
2026-04-11T06:52:59.073Z,coban3137,1211,659
2026-04-11T07:45:16.253Z,darari_nu,492,180
2026-04-11T07:45:16.253Z,coban3137,1211,659
2026-04-11T08:34:09.800Z,darari_nu,492,180
2026-04-11T08:34:09.800Z,coban3137,1211,659
2026-04-11T09:33:16.716Z,darari_nu,491,180
2026-04-11T09:33:16.716Z,coban3137,1210,659
2026-04-11T10:26:52.207Z,darari_nu,491,180
2026-04-11T10:26:52.207Z,coban3137,1210,659
2026-04-11T11:24:42.826Z,darari_nu,491,180
2026-04-11T11:24:42.826Z,coban3137,1210,659
2026-04-11T12:39:22.523Z,darari_nu,491,180
2026-04-11T12:39:22.523Z,coban3137,1210,659
2026-04-11T13:50:23.891Z,darari_nu,491,180
2026-04-11T13:50:23.891Z,coban3137,1210,659
2026-04-11T14:30:56.798Z,darari_nu,491,180
2026-04-11T14:30:56.798Z,coban3137,1210,659
2026-04-11T15:26:41.278Z,darari_nu,491,180
2026-04-11T15:26:41.278Z,coban3137,1210,659
2026-04-11T16:28:10.543Z,darari_nu,491,180
2026-04-11T16:28:10.543Z,coban3137,1210,659
2026-04-11T17:25:21.371Z,darari_nu,491,180
2026-04-11T17:25:21.371Z,coban3137,1210,659
2026-04-11T18:33:18.221Z,darari_nu,491,180
2026-04-11T18:33:18.221Z,coban3137,1210,659
2026-04-11T19:30:12.974Z,darari_nu,491,180
2026-04-11T19:30:12.974Z,coban3137,1210,659
2026-04-11T20:24:00.997Z,darari_nu,491,180
2026-04-11T20:24:00.997Z,coban3137,1210,659
2026-04-11T21:25:25.175Z,darari_nu,491,180
2026-04-11T21:25:25.175Z,coban3137,1210,659
2026-04-11T22:24:19.865Z,darari_nu,491,180
2026-04-11T22:24:19.865Z,coban3137,1210,659
2026-04-11T23:26:06.268Z,darari_nu,491,180
2026-04-11T23:26:06.268Z,coban3137,1210,659
2026-04-12T01:51:44.738Z,darari_nu,490,180
2026-04-12T01:51:44.738Z,coban3137,1210,659
2026-04-12T04:42:09.064Z,darari_nu,490,180
2026-04-12T04:42:09.064Z,coban3137,1210,659
2026-04-12T06:20:33.964Z,darari_nu,490,180
2026-04-12T06:20:33.964Z,coban3137,1210,659
2026-04-12T07:59:22.275Z,darari_nu,490,180
2026-04-12T07:59:22.275Z,coban3137,1210,659
2026-04-12T08:54:06.558Z,darari_nu,490,180
2026-04-12T08:54:06.558Z,coban3137,1210,659
2026-04-12T09:39:14.462Z,darari_nu,490,180
2026-04-12T09:39:14.462Z,coban3137,1210,659
2026-04-12T10:32:07.267Z,darari_nu,490,180
2026-04-12T10:32:07.267Z,coban3137,1210,659
2026-04-12T11:28:42.986Z,darari_nu,490,180
2026-04-12T11:28:42.986Z,coban3137,1210,659
2026-04-12T12:42:45.993Z,darari_nu,490,180
2026-04-12T12:42:45.993Z,coban3137,1210,659
2026-04-12T13:56:03.973Z,darari_nu,492,181
2026-04-12T13:56:03.973Z,coban3137,1210,659
2026-04-12T14:36:38.324Z,darari_nu,492,181
2026-04-12T14:36:38.324Z,coban3137,1210,659
2026-04-12T15:29:59.547Z,darari_nu,492,181
2026-04-12T15:29:59.547Z,coban3137,1210,659
2026-04-12T16:29:35.614Z,darari_nu,493,182
2026-04-12T16:29:35.614Z,coban3137,1210,659
2026-04-12T17:28:22.659Z,darari_nu,496,183
2026-04-12T17:28:22.659Z,coban3137,1210,659
2026-04-12T18:36:38.001Z,darari_nu,497,183
2026-04-12T18:36:38.001Z,coban3137,1210,659
2026-04-12T19:34:31.405Z,darari_nu,498,183
2026-04-12T19:34:31.405Z,coban3137,1210,659
2026-04-12T20:27:39.877Z,darari_nu,501,183
2026-04-12T20:27:39.877Z,coban3137,1210,659
2026-04-12T21:26:57.117Z,darari_nu,501,183
2026-04-12T21:26:57.117Z,coban3137,1210,659
2026-04-12T22:26:19.925Z,darari_nu,501,183
2026-04-12T22:26:19.925Z,coban3137,1210,659
2026-04-12T23:27:34.185Z,darari_nu,501,186
2026-04-12T23:27:34.185Z,coban3137,1210,659
2026-04-13T01:56:54.513Z,darari_nu,504,189
2026-04-13T01:56:54.513Z,coban3137,1210,659
2026-04-13T04:55:54.775Z,darari_nu,506,189
2026-04-13T04:55:54.775Z,coban3137,1210,659
2026-04-13T07:11:25.430Z,darari_nu,512,194
2026-04-13T07:11:25.430Z,coban3137,1210,659
2026-04-13T09:29:46.736Z,darari_nu,516,194
2026-04-13T09:29:46.736Z,coban3137,1210,659
2026-04-13T11:24:33.451Z,darari_nu,516,194
2026-04-13T11:24:33.451Z,coban3137,1210,659
2026-04-13T13:10:28.453Z,darari_nu,517,198
2026-04-13T13:10:28.453Z,coban3137,1210,659
2026-04-13T15:10:15.281Z,darari_nu,518,198
2026-04-13T15:10:15.281Z,coban3137,1210,659
2026-04-13T16:56:22.863Z,darari_nu,518,198
2026-04-13T16:56:22.863Z,coban3137,1211,659
2026-04-13T17:57:01.849Z,darari_nu,520,198
2026-04-13T17:57:01.849Z,coban3137,1211,659
2026-04-13T19:09:41.477Z,darari_nu,522,198
2026-04-13T19:09:41.477Z,coban3137,1211,659
2026-04-13T20:45:17.059Z,darari_nu,525,198
2026-04-13T20:45:17.059Z,coban3137,1211,659
2026-04-13T21:41:12.347Z,darari_nu,527,198
2026-04-13T21:41:12.347Z,coban3137,1211,659
2026-04-13T22:37:35.531Z,darari_nu,528,198
2026-04-13T22:37:35.531Z,coban3137,1212,659
2026-04-13T23:36:21.535Z,darari_nu,528,198
2026-04-13T23:36:21.535Z,coban3137,1212,659
2026-04-14T01:51:45.583Z,darari_nu,531,205
2026-04-14T01:51:45.583Z,coban3137,1212,659
2026-04-14T04:40:37.353Z,darari_nu,531,205
2026-04-14T04:40:37.353Z,coban3137,1212,659
2026-04-14T06:27:36.032Z,darari_nu,531,205
2026-04-14T06:27:36.032Z,coban3137,1212,659
2026-04-14T08:23:04.441Z,darari_nu,532,207
2026-04-14T08:23:04.441Z,coban3137,1212,659
2026-04-14T10:09:24.603Z,darari_nu,533,208
2026-04-14T10:09:24.603Z,coban3137,1212,660
2026-04-14T11:53:58.497Z,darari_nu,534,208
2026-04-14T11:53:58.497Z,coban3137,1212,661
2026-04-14T13:07:34.394Z,darari_nu,535,210
2026-04-14T13:07:34.394Z,coban3137,1212,661
2026-04-14T15:08:02.900Z,darari_nu,536,210
2026-04-14T15:08:02.900Z,coban3137,1211,661
2026-04-14T17:09:10.274Z,darari_nu,537,210
2026-04-14T17:09:10.274Z,coban3137,1211,661
2026-04-14T18:04:26.078Z,darari_nu,538,210
2026-04-14T18:04:26.078Z,coban3137,1211,661
2026-04-14T20:07:16.621Z,darari_nu,542,210
2026-04-14T20:07:16.621Z,coban3137,1211,661
2026-04-14T21:43:35.668Z,darari_nu,542,210
2026-04-14T21:43:35.668Z,coban3137,1211,661
2026-04-14T22:38:53.644Z,darari_nu,543,214
2026-04-14T22:38:53.644Z,coban3137,1211,661
2026-04-14T23:36:49.003Z,darari_nu,544,214
2026-04-14T23:36:49.003Z,coban3137,1211,661
2026-04-15T01:47:57.348Z,darari_nu,545,214
2026-04-15T01:47:57.348Z,coban3137,1211,661
2026-04-15T04:40:47.897Z,darari_nu,545,214
2026-04-15T04:40:47.897Z,coban3137,1211,661
2026-04-15T06:29:14.082Z,darari_nu,546,214
2026-04-15T06:29:14.082Z,coban3137,1211,661
2026-04-15T08:24:04.456Z,darari_nu,546,216
2026-04-15T08:24:04.456Z,coban3137,1211,661
2026-04-15T10:10:49.238Z,darari_nu,547,216
2026-04-15T10:10:49.238Z,coban3137,1212,661
2026-04-15T11:51:23.483Z,darari_nu,547,216
2026-04-15T11:51:23.483Z,coban3137,1212,661
2026-04-15T13:05:58.384Z,darari_nu,547,216
2026-04-15T13:05:58.384Z,coban3137,1212,661
2026-04-15T15:01:08.124Z,darari_nu,547,216
2026-04-15T15:01:08.124Z,coban3137,1212,661
2026-04-15T16:54:54.391Z,darari_nu,547,216
2026-04-15T16:54:54.391Z,coban3137,1212,661
2026-04-15T18:01:18.129Z,darari_nu,547,216
2026-04-15T18:01:18.129Z,coban3137,1212,661
2026-04-15T19:58:53.580Z,darari_nu,547,216
2026-04-15T19:58:53.580Z,coban3137,1212,661
2026-04-15T20:52:26.846Z,darari_nu,547,216
2026-04-15T20:52:26.846Z,coban3137,1212,661
2026-04-15T21:44:38.607Z,darari_nu,547,216
2026-04-15T21:44:38.607Z,coban3137,1212,661
2026-04-15T22:35:52.866Z,darari_nu,547,216
2026-04-15T22:35:52.866Z,coban3137,1212,661
2026-04-15T23:36:02.207Z,darari_nu,548,216
2026-04-15T23:36:02.207Z,coban3137,1212,661
2026-04-16T01:56:18.004Z,darari_nu,548,216
2026-04-16T01:56:18.004Z,coban3137,1211,660
2026-04-16T04:48:19.676Z,darari_nu,548,216
2026-04-16T04:48:19.676Z,coban3137,1211,660
2026-04-16T06:53:40.374Z,darari_nu,550,216
2026-04-16T06:53:40.374Z,coban3137,1210,660
2026-04-16T08:24:35.805Z,darari_nu,550,216
2026-04-16T08:24:35.805Z,coban3137,1210,660
2026-04-16T10:10:09.767Z,darari_nu,550,216
2026-04-16T10:10:09.767Z,coban3137,1210,660
2026-04-16T11:54:33.885Z,darari_nu,0,0
2026-04-16T11:54:33.885Z,coban3137,0,0
2026-04-16T13:26:42.998Z,darari_nu,551,217
2026-04-16T13:26:42.998Z,coban3137,1210,660
2026-04-16T15:21:02.501Z,darari_nu,551,217
2026-04-16T15:21:02.501Z,coban3137,1211,660
2026-04-16T17:05:48.869Z,darari_nu,551,217
2026-04-16T17:05:48.869Z,coban3137,1211,660
2026-04-16T19:01:49.403Z,darari_nu,551,217
2026-04-16T19:01:49.403Z,coban3137,1211,660
2026-04-16T20:41:01.351Z,darari_nu,551,217
2026-04-16T20:41:01.351Z,coban3137,1211,660
2026-04-16T21:36:45.567Z,darari_nu,551,217
2026-04-16T21:36:45.567Z,coban3137,1211,660
2026-04-16T22:32:50.239Z,darari_nu,551,217
2026-04-16T22:32:50.239Z,coban3137,1211,660
2026-04-16T23:37:56.025Z,darari_nu,551,217
2026-04-16T23:37:56.025Z,coban3137,1211,660
2026-04-17T01:52:01.141Z,darari_nu,551,217
2026-04-17T01:52:01.141Z,coban3137,1211,660
2026-04-17T04:44:13.027Z,darari_nu,552,217
2026-04-17T04:44:13.027Z,coban3137,1211,660
2026-04-17T06:54:09.875Z,darari_nu,552,217
2026-04-17T06:54:09.875Z,coban3137,1212,660
2026-04-17T08:23:26.399Z,darari_nu,552,217
2026-04-17T08:23:26.399Z,coban3137,1212,660
2026-04-17T10:07:49.282Z,darari_nu,552,217
2026-04-17T10:07:49.282Z,coban3137,1212,660
2026-04-17T11:44:08.120Z,darari_nu,552,217
2026-04-17T11:44:08.120Z,coban3137,1212,660
2026-04-17T13:00:28.293Z,darari_nu,552,217
2026-04-17T13:00:28.293Z,coban3137,1212,660
2026-04-17T14:23:07.210Z,darari_nu,552,217
2026-04-17T14:23:07.210Z,coban3137,1212,660
2026-04-17T15:53:13.717Z,darari_nu,552,217
2026-04-17T15:53:13.717Z,coban3137,1213,660
2026-04-17T16:46:22.014Z,darari_nu,552,217
2026-04-17T16:46:22.014Z,coban3137,1213,660
2026-04-17T17:42:26.579Z,darari_nu,552,217
2026-04-17T17:42:26.579Z,coban3137,1213,660
2026-04-17T18:47:16.023Z,darari_nu,552,217
2026-04-17T18:47:16.023Z,coban3137,1213,660
2026-04-17T19:53:50.144Z,darari_nu,552,217
2026-04-17T19:53:50.144Z,coban3137,1214,660
2026-04-17T20:37:42.437Z,darari_nu,552,217
2026-04-17T20:37:42.437Z,coban3137,1214,660
2026-04-17T21:35:47.123Z,darari_nu,552,217
2026-04-17T21:35:47.123Z,coban3137,1214,660
2026-04-17T22:30:51.402Z,darari_nu,553,217
2026-04-17T22:30:51.402Z,coban3137,1214,660
2026-04-17T23:32:45.626Z,darari_nu,553,217
2026-04-17T23:32:45.626Z,coban3137,1214,660
2026-04-18T01:30:11.887Z,darari_nu,553,217
2026-04-18T01:30:11.887Z,coban3137,1214,660
2026-04-18T04:26:26.858Z,darari_nu,553,217
2026-04-18T04:26:26.858Z,coban3137,1214,660
2026-04-18T06:09:14.859Z,darari_nu,553,217
2026-04-18T06:09:14.859Z,coban3137,1214,660
2026-04-18T07:55:53.980Z,darari_nu,553,217
2026-04-18T07:55:53.980Z,coban3137,1214,660
2026-04-18T08:41:09.891Z,darari_nu,553,217
2026-04-18T08:41:09.891Z,coban3137,1214,660
2026-04-18T09:40:54.029Z,darari_nu,554,217
2026-04-18T09:40:54.029Z,coban3137,1214,660
2026-04-18T10:33:45.779Z,darari_nu,554,217
2026-04-18T10:33:45.779Z,coban3137,1214,660
2026-04-18T11:29:30.985Z,darari_nu,555,217
2026-04-18T11:29:30.985Z,coban3137,1214,660
2026-04-18T12:43:00.889Z,darari_nu,555,217
2026-04-18T12:43:00.889Z,coban3137,1214,660
2026-04-18T13:57:17.180Z,darari_nu,555,218
2026-04-18T13:57:17.180Z,coban3137,1214,660
2026-04-18T14:37:59.557Z,darari_nu,555,218
2026-04-18T14:37:59.557Z,coban3137,1214,660
2026-04-18T15:31:27.794Z,darari_nu,555,218
2026-04-18T15:31:27.794Z,coban3137,1214,660
2026-04-18T16:30:11.936Z,darari_nu,555,218
2026-04-18T16:30:11.936Z,coban3137,1214,661
2026-04-18T17:30:33.157Z,darari_nu,555,218
2026-04-18T17:30:33.157Z,coban3137,1215,661
2026-04-18T18:36:32.117Z,darari_nu,555,218
2026-04-18T18:36:32.117Z,coban3137,1216,661
2026-04-18T19:36:26.540Z,darari_nu,555,218
2026-04-18T19:36:26.540Z,coban3137,1216,661
2026-04-18T20:28:00.688Z,darari_nu,555,218
2026-04-18T20:28:00.688Z,coban3137,1216,661
2026-04-18T21:27:14.434Z,darari_nu,555,218
2026-04-18T21:27:14.434Z,coban3137,1216,661
2026-04-18T22:26:26.751Z,darari_nu,555,218
2026-04-18T22:26:26.751Z,coban3137,1216,661
2026-04-18T23:27:39.178Z,darari_nu,555,218
2026-04-18T23:27:39.178Z,coban3137,1216,661
2026-04-19T01:55:46.897Z,darari_nu,555,218
2026-04-19T01:55:46.897Z,coban3137,1216,661
2026-04-19T04:47:09.910Z,darari_nu,556,218
2026-04-19T04:47:09.910Z,coban3137,1216,662
2026-04-19T06:26:02.842Z,darari_nu,556,218
2026-04-19T06:26:02.842Z,coban3137,1216,662
2026-04-19T08:02:51.333Z,darari_nu,556,218
2026-04-19T08:02:51.333Z,coban3137,1216,662
2026-04-19T09:40:33.442Z,darari_nu,556,218
2026-04-19T09:40:33.442Z,coban3137,1214,662
2026-04-19T10:32:44.065Z,darari_nu,556,218
2026-04-19T10:32:44.065Z,coban3137,1214,662
2026-04-19T11:29:22.677Z,darari_nu,556,218
2026-04-19T11:29:22.677Z,coban3137,1214,662
2026-04-19T12:42:26.630Z,darari_nu,556,218
2026-04-19T12:42:26.630Z,coban3137,1214,662
2026-04-19T13:55:30.096Z,darari_nu,556,218
2026-04-19T13:55:30.096Z,coban3137,1214,662
2026-04-19T14:36:34.271Z,darari_nu,558,219
2026-04-19T14:36:34.271Z,coban3137,1215,662
2026-04-19T15:31:24.188Z,darari_nu,558,219
2026-04-19T15:31:24.188Z,coban3137,1215,662
2026-04-19T16:31:08.788Z,darari_nu,561,220
2026-04-19T16:31:08.788Z,coban3137,1215,662
2026-04-19T17:29:34.550Z,darari_nu,562,220
2026-04-19T17:29:34.550Z,coban3137,1215,662
2026-04-19T18:37:23.704Z,darari_nu,562,220
2026-04-19T18:37:23.704Z,coban3137,1215,662
2026-04-19T19:36:39.980Z,darari_nu,564,220
2026-04-19T19:36:39.980Z,coban3137,1215,662
2026-04-19T20:29:11.981Z,darari_nu,566,220
2026-04-19T20:29:11.981Z,coban3137,1216,662
2026-04-19T21:28:23.563Z,darari_nu,566,220
2026-04-19T21:28:23.563Z,coban3137,1216,662
2026-04-19T22:27:29.009Z,darari_nu,566,222
2026-04-19T22:27:29.009Z,coban3137,1216,662
2026-04-19T23:29:28.742Z,darari_nu,566,222
2026-04-19T23:29:28.742Z,coban3137,1216,662
2026-04-20T01:57:19.638Z,darari_nu,567,223
2026-04-20T01:57:19.638Z,coban3137,1216,662
2026-04-20T04:56:35.358Z,darari_nu,569,225
2026-04-20T04:56:35.358Z,coban3137,1216,662
2026-04-20T07:14:03.810Z,darari_nu,573,227
2026-04-20T07:14:03.810Z,coban3137,1216,662
2026-04-20T09:51:48.171Z,darari_nu,576,231
2026-04-20T09:51:48.171Z,coban3137,1216,662
2026-04-20T11:14:49.146Z,darari_nu,578,233
2026-04-20T11:14:49.146Z,coban3137,1216,662
2026-04-20T13:11:06.668Z,darari_nu,580,234
2026-04-20T13:11:06.668Z,coban3137,1216,662
2026-04-20T15:12:14.638Z,darari_nu,587,242
2026-04-20T15:12:14.638Z,coban3137,1216,662
2026-04-20T16:57:33.237Z,darari_nu,590,242
2026-04-20T16:57:33.237Z,coban3137,1215,662
2026-04-20T17:56:07.469Z,darari_nu,590,242
2026-04-20T17:56:07.469Z,coban3137,1215,662
2026-04-20T18:57:06.414Z,darari_nu,590,242
2026-04-20T18:57:06.414Z,coban3137,1215,662
2026-04-20T19:58:38.030Z,darari_nu,590,242
2026-04-20T19:58:38.030Z,coban3137,1215,662
2026-04-20T20:48:56.472Z,darari_nu,591,242
2026-04-20T20:48:56.472Z,coban3137,1215,662
2026-04-20T21:40:13.178Z,darari_nu,591,242
2026-04-20T21:40:13.178Z,coban3137,1215,662
2026-04-20T22:36:39.401Z,darari_nu,591,242
2026-04-20T22:36:39.401Z,coban3137,1215,662
2026-04-20T23:36:27.616Z,darari_nu,592,242
2026-04-20T23:36:27.616Z,coban3137,1215,662
2026-04-21T01:52:42.959Z,darari_nu,593,243
2026-04-21T01:52:42.959Z,coban3137,1215,662
2026-04-21T04:43:49.091Z,darari_nu,593,243
2026-04-21T04:43:49.091Z,coban3137,1215,662
2026-04-21T06:54:46.220Z,darari_nu,594,243
2026-04-21T06:54:46.220Z,coban3137,1215,662
2026-04-21T08:29:02.680Z,darari_nu,596,244
2026-04-21T08:29:02.680Z,coban3137,1215,662
2026-04-21T10:14:02.396Z,darari_nu,596,245
2026-04-21T10:14:02.396Z,coban3137,1215,662
2026-04-21T11:56:02.344Z,darari_nu,596,245
2026-04-21T11:56:02.344Z,coban3137,1215,662
2026-04-21T13:09:02.799Z,darari_nu,596,246
2026-04-21T13:09:02.799Z,coban3137,1215,662
2026-04-21T15:06:34.786Z,darari_nu,597,247
2026-04-21T15:06:34.786Z,coban3137,1216,662
2026-04-21T16:51:40.989Z,darari_nu,598,248
2026-04-21T16:51:40.989Z,coban3137,1215,663
2026-04-21T17:54:50.325Z,darari_nu,598,248
2026-04-21T17:54:50.325Z,coban3137,1215,663
2026-04-21T19:01:04.118Z,darari_nu,599,248
2026-04-21T19:01:04.118Z,coban3137,1215,663
2026-04-21T20:41:43.366Z,darari_nu,600,248
2026-04-21T20:41:43.366Z,coban3137,1215,663
2026-04-21T21:38:52.441Z,darari_nu,600,248
2026-04-21T21:38:52.441Z,coban3137,1215,663
2026-04-21T22:36:25.429Z,darari_nu,600,248
2026-04-21T22:36:25.429Z,coban3137,1215,663
2026-04-21T23:30:06.613Z,darari_nu,600,248
2026-04-21T23:30:06.613Z,coban3137,1215,663
2026-04-22T01:51:50.989Z,darari_nu,603,249
2026-04-22T01:51:50.989Z,coban3137,1215,663
2026-04-22T04:42:44.344Z,darari_nu,603,249
2026-04-22T04:42:44.344Z,coban3137,1216,663
2026-04-22T06:53:43.236Z,darari_nu,605,249
2026-04-22T06:53:43.236Z,coban3137,1216,663
2026-04-22T08:26:39.499Z,darari_nu,605,249
2026-04-22T08:26:39.499Z,coban3137,1216,663
2026-04-22T10:14:09.611Z,darari_nu,605,249
2026-04-22T10:14:09.611Z,coban3137,1216,663
2026-04-22T11:54:57.127Z,darari_nu,606,249
2026-04-22T11:54:57.127Z,coban3137,1216,663
2026-04-22T13:08:14.919Z,darari_nu,607,249
2026-04-22T13:08:14.919Z,coban3137,1216,663
2026-04-22T15:06:27.897Z,darari_nu,607,249
2026-04-22T15:06:27.897Z,coban3137,1216,663
2026-04-22T16:51:52.103Z,darari_nu,609,252
2026-04-22T16:51:52.103Z,coban3137,1215,663
2026-04-22T17:54:55.044Z,darari_nu,609,252
2026-04-22T17:54:55.044Z,coban3137,1215,663
2026-04-22T19:03:16.490Z,darari_nu,609,252
2026-04-22T19:03:16.490Z,coban3137,1215,663
2026-04-22T20:44:41.785Z,darari_nu,609,252
2026-04-22T20:44:41.785Z,coban3137,1215,663
2026-04-22T21:44:09.391Z,darari_nu,609,252
2026-04-22T21:44:09.391Z,coban3137,1214,663
2026-04-22T22:40:27.424Z,darari_nu,609,253
2026-04-22T22:40:27.424Z,coban3137,1214,663
2026-04-22T23:40:19.882Z,darari_nu,609,253
2026-04-22T23:40:19.882Z,coban3137,1214,663
2026-04-23T01:55:50.499Z,darari_nu,610,253
2026-04-23T01:55:50.499Z,coban3137,1213,662
2026-04-23T04:46:48.155Z,darari_nu,611,253
2026-04-23T04:46:48.155Z,coban3137,1213,662
2026-04-23T06:58:11.902Z,darari_nu,611,254
2026-04-23T06:58:11.902Z,coban3137,1213,662
2026-04-23T08:52:44.506Z,darari_nu,611,254
2026-04-23T08:52:44.506Z,coban3137,1213,662
2026-04-23T10:17:34.103Z,darari_nu,612,254
2026-04-23T10:17:34.103Z,coban3137,1213,662
2026-04-23T11:55:50.806Z,darari_nu,613,254
2026-04-23T11:55:50.806Z,coban3137,1213,662
2026-04-23T13:09:13.420Z,darari_nu,614,254
2026-04-23T13:09:13.420Z,coban3137,1213,662
2026-04-23T15:46:26.374Z,darari_nu,614,254
2026-04-23T15:46:26.374Z,coban3137,1213,662
2026-04-23T17:11:59.853Z,darari_nu,615,254
2026-04-23T17:11:59.853Z,coban3137,1214,663
2026-04-23T18:58:36.565Z,darari_nu,615,254
2026-04-23T18:58:36.565Z,coban3137,1214,663
2026-04-23T20:06:44.072Z,darari_nu,615,254
2026-04-23T20:06:44.072Z,coban3137,1214,663
2026-04-23T21:38:57.755Z,darari_nu,615,254
2026-04-23T21:38:57.755Z,coban3137,1214,663
2026-04-23T22:36:39.213Z,darari_nu,616,254
2026-04-23T22:36:39.213Z,coban3137,1214,663
2026-04-23T23:38:21.951Z,darari_nu,616,254
2026-04-23T23:38:21.951Z,coban3137,1213,663
2026-04-24T01:56:02.774Z,darari_nu,616,255
2026-04-24T01:56:02.774Z,coban3137,1213,663
2026-04-24T04:51:10.145Z,darari_nu,616,255
2026-04-24T04:51:10.145Z,coban3137,1213,663
2026-04-24T07:01:52.619Z,darari_nu,616,255
2026-04-24T07:01:52.619Z,coban3137,1214,663
2026-04-24T09:24:00.361Z,darari_nu,616,255
2026-04-24T09:24:00.361Z,coban3137,1214,663
2026-04-24T11:00:03.759Z,darari_nu,616,255
2026-04-24T11:00:03.759Z,coban3137,1216,663
2026-04-24T12:00:55.595Z,darari_nu,616,255
2026-04-24T12:00:55.595Z,coban3137,1216,663
2026-04-24T14:29:00.252Z,darari_nu,616,255
2026-04-24T14:29:00.252Z,coban3137,1216,664
2026-04-24T16:00:09.129Z,darari_nu,618,255
2026-04-24T16:00:09.129Z,coban3137,1216,663
2026-04-24T17:04:08.382Z,darari_nu,619,255
2026-04-24T17:04:08.382Z,coban3137,1216,663
2026-04-24T18:43:04.736Z,darari_nu,619,255
2026-04-24T18:43:04.736Z,coban3137,1216,664
2026-04-24T19:45:39.589Z,darari_nu,620,255
2026-04-24T19:45:39.589Z,coban3137,1216,664
2026-04-24T20:38:59.267Z,darari_nu,620,255
2026-04-24T20:38:59.267Z,coban3137,1216,664
2026-04-24T21:40:53.178Z,darari_nu,620,255
2026-04-24T21:40:53.178Z,coban3137,1216,664
2026-04-24T22:33:53.349Z,darari_nu,620,255
2026-04-24T22:33:53.349Z,coban3137,1216,664
2026-04-24T23:34:20.937Z,darari_nu,620,255
2026-04-24T23:34:20.937Z,coban3137,1216,664
2026-04-25T01:46:18.622Z,darari_nu,620,255
2026-04-25T01:46:18.622Z,coban3137,1216,664
2026-04-25T04:30:54.968Z,darari_nu,620,255
2026-04-25T04:30:54.968Z,coban3137,1216,664
2026-04-25T06:17:11.239Z,darari_nu,620,255
2026-04-25T06:17:11.239Z,coban3137,1216,664
2026-04-25T08:01:30.798Z,darari_nu,620,256
2026-04-25T08:01:30.798Z,coban3137,1217,664
2026-04-25T09:44:11.700Z,darari_nu,620,256
2026-04-25T09:44:11.700Z,coban3137,1217,664
2026-04-25T10:37:02.218Z,darari_nu,620,256
2026-04-25T10:37:02.218Z,coban3137,1217,664
2026-04-25T11:33:36.066Z,darari_nu,620,256
2026-04-25T11:33:36.066Z,coban3137,1217,664
2026-04-25T12:44:14.555Z,darari_nu,620,256
2026-04-25T12:44:14.555Z,coban3137,1217,664
2026-04-25T13:59:32.434Z,darari_nu,620,256
2026-04-25T13:59:32.434Z,coban3137,1218,664
2026-04-25T14:45:45.566Z,darari_nu,622,256
2026-04-25T14:45:45.566Z,coban3137,1219,664
2026-04-25T15:33:59.525Z,darari_nu,623,256
2026-04-25T15:33:59.525Z,coban3137,1219,664
2026-04-25T16:33:08.634Z,darari_nu,623,257
2026-04-25T16:33:08.634Z,coban3137,1219,665
2026-04-25T17:32:37.004Z,darari_nu,623,257
2026-04-25T17:32:37.004Z,coban3137,1219,665
2026-04-25T18:39:00.090Z,darari_nu,624,257
2026-04-25T18:39:00.090Z,coban3137,1219,665
2026-04-25T19:39:26.845Z,darari_nu,624,257
2026-04-25T19:39:26.845Z,coban3137,1219,665
2026-04-25T20:30:58.303Z,darari_nu,624,257
2026-04-25T20:30:58.303Z,coban3137,1219,665
2026-04-25T21:29:55.744Z,darari_nu,624,257
2026-04-25T21:29:55.744Z,coban3137,1219,665
2026-04-25T22:28:25.841Z,darari_nu,625,257
2026-04-25T22:28:25.841Z,coban3137,1219,665
2026-04-25T23:30:34.059Z,darari_nu,625,257
2026-04-25T23:30:34.059Z,coban3137,1219,665
2026-04-26T01:58:54.333Z,darari_nu,625,257
2026-04-26T01:58:54.333Z,coban3137,1219,665
2026-04-26T05:13:17.726Z,darari_nu,626,257
2026-04-26T05:13:17.726Z,coban3137,1219,665
2026-04-26T07:18:33.591Z,darari_nu,626,257
2026-04-26T07:18:33.591Z,coban3137,1219,665
2026-04-26T08:51:42.229Z,darari_nu,626,257
2026-04-26T08:51:42.229Z,coban3137,1219,665
2026-04-26T09:46:06.018Z,darari_nu,626,257
2026-04-26T09:46:06.018Z,coban3137,1219,665
2026-04-26T10:38:44.833Z,darari_nu,626,257
2026-04-26T10:38:44.833Z,coban3137,1220,665
2026-04-26T11:34:24.864Z,darari_nu,626,257
2026-04-26T11:34:24.864Z,coban3137,1221,665
2026-04-26T12:46:35.790Z,darari_nu,626,257
2026-04-26T12:46:35.790Z,coban3137,1221,665
2026-04-26T14:01:01.550Z,darari_nu,626,257
2026-04-26T14:01:01.550Z,coban3137,1221,665
2026-04-26T15:36:18.507Z,darari_nu,626,257
2026-04-26T15:36:18.507Z,coban3137,1221,665
2026-04-26T16:34:18.787Z,darari_nu,626,257
2026-04-26T16:34:18.787Z,coban3137,1221,665
2026-04-26T17:33:05.764Z,darari_nu,626,257
2026-04-26T17:33:05.764Z,coban3137,1221,665
2026-04-26T18:40:23.580Z,darari_nu,626,257
2026-04-26T18:40:23.580Z,coban3137,1221,665
2026-04-26T19:40:58.702Z,darari_nu,626,257
2026-04-26T19:40:58.702Z,coban3137,1221,665
2026-04-26T20:30:48.061Z,darari_nu,626,257
2026-04-26T20:30:48.061Z,coban3137,1221,665
2026-04-26T21:31:10.204Z,darari_nu,626,257
2026-04-26T21:31:10.204Z,coban3137,1221,665
2026-04-26T22:30:20.376Z,darari_nu,626,257
2026-04-26T22:30:20.376Z,coban3137,1221,665
2026-04-26T23:32:24.293Z,darari_nu,626,257
2026-04-26T23:32:24.293Z,coban3137,1221,665
2026-04-27T02:01:56.054Z,darari_nu,625,256
2026-04-27T02:01:56.054Z,coban3137,1219,664
2026-04-27T05:46:43.634Z,darari_nu,625,256
2026-04-27T05:46:43.634Z,coban3137,1219,664
2026-04-27T08:08:46.725Z,darari_nu,625,256
2026-04-27T08:08:46.725Z,coban3137,1219,664
2026-04-27T10:55:07.414Z,darari_nu,625,256
2026-04-27T10:55:07.414Z,coban3137,1219,664
2026-04-27T12:17:55.680Z,darari_nu,625,256
2026-04-27T12:17:55.680Z,coban3137,1219,664
2026-04-27T15:00:07.104Z,darari_nu,625,257
2026-04-27T15:00:07.104Z,coban3137,1219,664
2026-04-27T16:44:44.779Z,darari_nu,625,257
2026-04-27T16:44:44.779Z,coban3137,1219,664
2026-04-27T18:02:02.542Z,darari_nu,625,257
2026-04-27T18:02:02.542Z,coban3137,1219,664
2026-04-27T20:05:03.662Z,darari_nu,625,257
2026-04-27T20:05:03.662Z,coban3137,1219,664
2026-04-27T21:49:12.025Z,darari_nu,625,257
2026-04-27T21:49:12.025Z,coban3137,1219,664
2026-04-27T22:42:52.275Z,darari_nu,626,257
2026-04-27T22:42:52.275Z,coban3137,1219,664
2026-04-27T23:44:39.195Z,darari_nu,626,257
2026-04-27T23:44:39.195Z,coban3137,1219,664
2026-04-28T02:08:09.621Z,darari_nu,627,257
2026-04-28T02:08:09.621Z,coban3137,1219,664
2026-04-28T05:52:05.380Z,darari_nu,628,257
2026-04-28T05:52:05.380Z,coban3137,1219,664
2026-04-28T08:10:41.244Z,darari_nu,628,257
2026-04-28T08:10:41.244Z,coban3137,1219,664
2026-04-28T10:56:57.509Z,darari_nu,628,257
2026-04-28T10:56:57.509Z,coban3137,1219,664
2026-04-28T12:22:59.476Z,darari_nu,628,257
2026-04-28T12:22:59.476Z,coban3137,1219,664
2026-04-28T15:21:57.649Z,darari_nu,628,258
2026-04-28T15:21:57.649Z,coban3137,1219,664
2026-04-28T17:41:22.745Z,darari_nu,628,258
2026-04-28T17:41:22.745Z,coban3137,1221,666
2026-04-28T19:22:59.396Z,darari_nu,628,258
2026-04-28T19:22:59.396Z,coban3137,1221,666
2026-04-28T21:01:08.354Z,darari_nu,628,258
2026-04-28T21:01:08.354Z,coban3137,1221,666
2026-04-28T22:48:47.084Z,darari_nu,628,258
2026-04-28T22:48:47.084Z,coban3137,1221,666
2026-04-28T23:46:47.029Z,darari_nu,628,258
2026-04-28T23:46:47.029Z,coban3137,1221,666
2026-04-29T02:09:29.170Z,darari_nu,629,258
2026-04-29T02:09:29.170Z,coban3137,1222,666
2026-04-29T05:47:26.418Z,darari_nu,629,258
2026-04-29T05:47:26.418Z,coban3137,1222,666
2026-04-29T08:03:38.776Z,darari_nu,629,258
2026-04-29T08:03:38.776Z,coban3137,1224,668
2026-04-29T10:48:22.650Z,darari_nu,629,258
2026-04-29T10:48:22.650Z,coban3137,1226,669
2026-04-29T12:12:38.118Z,darari_nu,629,258
2026-04-29T12:12:38.118Z,coban3137,1227,669
2026-04-29T15:05:31.440Z,darari_nu,629,258
2026-04-29T15:05:31.440Z,coban3137,1227,669
2026-04-29T17:20:19.664Z,darari_nu,630,258
2026-04-29T17:20:19.664Z,coban3137,1227,669
2026-04-29T19:12:38.888Z,darari_nu,631,258
2026-04-29T19:12:38.888Z,coban3137,1227,669
2026-04-29T20:55:49.304Z,darari_nu,631,258
2026-04-29T20:55:49.304Z,coban3137,1227,669
2026-04-29T21:54:04.727Z,darari_nu,631,258
2026-04-29T21:54:04.727Z,coban3137,1227,669
2026-04-29T22:51:00.192Z,darari_nu,632,258
2026-04-29T22:51:00.192Z,coban3137,1229,669
2026-04-29T23:46:18.161Z,darari_nu,632,258
2026-04-29T23:46:18.161Z,coban3137,1229,669
2026-04-30T02:09:40.992Z,darari_nu,632,258
2026-04-30T02:09:40.992Z,coban3137,1230,669
2026-04-30T05:51:28.496Z,darari_nu,632,258
2026-04-30T05:51:28.496Z,coban3137,1230,669
2026-04-30T08:07:24.572Z,darari_nu,632,258
2026-04-30T08:07:24.572Z,coban3137,1234,669
2026-04-30T10:48:32.159Z,darari_nu,632,258
2026-04-30T10:48:32.159Z,coban3137,1235,671
2026-04-30T12:10:04.359Z,darari_nu,632,258
2026-04-30T12:10:04.359Z,coban3137,1236,671
2026-04-30T15:02:30.462Z,darari_nu,633,258
2026-04-30T15:02:30.462Z,coban3137,1236,672
2026-04-30T17:11:23.816Z,darari_nu,633,258
2026-04-30T17:11:23.816Z,coban3137,1238,672
2026-04-30T19:08:41.355Z,darari_nu,633,258
2026-04-30T19:08:41.355Z,coban3137,1238,672
2026-04-30T20:52:48.034Z,darari_nu,633,258
2026-04-30T20:52:48.034Z,coban3137,1238,672
2026-04-30T21:51:07.071Z,darari_nu,633,258
2026-04-30T21:51:07.071Z,coban3137,1239,672
2026-04-30T22:44:01.831Z,darari_nu,633,258
2026-04-30T22:44:01.831Z,coban3137,1239,674
2026-04-30T23:44:12.101Z,darari_nu,633,258
2026-04-30T23:44:12.101Z,coban3137,1240,674
2026-05-01T02:13:25.998Z,darari_nu,633,258
2026-05-01T02:13:25.998Z,coban3137,1240,674
2026-05-01T06:09:18.705Z,darari_nu,633,258
2026-05-01T06:09:18.705Z,coban3137,1241,674
2026-05-01T08:55:09.509Z,darari_nu,633,258
2026-05-01T08:55:09.509Z,coban3137,1241,674
2026-05-01T10:18:13.059Z,darari_nu,633,258
2026-05-01T10:18:13.059Z,coban3137,1241,674
2026-05-01T11:53:11.371Z,darari_nu,633,258
2026-05-01T11:53:11.371Z,coban3137,1242,674
2026-05-01T13:00:29.919Z,darari_nu,633,258
2026-05-01T13:00:29.919Z,coban3137,1242,674
2026-05-01T14:19:22.649Z,darari_nu,633,258
2026-05-01T14:19:22.649Z,coban3137,1242,674
2026-05-01T15:49:55.573Z,darari_nu,633,258
2026-05-01T15:49:55.573Z,coban3137,1242,674
2026-05-01T16:47:34.635Z,darari_nu,633,258
2026-05-01T16:47:34.635Z,coban3137,1242,675
2026-05-01T17:52:30.028Z,darari_nu,633,258
2026-05-01T17:52:30.028Z,coban3137,1242,675
2026-05-01T19:00:15.697Z,darari_nu,633,258
2026-05-01T19:00:15.697Z,coban3137,1242,675
2026-05-01T20:08:20.926Z,darari_nu,633,258
2026-05-01T20:08:20.926Z,coban3137,1242,675
2026-05-01T21:44:46.378Z,darari_nu,634,258
2026-05-01T21:44:46.378Z,coban3137,1242,675
2026-05-01T22:42:16.485Z,darari_nu,634,258
2026-05-01T22:42:16.485Z,coban3137,1242,675
2026-05-01T23:43:47.588Z,darari_nu,634,258
2026-05-01T23:43:47.588Z,coban3137,1242,677
2026-05-02T02:00:46.222Z,darari_nu,633,258
2026-05-02T02:00:46.222Z,coban3137,1242,677
2026-05-02T05:29:55.995Z,darari_nu,633,258
2026-05-02T05:29:55.995Z,coban3137,1243,677
2026-05-02T07:21:47.766Z,darari_nu,633,258
2026-05-02T07:21:47.766Z,coban3137,1243,677
2026-05-02T08:58:35.702Z,darari_nu,633,258
2026-05-02T08:58:35.702Z,coban3137,1243,677
2026-05-02T09:58:47.590Z,darari_nu,633,258
2026-05-02T09:58:47.590Z,coban3137,1243,677
2026-05-02T10:53:28.210Z,darari_nu,634,258
2026-05-02T10:53:28.210Z,coban3137,1243,677
2026-05-02T11:39:14.700Z,darari_nu,634,258
2026-05-02T11:39:14.700Z,coban3137,1244,677
2026-05-02T12:52:09.462Z,darari_nu,634,258
2026-05-02T12:52:09.462Z,coban3137,1244,677
2026-05-02T14:06:56.908Z,darari_nu,634,258
2026-05-02T14:06:56.908Z,coban3137,1244,677
2026-05-02T15:39:37.629Z,darari_nu,634,258
2026-05-02T15:39:37.629Z,coban3137,1244,677
2026-05-02T16:38:38.120Z,darari_nu,634,258
2026-05-02T16:38:38.120Z,coban3137,1244,677
2026-05-02T17:38:23.684Z,darari_nu,634,258
2026-05-02T17:38:23.684Z,coban3137,1244,677
2026-05-02T18:45:30.461Z,darari_nu,634,258
2026-05-02T18:45:30.461Z,coban3137,1245,677
2026-05-02T19:49:23.297Z,darari_nu,634,258
2026-05-02T19:49:23.297Z,coban3137,1245,677
2026-05-02T20:33:49.852Z,darari_nu,634,258
2026-05-02T20:33:49.852Z,coban3137,1245,677
2026-05-02T21:33:29.574Z,darari_nu,634,258
2026-05-02T21:33:29.574Z,coban3137,1245,677
2026-05-02T22:32:52.159Z,darari_nu,634,258
2026-05-02T22:32:52.159Z,coban3137,1245,677
2026-05-02T23:35:56.748Z,darari_nu,634,258
2026-05-02T23:35:56.748Z,coban3137,1245,677
2026-05-03T02:05:41.159Z,darari_nu,634,258
2026-05-03T02:05:41.159Z,coban3137,1245,677
2026-05-03T05:51:33.631Z,darari_nu,633,258
2026-05-03T05:51:33.631Z,coban3137,1246,677
2026-05-03T07:50:30.414Z,darari_nu,633,258
2026-05-03T07:50:30.414Z,coban3137,1246,677
2026-05-03T09:15:47.033Z,darari_nu,633,258
2026-05-03T09:15:47.033Z,coban3137,1246,677
2026-05-03T10:47:00.541Z,darari_nu,633,258
2026-05-03T10:47:00.541Z,coban3137,1246,677
2026-05-03T11:36:50.763Z,darari_nu,633,258
2026-05-03T11:36:50.763Z,coban3137,1246,677
2026-05-03T12:52:15.229Z,darari_nu,635,258
2026-05-03T12:52:15.229Z,coban3137,1246,677
2026-05-03T14:07:50.923Z,darari_nu,635,258
2026-05-03T14:07:50.923Z,coban3137,1246,677
2026-05-03T15:39:51.855Z,darari_nu,635,258
2026-05-03T15:39:51.855Z,coban3137,1246,677
2026-05-03T16:39:42.429Z,darari_nu,635,258
2026-05-03T16:39:42.429Z,coban3137,1246,677
2026-05-03T17:40:53.451Z,darari_nu,635,258
2026-05-03T17:40:53.451Z,coban3137,1246,677
2026-05-03T18:46:37.503Z,darari_nu,635,258
2026-05-03T18:46:37.503Z,coban3137,1246,677
2026-05-03T19:49:19.607Z,darari_nu,636,258
2026-05-03T19:49:19.607Z,coban3137,1246,677
2026-05-03T20:34:43.507Z,darari_nu,636,258
2026-05-03T20:34:43.507Z,coban3137,1245,677
2026-05-03T21:34:57.872Z,darari_nu,636,258
2026-05-03T21:34:57.872Z,coban3137,1245,677
2026-05-03T22:33:28.049Z,darari_nu,636,258
2026-05-03T22:33:28.049Z,coban3137,1245,677
2026-05-03T23:37:03.108Z,darari_nu,636,258
2026-05-03T23:37:03.108Z,coban3137,1245,677
2026-05-04T02:05:17.268Z,darari_nu,637,258
2026-05-04T02:05:17.268Z,coban3137,1245,677
2026-05-04T05:56:41.088Z,darari_nu,637,258
2026-05-04T05:56:41.088Z,coban3137,1245,677
2026-05-04T08:24:25.672Z,darari_nu,637,258
2026-05-04T08:24:25.672Z,coban3137,1245,677
2026-05-04T10:58:39.496Z,darari_nu,637,258
2026-05-04T10:58:39.496Z,coban3137,1245,677
2026-05-04T12:21:08.514Z,darari_nu,637,258
2026-05-04T12:21:08.514Z,coban3137,1245,677
2026-05-04T15:06:12.223Z,darari_nu,638,258
2026-05-04T15:06:12.223Z,coban3137,1246,677
2026-05-04T17:24:34.583Z,darari_nu,638,258
2026-05-04T17:24:34.583Z,coban3137,1246,677
2026-05-04T19:17:23.237Z,darari_nu,638,258
2026-05-04T19:17:23.237Z,coban3137,1246,677
2026-05-04T21:00:32.796Z,darari_nu,639,258
2026-05-04T21:00:32.796Z,coban3137,1246,677
2026-05-04T22:07:49.938Z,darari_nu,639,258
2026-05-04T22:07:49.938Z,coban3137,1246,677
2026-05-04T23:45:14.374Z,darari_nu,639,258
2026-05-04T23:45:14.374Z,coban3137,1246,677
2026-05-05T02:04:44.027Z,darari_nu,639,258
2026-05-05T02:04:44.027Z,coban3137,1246,677
2026-05-05T05:35:48.567Z,darari_nu,639,258
2026-05-05T05:35:48.567Z,coban3137,1246,677
2026-05-05T07:59:44.473Z,darari_nu,639,258
2026-05-05T07:59:44.473Z,coban3137,1246,677
2026-05-05T10:00:23.975Z,darari_nu,639,258
2026-05-05T10:00:23.975Z,coban3137,1246,677
2026-05-05T11:18:53.581Z,darari_nu,639,258
2026-05-05T11:18:53.581Z,coban3137,1246,677
2026-05-05T13:19:24.492Z,darari_nu,639,258
2026-05-05T13:19:24.492Z,coban3137,1246,677
2026-05-05T15:54:06.395Z,darari_nu,640,258
2026-05-05T15:54:06.395Z,coban3137,1246,677
2026-05-05T17:16:41.657Z,darari_nu,640,258
2026-05-05T17:16:41.657Z,coban3137,1248,678
2026-05-05T19:09:23.301Z,darari_nu,640,258
2026-05-05T19:09:23.301Z,coban3137,1249,678
2026-05-05T20:55:58.035Z,darari_nu,640,258
2026-05-05T20:55:58.035Z,coban3137,1249,678
2026-05-05T21:57:04.334Z,darari_nu,641,258
2026-05-05T21:57:04.334Z,coban3137,1249,679
2026-05-05T22:52:42.908Z,darari_nu,641,258
2026-05-05T22:52:42.908Z,coban3137,1249,680
2026-05-05T23:41:22.485Z,darari_nu,641,258
2026-05-05T23:41:22.485Z,coban3137,1249,680
2026-05-06T02:04:21.449Z,darari_nu,641,258
2026-05-06T02:04:21.449Z,coban3137,1250,681
2026-05-06T05:50:12.822Z,darari_nu,641,258
2026-05-06T05:50:12.822Z,coban3137,1251,681
2026-05-06T10:34:50.235Z,darari_nu,642,258
2026-05-06T10:34:50.235Z,coban3137,1253,682
2026-05-06T10:59:22.939Z,darari_nu,642,258
2026-05-06T10:59:22.939Z,coban3137,1253,682
2026-05-06T12:28:36.689Z,darari_nu,642,258
2026-05-06T12:28:36.689Z,coban3137,1254,682
2026-05-06T15:24:22.781Z,darari_nu,642,258
2026-05-06T15:24:22.781Z,coban3137,1259,685
2026-05-06T17:24:42.435Z,darari_nu,642,258
2026-05-06T17:24:42.435Z,coban3137,1260,685
2026-05-06T19:26:04.727Z,darari_nu,642,258
2026-05-06T19:26:04.727Z,coban3137,1262,685
2026-05-06T21:04:31.235Z,darari_nu,642,258
2026-05-06T21:04:31.235Z,coban3137,1262,685
2026-05-06T22:45:00.106Z,darari_nu,642,258
2026-05-06T22:45:00.106Z,coban3137,1263,685
2026-05-06T23:42:28.839Z,darari_nu,642,258
2026-05-06T23:42:28.839Z,coban3137,1263,686
2026-05-07T02:07:13.673Z,darari_nu,642,258
2026-05-07T02:07:13.673Z,coban3137,1265,687
2026-05-07T05:54:07.096Z,darari_nu,642,258
2026-05-07T05:54:07.096Z,coban3137,1266,687
2026-05-07T08:20:10.738Z,darari_nu,642,258
2026-05-07T08:20:10.738Z,coban3137,1267,688
2026-05-07T11:02:52.668Z,darari_nu,641,258
2026-05-07T11:02:52.668Z,coban3137,1268,688
2026-05-07T13:45:39.224Z,darari_nu,641,258
2026-05-07T13:45:39.224Z,coban3137,1269,689
2026-05-07T16:01:17.583Z,darari_nu,641,258
2026-05-07T16:01:17.583Z,coban3137,1270,690
2026-05-07T18:19:29.695Z,darari_nu,642,258
2026-05-07T18:19:29.695Z,coban3137,1270,690
2026-05-07T20:09:01.779Z,darari_nu,642,258
2026-05-07T20:09:01.779Z,coban3137,1270,690
2026-05-07T21:48:44.943Z,darari_nu,642,258
2026-05-07T21:48:44.943Z,coban3137,1271,690
2026-05-07T22:54:45.665Z,darari_nu,642,258
2026-05-07T22:54:45.665Z,coban3137,1271,690
2026-05-07T23:45:15.020Z,darari_nu,642,258
2026-05-07T23:45:15.020Z,coban3137,1271,690
2026-05-08T02:14:06.034Z,darari_nu,642,258
2026-05-08T02:14:06.034Z,coban3137,1271,690
2026-05-08T05:24:09.953Z,darari_nu,642,258
2026-05-08T05:24:09.953Z,coban3137,1271,690
2026-05-08T07:19:05.037Z,darari_nu,642,258
2026-05-08T07:19:05.037Z,coban3137,1271,690
2026-05-08T09:08:32.938Z,darari_nu,642,258
2026-05-08T09:08:32.938Z,coban3137,1271,690
2026-05-08T11:05:20.805Z,darari_nu,642,258
2026-05-08T11:05:20.805Z,coban3137,1271,690
2026-05-08T13:17:35.277Z,darari_nu,643,258
2026-05-08T13:17:35.277Z,coban3137,1271,690
2026-05-08T15:15:11.253Z,darari_nu,644,258
2026-05-08T15:15:11.253Z,coban3137,1271,690
2026-05-08T17:05:10.898Z,darari_nu,643,258
2026-05-08T17:05:10.898Z,coban3137,1271,690
2026-05-08T19:06:40.247Z,darari_nu,643,258
2026-05-08T19:06:40.247Z,coban3137,1271,690
2026-05-08T20:50:20.700Z,darari_nu,643,258
2026-05-08T20:50:20.700Z,coban3137,1271,690
2026-05-08T21:52:45.708Z,darari_nu,643,258
2026-05-08T21:52:45.708Z,coban3137,1271,690
2026-05-08T22:48:38.135Z,darari_nu,643,259
2026-05-08T22:48:38.135Z,coban3137,1271,690
2026-05-08T23:49:40.924Z,darari_nu,643,259
2026-05-08T23:49:40.924Z,coban3137,1271,690
2026-05-09T02:07:48.719Z,darari_nu,643,259
2026-05-09T02:07:48.719Z,coban3137,1272,690
2026-05-09T05:41:24.165Z,darari_nu,643,259
2026-05-09T05:41:24.165Z,coban3137,1272,690
2026-05-09T07:46:00.560Z,darari_nu,643,259
2026-05-09T07:46:00.560Z,coban3137,1272,690
2026-05-09T09:10:58.764Z,darari_nu,643,259
2026-05-09T09:10:58.764Z,coban3137,1272,690
2026-05-09T10:50:18.047Z,darari_nu,643,259
2026-05-09T10:50:18.047Z,coban3137,1272,690
2026-05-09T11:43:04.854Z,darari_nu,643,259
2026-05-09T11:43:04.854Z,coban3137,1272,690
2026-05-09T12:58:49.146Z,darari_nu,643,259
2026-05-09T12:58:49.146Z,coban3137,1273,690
2026-05-09T14:17:24.950Z,darari_nu,643,259
2026-05-09T14:17:24.950Z,coban3137,1273,690
2026-05-09T15:43:20.257Z,darari_nu,643,259
2026-05-09T15:43:20.257Z,coban3137,1273,690
2026-05-09T16:43:18.406Z,darari_nu,643,259
2026-05-09T16:43:18.406Z,coban3137,1273,690
2026-05-09T17:42:48.626Z,darari_nu,644,259
2026-05-09T17:42:48.626Z,coban3137,1273,690
2026-05-09T18:48:46.170Z,darari_nu,644,259
2026-05-09T18:48:46.170Z,coban3137,1273,690
2026-05-09T19:52:21.356Z,darari_nu,644,259
2026-05-09T19:52:21.356Z,coban3137,1273,690
2026-05-09T20:36:56.870Z,darari_nu,644,259
2026-05-09T20:36:56.870Z,coban3137,1273,690
2026-05-09T21:36:30.941Z,darari_nu,644,259
2026-05-09T21:36:30.941Z,coban3137,1273,690
2026-05-09T22:35:24.186Z,darari_nu,645,259
2026-05-09T22:35:24.186Z,coban3137,1273,690
2026-05-09T23:39:24.400Z,darari_nu,645,259
2026-05-09T23:39:24.400Z,coban3137,1273,690
2026-05-10T02:08:36.820Z,darari_nu,645,259
2026-05-10T02:08:36.820Z,coban3137,1273,690
2026-05-10T05:56:59.862Z,darari_nu,645,259
2026-05-10T05:56:59.862Z,coban3137,1273,690
2026-05-10T08:04:12.179Z,darari_nu,645,259
2026-05-10T08:04:12.179Z,coban3137,1273,690
2026-05-10T10:06:56.109Z,darari_nu,645,259
2026-05-10T10:06:56.109Z,coban3137,1273,690
2026-05-10T11:43:22.413Z,darari_nu,645,259
2026-05-10T11:43:22.413Z,coban3137,1273,690
2026-05-10T13:00:04.900Z,darari_nu,645,259
2026-05-10T13:00:04.900Z,coban3137,1274,690
2026-05-10T14:21:06.538Z,darari_nu,645,259
2026-05-10T14:21:06.538Z,coban3137,1274,690
2026-05-10T15:44:11.375Z,darari_nu,645,259
2026-05-10T15:44:11.375Z,coban3137,1274,690
2026-05-10T16:43:49.670Z,darari_nu,645,259
2026-05-10T16:43:49.670Z,coban3137,1274,690
2026-05-10T17:43:37.122Z,darari_nu,645,259
2026-05-10T17:43:37.122Z,coban3137,1274,690
2026-05-10T18:50:13.096Z,darari_nu,645,259
2026-05-10T18:50:13.096Z,coban3137,1274,690
2026-05-10T19:54:24.304Z,darari_nu,645,259
2026-05-10T19:54:24.304Z,coban3137,1274,690
2026-05-10T20:39:53.987Z,darari_nu,645,259
2026-05-10T20:39:53.987Z,coban3137,1274,690
2026-05-10T21:40:24.743Z,darari_nu,645,259
2026-05-10T21:40:24.743Z,coban3137,1274,690
2026-05-10T22:38:26.479Z,darari_nu,645,259
2026-05-10T22:38:26.479Z,coban3137,1274,690
2026-05-10T23:43:02.107Z,darari_nu,645,259
2026-05-10T23:43:02.107Z,coban3137,1274,690
2026-05-11T02:27:23.115Z,darari_nu,645,259
2026-05-11T02:27:23.115Z,coban3137,1274,690
2026-05-11T06:31:01.011Z,darari_nu,645,259
2026-05-11T06:31:01.011Z,coban3137,1274,690
2026-05-11T10:30:43.800Z,darari_nu,645,259
2026-05-11T10:30:43.800Z,coban3137,1274,690
2026-05-11T15:55:33.635Z,darari_nu,645,259
2026-05-11T15:55:33.635Z,coban3137,1275,690
2026-05-11T17:54:19.350Z,darari_nu,645,259
2026-05-11T17:54:19.350Z,coban3137,1275,690
2026-05-11T19:45:47.873Z,darari_nu,645,259
2026-05-11T19:45:47.873Z,coban3137,1275,690
2026-05-11T21:16:05.819Z,darari_nu,645,259
2026-05-11T21:16:05.819Z,coban3137,1275,690
2026-05-11T22:53:05.563Z,darari_nu,645,259
2026-05-11T22:53:05.563Z,coban3137,1275,690
2026-05-11T23:57:47.682Z,darari_nu,645,259
2026-05-11T23:57:47.682Z,coban3137,1275,690
2026-05-12T03:40:17.089Z,darari_nu,645,259
2026-05-12T03:40:17.089Z,coban3137,1275,690
2026-05-12T06:36:30.810Z,darari_nu,645,259
2026-05-12T06:36:30.810Z,coban3137,1275,690
2026-05-12T09:38:19.728Z,darari_nu,645,259
2026-05-12T09:38:19.728Z,coban3137,1275,690
2026-05-12T11:54:41.152Z,darari_nu,645,259
2026-05-12T11:54:41.152Z,coban3137,1275,690
2026-05-12T14:23:56.022Z,darari_nu,645,259
2026-05-12T14:23:56.022Z,coban3137,1275,690
2026-05-12T17:12:20.947Z,darari_nu,645,259
2026-05-12T17:12:20.947Z,coban3137,1275,690
2026-05-12T19:52:55.028Z,darari_nu,645,259
2026-05-12T19:52:55.028Z,coban3137,1275,690
2026-05-12T21:19:22.556Z,darari_nu,645,259
2026-05-12T21:19:22.556Z,coban3137,1275,690
2026-05-12T23:00:18.544Z,darari_nu,645,259
2026-05-12T23:00:18.544Z,coban3137,1275,690
2026-05-13T00:10:46.882Z,darari_nu,645,259
2026-05-13T00:10:46.882Z,coban3137,1275,690
2026-05-13T04:43:11.286Z,darari_nu,645,259
2026-05-13T04:43:11.286Z,coban3137,1274,690
2026-05-13T07:50:44.648Z,darari_nu,645,259
2026-05-13T07:50:44.648Z,coban3137,1274,690
2026-05-13T10:27:39.656Z,darari_nu,645,259
2026-05-13T10:27:39.656Z,coban3137,1274,690
2026-05-13T13:11:44.185Z,darari_nu,645,259
2026-05-13T13:11:44.185Z,coban3137,1274,690
2026-05-13T16:19:28.731Z,darari_nu,645,259
2026-05-13T16:19:28.731Z,coban3137,1274,690
2026-05-13T18:57:26.453Z,darari_nu,645,259
2026-05-13T18:57:26.453Z,coban3137,1274,690
2026-05-13T20:48:13.274Z,darari_nu,645,259
2026-05-13T20:48:13.274Z,coban3137,1274,690
2026-05-13T22:10:57.767Z,darari_nu,645,259
2026-05-13T22:10:57.767Z,coban3137,1274,690
2026-05-13T23:57:56.558Z,darari_nu,645,259
2026-05-13T23:57:56.558Z,coban3137,1275,690
2026-05-14T03:51:01.787Z,darari_nu,645,259
2026-05-14T03:51:01.787Z,coban3137,1275,690
2026-05-14T06:45:58.587Z,darari_nu,645,259
2026-05-14T06:45:58.587Z,coban3137,1275,690
2026-05-14T09:38:28.545Z,darari_nu,646,259
2026-05-14T09:38:28.545Z,coban3137,1275,690
2026-05-14T11:52:17.908Z,darari_nu,646,259
2026-05-14T11:52:17.908Z,coban3137,1275,690
2026-05-14T14:09:23.579Z,darari_nu,645,259
2026-05-14T14:09:23.579Z,coban3137,1275,690
2026-05-14T17:01:10.740Z,darari_nu,645,259
2026-05-14T17:01:10.740Z,coban3137,1275,690
2026-05-14T19:44:33.476Z,darari_nu,645,259
2026-05-14T19:44:33.476Z,coban3137,1275,690
2026-05-14T21:09:24.002Z,darari_nu,645,259
2026-05-14T21:09:24.002Z,coban3137,1276,690
2026-05-14T22:55:50.155Z,darari_nu,645,259
2026-05-14T22:55:50.155Z,coban3137,1276,690
2026-05-14T23:58:01.938Z,darari_nu,645,259
2026-05-14T23:58:01.938Z,coban3137,1277,690
2026-05-15T03:57:29.430Z,darari_nu,645,259
2026-05-15T03:57:29.430Z,coban3137,1278,690
2026-05-15T06:58:35.141Z,darari_nu,645,259
2026-05-15T06:58:35.141Z,coban3137,1278,690
2026-05-15T09:50:52.363Z,darari_nu,645,259
2026-05-15T09:50:52.363Z,coban3137,1278,690
2026-05-15T11:58:04.679Z,darari_nu,646,259
2026-05-15T11:58:04.679Z,coban3137,1278,690
2026-05-15T16:51:04.831Z,darari_nu,646,259
2026-05-15T16:51:04.831Z,coban3137,1279,690
2026-05-15T20:16:57.042Z,darari_nu,646,259
2026-05-15T20:16:57.042Z,coban3137,1279,690
2026-05-15T23:04:02.222Z,darari_nu,647,259
2026-05-15T23:04:02.222Z,coban3137,1279,691
2026-05-16T02:48:29.073Z,darari_nu,647,260
2026-05-16T02:48:29.073Z,coban3137,1279,691
2026-05-16T05:54:22.222Z,darari_nu,647,260
2026-05-16T05:54:22.222Z,coban3137,1279,691
2026-05-16T10:14:16.342Z,darari_nu,647,260
2026-05-16T10:14:16.342Z,coban3137,1279,691
2026-05-16T13:20:04.452Z,darari_nu,647,260
2026-05-16T13:20:04.452Z,coban3137,1280,691
2026-05-16T15:58:31.699Z,darari_nu,647,260
2026-05-16T15:58:31.699Z,coban3137,1280,691
2026-05-16T19:03:03.144Z,darari_nu,648,260
2026-05-16T19:03:03.144Z,coban3137,1281,691
2026-05-16T21:48:21.443Z,darari_nu,648,260
2026-05-16T21:48:21.443Z,coban3137,1281,691
2026-05-17T02:57:12.048Z,darari_nu,648,260
2026-05-17T02:57:12.048Z,coban3137,1281,691
2026-05-17T06:26:06.119Z,darari_nu,648,260
2026-05-17T06:26:06.119Z,coban3137,1281,691
2026-05-17T09:04:39.140Z,darari_nu,648,260
2026-05-17T09:04:39.140Z,coban3137,1281,691
2026-05-17T13:18:23.582Z,darari_nu,648,260
2026-05-17T13:18:23.582Z,coban3137,1282,691
2026-05-17T15:58:34.058Z,darari_nu,648,260
2026-05-17T15:58:34.058Z,coban3137,1282,691
2026-05-17T19:07:58.068Z,darari_nu,648,260
2026-05-17T19:07:58.068Z,coban3137,1282,691
2026-05-17T21:54:38.817Z,darari_nu,648,260
2026-05-17T21:54:38.817Z,coban3137,1282,691
2026-05-18T04:00:24.016Z,darari_nu,648,260
2026-05-18T04:00:24.016Z,coban3137,1282,691
2026-05-18T08:12:54.079Z,darari_nu,648,260
2026-05-18T08:12:54.079Z,coban3137,1282,691
2026-05-18T12:29:38.173Z,darari_nu,648,260
2026-05-18T12:29:38.173Z,coban3137,1282,691
2026-05-18T16:22:41.419Z,darari_nu,648,260
2026-05-18T16:22:41.419Z,coban3137,1283,691
2026-05-18T20:24:20.824Z,darari_nu,648,260
2026-05-18T20:24:20.824Z,coban3137,1283,691
2026-05-19T00:05:31.549Z,darari_nu,648,260
2026-05-19T00:05:31.549Z,coban3137,1284,691
2026-05-19T04:59:51.360Z,darari_nu,648,260
2026-05-19T04:59:51.360Z,coban3137,1285,691
2026-05-19T08:36:07.016Z,darari_nu,649,260
2026-05-19T08:36:07.016Z,coban3137,1285,691
2026-05-19T12:10:06.367Z,darari_nu,649,260
2026-05-19T12:10:06.367Z,coban3137,1286,691
2026-05-19T16:19:15.240Z,darari_nu,650,260
2026-05-19T16:19:15.240Z,coban3137,1289,691
2026-05-19T19:00:03.167Z,darari_nu,651,260
2026-05-19T19:00:03.167Z,coban3137,1289,691
2026-05-19T20:49:26.031Z,darari_nu,651,260
2026-05-19T20:49:26.031Z,coban3137,1289,691
2026-05-19T22:16:11.433Z,darari_nu,652,261
2026-05-19T22:16:11.433Z,coban3137,1289,691
2026-05-20T00:04:49.932Z,darari_nu,654,263
2026-05-20T00:04:49.932Z,coban3137,1289,691
2026-05-20T05:04:17.162Z,darari_nu,656,263
2026-05-20T05:04:17.162Z,coban3137,1288,691
2026-05-20T09:31:26.082Z,darari_nu,656,263
2026-05-20T09:31:26.082Z,coban3137,1288,691
2026-05-20T12:24:05.223Z,darari_nu,657,264
2026-05-20T12:24:05.223Z,coban3137,1288,691
2026-05-20T16:25:01.871Z,darari_nu,663,268
2026-05-20T16:25:01.871Z,coban3137,1288,691
2026-05-20T19:24:08.767Z,darari_nu,665,268
2026-05-20T19:24:08.767Z,coban3137,1288,691
2026-05-20T21:52:33.026Z,darari_nu,665,271
2026-05-20T21:52:33.026Z,coban3137,1288,691
2026-05-20T23:12:48.080Z,darari_nu,665,271
2026-05-20T23:12:48.080Z,coban3137,1289,691
2026-05-21T03:35:11.501Z,darari_nu,669,274
2026-05-21T03:35:11.501Z,coban3137,1289,692
2026-05-21T07:51:24.362Z,darari_nu,670,274
2026-05-21T07:51:24.362Z,coban3137,1288,692
2026-05-21T11:22:56.968Z,darari_nu,672,275
2026-05-21T11:22:56.968Z,coban3137,1289,692
2026-05-21T15:22:24.046Z,darari_nu,675,275
2026-05-21T15:22:24.046Z,coban3137,1289,692
2026-05-21T17:57:43.866Z,darari_nu,675,276
2026-05-21T17:57:43.866Z,coban3137,1288,692
2026-05-21T19:59:55.275Z,darari_nu,676,276
2026-05-21T19:59:55.275Z,coban3137,1288,691
2026-05-21T21:44:16.805Z,darari_nu,676,277
2026-05-21T21:44:16.805Z,coban3137,1288,691
2026-05-21T23:03:12.968Z,darari_nu,677,277
2026-05-21T23:03:12.968Z,coban3137,1288,691
2026-05-22T03:33:47.062Z,darari_nu,677,277
2026-05-22T03:33:47.062Z,coban3137,1288,691
2026-05-22T07:43:54.856Z,darari_nu,678,277
2026-05-22T07:43:54.856Z,coban3137,1288,691
2026-05-22T10:49:51.616Z,darari_nu,683,279
2026-05-22T10:49:51.616Z,coban3137,1288,691
2026-05-22T13:31:40.180Z,darari_nu,687,279
2026-05-22T13:31:40.180Z,coban3137,1289,691
2026-05-22T16:25:33.515Z,darari_nu,688,279
2026-05-22T16:25:33.515Z,coban3137,1289,691
2026-05-22T18:53:50.600Z,darari_nu,689,279
2026-05-22T18:53:50.600Z,coban3137,1289,691
2026-05-22T20:43:23.706Z,darari_nu,690,279
2026-05-22T20:43:23.706Z,coban3137,1290,691
2026-05-22T22:07:11.301Z,darari_nu,693,279
2026-05-22T22:07:11.301Z,coban3137,1290,691
2026-05-23T00:06:35.206Z,darari_nu,694,279
2026-05-23T00:06:35.206Z,coban3137,1290,691
2026-05-23T04:40:09.111Z,darari_nu,694,279
2026-05-23T04:40:09.111Z,coban3137,1290,691
2026-05-23T07:31:02.929Z,darari_nu,695,284
2026-05-23T07:31:02.929Z,coban3137,1290,691
2026-05-23T09:51:48.408Z,darari_nu,695,284
2026-05-23T09:51:48.408Z,coban3137,1290,691
2026-05-23T11:10:18.193Z,darari_nu,696,284
2026-05-23T11:10:18.193Z,coban3137,1290,691
2026-05-23T13:23:11.385Z,darari_nu,697,284
2026-05-23T13:23:11.385Z,coban3137,1290,691
2026-05-23T15:00:12.732Z,darari_nu,697,284
2026-05-23T15:00:12.732Z,coban3137,1290,691
2026-05-23T16:09:06.172Z,darari_nu,697,284
2026-05-23T16:09:06.172Z,coban3137,1290,691
2026-05-23T18:00:25.510Z,darari_nu,697,284
2026-05-23T18:00:25.510Z,coban3137,1290,691
2026-05-23T19:24:22.646Z,darari_nu,697,284
2026-05-23T19:24:22.646Z,coban3137,1290,691
2026-05-23T20:51:05.357Z,darari_nu,698,284
2026-05-23T20:51:05.357Z,coban3137,1290,691
2026-05-23T21:54:04.686Z,darari_nu,698,284
2026-05-23T21:54:04.686Z,coban3137,1290,691
2026-05-23T22:52:35.557Z,darari_nu,698,284
2026-05-23T22:52:35.557Z,coban3137,1290,691
2026-05-23T23:56:52.985Z,darari_nu,698,284
2026-05-23T23:56:52.985Z,coban3137,1290,691
2026-05-24T03:51:25.158Z,darari_nu,698,284
2026-05-24T03:51:25.158Z,coban3137,1290,691
2026-05-24T06:58:52.379Z,darari_nu,698,284
2026-05-24T06:58:52.379Z,coban3137,1290,691
2026-05-24T09:24:44.833Z,darari_nu,700,285
2026-05-24T09:24:44.833Z,coban3137,1290,691
2026-05-24T11:16:10.781Z,darari_nu,701,285
2026-05-24T11:16:10.781Z,coban3137,1290,691
2026-05-24T13:24:07.872Z,darari_nu,702,285
2026-05-24T13:24:07.872Z,coban3137,1291,691
2026-05-24T15:03:19.725Z,darari_nu,702,285
2026-05-24T15:03:19.725Z,coban3137,1291,691
2026-05-24T16:59:47.490Z,darari_nu,702,285
2026-05-24T16:59:47.490Z,coban3137,1291,691
2026-05-24T18:05:54.042Z,darari_nu,702,285
2026-05-24T18:05:54.042Z,coban3137,1291,691
2026-05-24T20:04:26.701Z,darari_nu,702,285
2026-05-24T20:04:26.701Z,coban3137,1292,691
2026-05-24T21:56:09.334Z,darari_nu,703,285
2026-05-24T21:56:09.334Z,coban3137,1292,691
2026-05-24T22:58:28.572Z,darari_nu,703,285
2026-05-24T22:58:28.572Z,coban3137,1292,691
2026-05-25T00:07:06.597Z,darari_nu,703,285
2026-05-25T00:07:06.597Z,coban3137,1292,691
2026-05-25T05:19:28.392Z,darari_nu,704,285
2026-05-25T05:19:28.392Z,coban3137,1293,691
2026-05-25T10:03:36.608Z,darari_nu,704,285
2026-05-25T10:03:36.608Z,coban3137,1293,691
2026-05-25T13:59:13.409Z,darari_nu,707,285
2026-05-25T13:59:13.409Z,coban3137,1293,691
2026-05-25T16:28:23.766Z,darari_nu,707,285
2026-05-25T16:28:23.766Z,coban3137,1293,691
2026-05-25T18:25:09.199Z,darari_nu,708,285
2026-05-25T18:25:09.199Z,coban3137,1294,691
2026-05-25T20:22:40.607Z,darari_nu,708,285
2026-05-25T20:22:40.607Z,coban3137,1294,691
2026-05-25T22:07:58.859Z,darari_nu,709,285
2026-05-25T22:07:58.859Z,coban3137,1294,691
2026-05-26T00:04:53.122Z,darari_nu,710,285
2026-05-26T00:04:53.122Z,coban3137,1294,691
2026-05-26T05:03:09.456Z,darari_nu,711,285
2026-05-26T05:03:09.456Z,coban3137,1295,691
2026-05-26T09:54:59.219Z,darari_nu,712,285
2026-05-26T09:54:59.219Z,coban3137,1297,691
2026-05-26T16:42:21.546Z,darari_nu,712,286
2026-05-26T16:42:21.546Z,coban3137,1298,691
2026-05-26T19:21:33.919Z,darari_nu,711,286
2026-05-26T19:21:33.919Z,coban3137,1298,691
2026-05-26T21:44:39.491Z,darari_nu,711,286
2026-05-26T21:44:39.491Z,coban3137,1298,691
2026-05-26T23:09:53.082Z,darari_nu,711,286
2026-05-26T23:09:53.082Z,coban3137,1298,691
2026-05-27T03:40:37.936Z,darari_nu,711,286
2026-05-27T03:40:37.936Z,coban3137,1298,691
2026-05-27T08:03:24.407Z,darari_nu,712,286
2026-05-27T08:03:24.407Z,coban3137,1298,691
2026-05-27T12:20:28.758Z,darari_nu,712,286
2026-05-27T12:20:28.758Z,coban3137,1300,691
2026-05-27T16:36:44.460Z,darari_nu,713,286
2026-05-27T16:36:44.460Z,coban3137,1300,692
2026-05-27T19:24:17.502Z,darari_nu,713,286
2026-05-27T19:24:17.502Z,coban3137,1300,692
2026-05-27T21:54:11.576Z,darari_nu,712,286
2026-05-27T21:54:11.576Z,coban3137,1300,692
2026-05-27T23:17:14.778Z,darari_nu,712,286
2026-05-27T23:17:14.778Z,coban3137,1300,692
2026-05-28T03:29:28.947Z,darari_nu,711,286
2026-05-28T03:29:28.947Z,coban3137,1301,692
2026-05-28T07:57:01.897Z,darari_nu,711,286
2026-05-28T07:57:01.897Z,coban3137,1301,692
2026-05-28T11:40:38.690Z,darari_nu,712,286
2026-05-28T11:40:38.690Z,coban3137,1302,692
2026-05-28T15:51:41.010Z,darari_nu,712,286
2026-05-28T15:51:41.010Z,coban3137,1302,692
2026-05-28T18:35:50.293Z,darari_nu,713,286
2026-05-28T18:35:50.293Z,coban3137,1302,692
2026-05-28T21:10:53.403Z,darari_nu,713,286
2026-05-28T21:10:53.403Z,coban3137,1302,692
2026-05-28T23:15:32.428Z,darari_nu,713,286
2026-05-28T23:15:32.428Z,coban3137,1302,692
2026-05-29T03:29:56.958Z,darari_nu,714,286
2026-05-29T03:29:56.958Z,coban3137,1302,692
2026-05-29T07:54:56.313Z,darari_nu,714,286
2026-05-29T07:54:56.313Z,coban3137,1302,692
2026-05-29T11:28:53.583Z,darari_nu,715,286
2026-05-29T11:28:53.583Z,coban3137,1303,692
2026-05-29T15:27:33.600Z,darari_nu,717,286
2026-05-29T15:27:33.600Z,coban3137,1304,692
2026-05-29T18:32:03.213Z,darari_nu,717,286
2026-05-29T18:32:03.213Z,coban3137,1305,692
2026-05-29T21:06:50.088Z,darari_nu,717,286
2026-05-29T21:06:50.088Z,coban3137,1306,692
2026-05-30T02:56:16.319Z,darari_nu,718,286
2026-05-30T02:56:16.319Z,coban3137,1306,692
2026-05-30T06:25:04.538Z,darari_nu,718,286
2026-05-30T06:25:04.538Z,coban3137,1307,692
2026-05-30T09:14:07.622Z,darari_nu,718,286
2026-05-30T09:14:07.622Z,coban3137,1307,692
2026-05-30T13:27:01.820Z,darari_nu,718,286
2026-05-30T13:27:01.820Z,coban3137,1307,692
2026-05-30T17:03:15.024Z,darari_nu,719,286
2026-05-30T17:03:15.024Z,coban3137,1307,692
2026-05-30T20:55:26.136Z,darari_nu,719,286
2026-05-30T20:55:26.136Z,coban3137,1307,692
2026-05-30T23:59:47.559Z,darari_nu,720,286
2026-05-30T23:59:47.559Z,coban3137,1307,692
2026-05-31T04:45:39.386Z,darari_nu,720,286
2026-05-31T04:45:39.386Z,coban3137,1307,692
2026-05-31T08:13:46.377Z,darari_nu,720,286
2026-05-31T08:13:46.377Z,coban3137,1307,692
2026-05-31T10:56:48.109Z,darari_nu,721,286
2026-05-31T10:56:48.109Z,coban3137,1307,692
2026-05-31T14:43:44.318Z,darari_nu,721,286
2026-05-31T14:43:44.318Z,coban3137,1307,692
2026-05-31T18:00:46.814Z,darari_nu,721,286
2026-05-31T18:00:46.814Z,coban3137,1307,692
2026-05-31T21:58:25.011Z,darari_nu,721,286
2026-05-31T21:58:25.011Z,coban3137,1307,692
2026-06-01T03:57:06.172Z,darari_nu,722,286
2026-06-01T03:57:06.172Z,coban3137,1307,692
2026-06-01T09:29:38.495Z,darari_nu,723,286
2026-06-01T09:29:38.495Z,coban3137,1309,692
2026-06-01T15:56:10.456Z,darari_nu,723,286
2026-06-01T15:56:10.456Z,coban3137,1310,692
2026-06-01T20:17:51.874Z,darari_nu,724,286
2026-06-01T20:17:51.874Z,coban3137,1309,692
2026-06-01T23:01:35.284Z,darari_nu,724,286
2026-06-01T23:01:35.284Z,coban3137,1309,692
2026-06-02T03:52:18.659Z,darari_nu,724,286
2026-06-02T03:52:18.659Z,coban3137,1309,692
2026-06-02T08:29:10.618Z,darari_nu,724,286
2026-06-02T08:29:10.618Z,coban3137,1310,692
2026-06-02T12:40:56.664Z,darari_nu,725,286
2026-06-02T12:40:56.664Z,coban3137,1310,692
2026-06-02T17:22:25.411Z,darari_nu,726,286
2026-06-02T17:22:25.411Z,coban3137,1315,692
2026-06-02T20:47:40.547Z,darari_nu,727,286
2026-06-02T20:47:40.547Z,coban3137,1318,694
2026-06-02T23:01:48.819Z,darari_nu,727,286
2026-06-02T23:01:48.819Z,coban3137,1318,694
2026-06-03T03:58:40.725Z,darari_nu,727,286
2026-06-03T03:58:40.725Z,coban3137,1318,694
2026-06-03T09:00:08.081Z,darari_nu,727,286
2026-06-03T09:00:08.081Z,coban3137,1319,695
2026-06-03T13:23:13.241Z,darari_nu,728,286
2026-06-03T13:23:13.241Z,coban3137,1322,697
2026-06-03T18:23:15.131Z,darari_nu,729,286
2026-06-03T18:23:15.131Z,coban3137,1326,698
2026-06-03T21:48:11.401Z,darari_nu,729,286
2026-06-03T21:48:11.401Z,coban3137,1327,698
2026-06-03T23:42:49.226Z,darari_nu,729,286
2026-06-03T23:42:49.226Z,coban3137,1327,698
2026-06-04T03:54:04.995Z,darari_nu,729,286
2026-06-04T03:54:04.995Z,coban3137,1328,698
2026-06-04T08:20:55.385Z,darari_nu,729,286
2026-06-04T08:20:55.385Z,coban3137,1332,701
2026-06-04T11:52:49.421Z,darari_nu,729,286
2026-06-04T11:52:49.421Z,coban3137,1335,701
2026-06-04T14:58:20.447Z,darari_nu,730,286
2026-06-04T14:58:20.447Z,coban3137,1337,702
2026-06-04T17:48:19.331Z,darari_nu,729,286
2026-06-04T17:48:19.331Z,coban3137,1338,702
2026-06-04T20:04:49.384Z,darari_nu,729,286
2026-06-04T20:04:49.384Z,coban3137,1338,702
2026-06-04T22:20:42.254Z,darari_nu,729,286
2026-06-04T22:20:42.254Z,coban3137,1339,702
2026-06-05T00:06:23.310Z,darari_nu,729,286
2026-06-05T00:06:23.310Z,coban3137,1340,702
2026-06-05T05:16:14.688Z,darari_nu,730,286
2026-06-05T05:16:14.688Z,coban3137,1343,702
2026-06-05T09:46:34.796Z,darari_nu,730,286
2026-06-05T09:46:34.796Z,coban3137,1343,702
2026-06-05T12:36:31.479Z,darari_nu,730,286
2026-06-05T12:36:31.479Z,coban3137,1344,702
2026-06-05T15:53:07.448Z,darari_nu,730,286
2026-06-05T15:53:07.448Z,coban3137,1348,703
2026-06-05T17:53:51.161Z,darari_nu,730,286
2026-06-05T17:53:51.161Z,coban3137,1349,703
2026-06-05T19:53:22.116Z,darari_nu,730,286
2026-06-05T19:53:22.116Z,coban3137,1349,703
2026-06-05T21:25:02.423Z,darari_nu,729,286
2026-06-05T21:25:02.423Z,coban3137,1349,703
2026-06-05T23:08:29.315Z,darari_nu,729,286
2026-06-05T23:08:29.315Z,coban3137,1350,703
2026-06-06T03:22:07.994Z,darari_nu,729,286
2026-06-06T03:22:07.994Z,coban3137,1351,703
2026-06-06T06:52:00.821Z,darari_nu,730,286
2026-06-06T06:52:00.821Z,coban3137,1351,703
2026-06-06T09:25:12.274Z,darari_nu,730,286
2026-06-06T09:25:12.274Z,coban3137,1351,703
2026-06-06T11:25:47.910Z,darari_nu,730,286
2026-06-06T11:25:47.910Z,coban3137,1351,703
2026-06-06T13:40:18.930Z,darari_nu,730,286
2026-06-06T13:40:18.930Z,coban3137,1351,703
2026-06-06T15:14:35.756Z,darari_nu,731,286
2026-06-06T15:14:35.756Z,coban3137,1352,703
2026-06-06T17:13:07.360Z,darari_nu,731,286
2026-06-06T17:13:07.360Z,coban3137,1352,703
2026-06-06T19:21:06.637Z,darari_nu,731,286
2026-06-06T19:21:06.637Z,coban3137,1352,703
2026-06-06T21:03:35.730Z,darari_nu,731,286
2026-06-06T21:03:35.730Z,coban3137,1353,703
2026-06-06T23:02:50.650Z,darari_nu,731,286
2026-06-06T23:02:50.650Z,coban3137,1353,703
2026-06-07T03:47:03.885Z,darari_nu,731,286
2026-06-07T03:47:03.885Z,coban3137,1354,703
2026-06-07T07:54:18.604Z,darari_nu,732,286
2026-06-07T07:54:18.604Z,coban3137,1354,703
2026-06-07T10:28:28.700Z,darari_nu,732,286
2026-06-07T10:28:28.700Z,coban3137,1354,703
2026-06-07T12:20:21.780Z,darari_nu,732,286
2026-06-07T12:20:21.780Z,coban3137,1354,703
2026-06-07T14:51:27.633Z,darari_nu,733,286
2026-06-07T14:51:27.633Z,coban3137,1354,703
2026-06-07T16:14:33.310Z,darari_nu,733,286
2026-06-07T16:14:33.310Z,coban3137,1354,703
2026-06-07T18:03:37.935Z,darari_nu,733,286
2026-06-07T18:03:37.935Z,coban3137,1355,703
2026-06-07T20:11:15.653Z,darari_nu,733,286
2026-06-07T20:11:15.653Z,coban3137,1356,703
2026-06-07T22:03:08.080Z,darari_nu,733,286
2026-06-07T22:03:08.080Z,coban3137,1356,703
2026-06-08T00:06:19.815Z,darari_nu,733,286
2026-06-08T00:06:19.815Z,coban3137,1358,703
2026-06-08T05:49:27.932Z,darari_nu,734,286
2026-06-08T05:49:27.932Z,coban3137,1358,703
2026-06-08T10:52:00.901Z,darari_nu,735,286
2026-06-08T10:52:00.901Z,coban3137,1357,703
2026-06-08T14:48:09.944Z,darari_nu,735,286
2026-06-08T14:48:09.944Z,coban3137,1358,703
2026-06-08T17:52:07.773Z,darari_nu,735,286
2026-06-08T17:52:07.773Z,coban3137,1358,703
2026-06-08T20:13:31.559Z,darari_nu,735,286
2026-06-08T20:13:31.559Z,coban3137,1358,703
2026-06-08T22:25:59.219Z,darari_nu,735,286
2026-06-08T22:25:59.219Z,coban3137,1359,704
2026-06-09T00:04:56.727Z,darari_nu,735,286
2026-06-09T00:04:56.727Z,coban3137,1359,704
2026-06-09T05:04:52.235Z,darari_nu,735,286
2026-06-09T05:04:52.235Z,coban3137,1359,704
2026-06-09T09:41:19.990Z,darari_nu,735,286
2026-06-09T09:41:19.990Z,coban3137,1359,704
2026-06-09T12:36:37.911Z,darari_nu,735,286
2026-06-09T12:36:37.911Z,coban3137,1359,704
2026-06-09T15:54:36.701Z,darari_nu,735,286
2026-06-09T15:54:36.701Z,coban3137,1359,704
2026-06-09T18:04:22.614Z,darari_nu,736,286
2026-06-09T18:04:22.614Z,coban3137,1359,704
2026-06-09T20:56:49.536Z,darari_nu,736,286
2026-06-09T20:56:49.536Z,coban3137,1359,704
2026-06-09T22:25:03.190Z,darari_nu,736,286
2026-06-09T22:25:03.190Z,coban3137,1360,704
2026-06-10T00:12:31.402Z,darari_nu,736,286
2026-06-10T00:12:31.402Z,coban3137,1360,704
2026-06-10T05:17:10.024Z,darari_nu,736,286
2026-06-10T05:17:10.024Z,coban3137,1359,704
2026-06-10T09:58:03.479Z,darari_nu,737,286
2026-06-10T09:58:03.479Z,coban3137,1359,704
2026-06-10T13:36:20.105Z,darari_nu,737,287
2026-06-10T13:36:20.105Z,coban3137,1359,704
2026-06-10T17:20:10.963Z,darari_nu,737,287
2026-06-10T17:20:10.963Z,coban3137,1359,704
2026-06-10T20:28:50.463Z,darari_nu,738,287
2026-06-10T20:28:50.463Z,coban3137,1359,704
2026-06-10T22:50:44.013Z,darari_nu,738,287
2026-06-10T22:50:44.013Z,coban3137,1359,704
2026-06-11T00:14:07.181Z,darari_nu,739,287
2026-06-11T00:14:07.181Z,coban3137,1359,704
2026-06-11T05:27:49.857Z,darari_nu,739,287
2026-06-11T05:27:49.857Z,coban3137,1359,704
2026-06-11T10:21:45.529Z,darari_nu,739,287
2026-06-11T10:21:45.529Z,coban3137,1359,704
2026-06-11T14:35:10.498Z,darari_nu,740,287
2026-06-11T14:35:10.498Z,coban3137,1360,704
2026-06-11T18:12:15.593Z,darari_nu,741,287
2026-06-11T18:12:15.593Z,coban3137,1361,704
2026-06-11T21:19:30.318Z,darari_nu,741,287
2026-06-11T21:19:30.318Z,coban3137,1361,704
2026-06-12T03:51:34.243Z,darari_nu,741,287
2026-06-12T03:51:34.243Z,coban3137,1361,704
2026-06-12T08:24:58.466Z,darari_nu,740,287
2026-06-12T08:24:58.466Z,coban3137,1361,704
2026-06-12T12:18:34.857Z,darari_nu,740,287
2026-06-12T12:18:34.857Z,coban3137,1361,704
2026-06-12T16:17:05.603Z,darari_nu,740,287
2026-06-12T16:17:05.603Z,coban3137,1361,704
2026-06-12T19:04:06.228Z,darari_nu,740,287
2026-06-12T19:04:06.228Z,coban3137,1361,704
2026-06-12T21:43:13.226Z,darari_nu,740,287
2026-06-12T21:43:13.226Z,coban3137,1361,704
2026-06-13T03:36:22.459Z,darari_nu,741,287
2026-06-13T03:36:22.459Z,coban3137,1362,704
2026-06-13T07:45:50.999Z,darari_nu,741,287
2026-06-13T07:45:50.999Z,coban3137,1362,704
2026-06-13T10:27:44.975Z,darari_nu,741,287
2026-06-13T10:27:44.975Z,coban3137,1362,704
2026-06-13T14:59:52.213Z,darari_nu,742,287
2026-06-13T14:59:52.213Z,coban3137,1362,704
2026-06-13T18:06:46.826Z,darari_nu,742,287
2026-06-13T18:06:46.826Z,coban3137,1362,704
2026-06-13T22:03:01.404Z,darari_nu,742,287
2026-06-13T22:03:01.404Z,coban3137,1362,704
2026-06-14T05:48:03.314Z,darari_nu,742,287
2026-06-14T05:48:03.314Z,coban3137,1362,704
2026-06-14T09:32:19.290Z,darari_nu,742,287
2026-06-14T09:32:19.290Z,coban3137,1362,704
2026-06-14T14:08:31.017Z,darari_nu,742,287
2026-06-14T14:08:31.017Z,coban3137,1362,704
2026-06-14T18:11:45.555Z,darari_nu,742,287
2026-06-14T18:11:45.555Z,coban3137,1362,704
2026-06-14T22:08:15.807Z,darari_nu,743,287
2026-06-14T22:08:15.807Z,coban3137,1362,704
2026-06-15T06:22:47.135Z,darari_nu,744,287
2026-06-15T06:22:47.135Z,coban3137,1362,704
2026-06-15T13:12:22.559Z,darari_nu,745,287
2026-06-15T13:12:22.559Z,coban3137,1362,704
2026-06-15T18:25:04.342Z,darari_nu,745,287
2026-06-15T18:25:04.342Z,coban3137,1362,704
2026-06-15T21:42:09.663Z,darari_nu,745,288
2026-06-15T21:42:09.663Z,coban3137,1362,704
2026-06-16T03:59:19.288Z,darari_nu,747,288
2026-06-16T03:59:19.288Z,coban3137,1362,704
2026-06-16T09:32:45.435Z,darari_nu,747,288
2026-06-16T09:32:45.435Z,coban3137,1362,704
2026-06-16T15:09:43.636Z,darari_nu,747,288
2026-06-16T15:09:43.636Z,coban3137,1362,704
2026-06-16T19:34:38.778Z,darari_nu,747,288
2026-06-16T19:34:38.778Z,coban3137,1362,704
2026-06-16T22:10:42.192Z,darari_nu,747,288
2026-06-16T22:10:42.192Z,coban3137,1361,704
2026-06-17T06:10:26.603Z,darari_nu,747,288
2026-06-17T06:10:26.603Z,coban3137,1361,704
2026-06-17T11:47:09.076Z,darari_nu,747,288
2026-06-17T11:47:09.076Z,coban3137,1361,704
2026-06-17T15:25:50.490Z,darari_nu,747,288
2026-06-17T15:25:50.490Z,coban3137,1361,704
2026-06-17T18:14:53.602Z,darari_nu,747,288
2026-06-17T18:14:53.602Z,coban3137,1361,704
2026-06-17T21:04:45.829Z,darari_nu,747,288
2026-06-17T21:04:45.829Z,coban3137,1362,704
2026-06-18T03:51:20.561Z,darari_nu,747,288
2026-06-18T03:51:20.561Z,coban3137,1362,704
2026-06-18T08:46:10.884Z,darari_nu,747,288
2026-06-18T08:46:10.884Z,coban3137,1363,704
2026-06-18T12:25:28.340Z,darari_nu,747,288
2026-06-18T12:25:28.340Z,coban3137,1364,705
2026-06-18T16:30:31.063Z,darari_nu,747,288
2026-06-18T16:30:31.063Z,coban3137,1364,705
2026-06-18T19:28:53.929Z,darari_nu,747,288
2026-06-18T19:28:53.929Z,coban3137,1364,705
2026-06-18T22:08:40.521Z,darari_nu,748,288
2026-06-18T22:08:40.521Z,coban3137,1364,705
2026-06-19T06:17:49.428Z,darari_nu,748,288
2026-06-19T06:17:49.428Z,coban3137,1365,706
2026-06-19T11:21:50.606Z,darari_nu,748,288
2026-06-19T11:21:50.606Z,coban3137,1371,709
2026-06-19T15:16:14.981Z,darari_nu,749,288
2026-06-19T15:16:14.981Z,coban3137,1372,709
2026-06-19T17:56:32.944Z,darari_nu,749,288
2026-06-19T17:56:32.944Z,coban3137,1372,709
2026-06-19T19:51:09.273Z,darari_nu,749,288
2026-06-19T19:51:09.273Z,coban3137,1372,709
2026-06-19T21:09:45.626Z,darari_nu,749,288
2026-06-19T21:09:45.626Z,coban3137,1372,710
2026-06-19T22:56:29.509Z,darari_nu,749,289
2026-06-19T22:56:29.509Z,coban3137,1375,710
2026-06-20T00:09:38.829Z,darari_nu,749,289
2026-06-20T00:09:38.829Z,coban3137,1378,712
2026-06-20T05:12:56.026Z,darari_nu,751,290
2026-06-20T05:12:56.026Z,coban3137,1379,712
2026-06-20T08:54:16.623Z,darari_nu,751,290
2026-06-20T08:54:16.623Z,coban3137,1379,712
2026-06-20T11:17:33.303Z,darari_nu,752,290
2026-06-20T11:17:33.303Z,coban3137,1380,712
2026-06-20T14:00:17.041Z,darari_nu,752,290
2026-06-20T14:00:17.041Z,coban3137,1382,712
2026-06-20T15:50:24.132Z,darari_nu,752,290
2026-06-20T15:50:24.132Z,coban3137,1382,712
2026-06-20T17:25:46.146Z,darari_nu,755,290
2026-06-20T17:25:46.146Z,coban3137,1383,713
2026-06-20T19:24:37.431Z,darari_nu,756,290
2026-06-20T19:24:37.431Z,coban3137,1384,714
2026-06-20T21:17:59.948Z,darari_nu,756,290
2026-06-20T21:17:59.948Z,coban3137,1384,714
2026-06-20T23:07:44.403Z,darari_nu,757,290
2026-06-20T23:07:44.403Z,coban3137,1384,714
2026-06-21T04:05:35.257Z,darari_nu,759,290
2026-06-21T04:05:35.257Z,coban3137,1384,714
2026-06-21T08:56:59.829Z,darari_nu,759,290
2026-06-21T08:56:59.829Z,coban3137,1384,714
2026-06-21T11:47:10.360Z,darari_nu,759,290
2026-06-21T11:47:10.360Z,coban3137,1384,714
2026-06-21T14:08:35.045Z,darari_nu,759,293
2026-06-21T14:08:35.045Z,coban3137,1385,714
2026-06-21T16:45:02.331Z,darari_nu,759,293
2026-06-21T16:45:02.331Z,coban3137,1386,714
2026-06-21T18:19:37.474Z,darari_nu,759,293
2026-06-21T18:19:37.474Z,coban3137,1386,715
2026-06-21T20:24:35.768Z,darari_nu,759,293
2026-06-21T20:24:35.768Z,coban3137,1386,715
2026-06-21T22:14:00.125Z,darari_nu,759,293
2026-06-21T22:14:00.125Z,coban3137,1386,715
2026-06-22T00:11:20.926Z,darari_nu,759,293
2026-06-22T00:11:20.926Z,coban3137,1387,715
2026-06-22T06:28:42.372Z,darari_nu,760,293
2026-06-22T06:28:42.372Z,coban3137,1387,715
2026-06-22T12:49:43.400Z,darari_nu,760,293
2026-06-22T12:49:43.400Z,coban3137,1388,715
2026-06-22T17:40:10.587Z,darari_nu,763,296
2026-06-22T17:40:10.587Z,coban3137,1389,715
2026-06-22T20:46:47.070Z,darari_nu,765,296
2026-06-22T20:46:47.070Z,coban3137,1389,715
2026-06-22T22:46:57.480Z,darari_nu,765,297
2026-06-22T22:46:57.480Z,coban3137,1389,715
2026-06-23T00:05:14.459Z,darari_nu,769,299
2026-06-23T00:05:14.459Z,coban3137,1389,715
2026-06-23T05:00:52.425Z,darari_nu,769,299
2026-06-23T05:00:52.425Z,coban3137,1389,715
2026-06-23T08:35:10.055Z,darari_nu,771,299
2026-06-23T08:35:10.055Z,coban3137,1389,715
2026-06-23T12:06:15.172Z,darari_nu,772,299
2026-06-23T12:06:15.172Z,coban3137,1390,715
2026-06-23T15:47:12.712Z,darari_nu,777,303
2026-06-23T15:47:12.712Z,coban3137,1391,715
2026-06-23T17:52:58.453Z,darari_nu,780,303
2026-06-23T17:52:58.453Z,coban3137,1391,715
2026-06-23T20:02:31.218Z,darari_nu,780,303
2026-06-23T20:02:31.218Z,coban3137,1391,715
2026-06-23T22:11:54.233Z,darari_nu,781,303
2026-06-23T22:11:54.233Z,coban3137,1391,715
2026-06-23T23:55:33.740Z,darari_nu,781,303
2026-06-23T23:55:33.740Z,coban3137,1391,715
2026-06-24T03:29:59.444Z,darari_nu,782,303
2026-06-24T03:29:59.444Z,coban3137,1391,715
2026-06-24T07:39:39.676Z,darari_nu,784,303
2026-06-24T07:39:39.676Z,coban3137,1391,715
2026-06-24T10:48:25.617Z,darari_nu,785,305
2026-06-24T10:48:25.617Z,coban3137,1393,715
2026-06-24T13:21:48.155Z,darari_nu,785,305
2026-06-24T13:21:48.155Z,coban3137,1393,715
2026-06-24T16:20:54.394Z,darari_nu,788,306
2026-06-24T16:20:54.394Z,coban3137,1393,715
2026-06-24T18:50:48.503Z,darari_nu,789,306
2026-06-24T18:50:48.503Z,coban3137,1394,715
2026-06-24T20:48:06.653Z,darari_nu,789,306
2026-06-24T20:48:06.653Z,coban3137,1394,715
2026-06-24T22:16:13.012Z,darari_nu,791,306
2026-06-24T22:16:13.012Z,coban3137,1394,715
2026-06-25T00:11:43.014Z,darari_nu,791,307
2026-06-25T00:11:43.014Z,coban3137,1394,715
2026-06-25T05:04:28.337Z,darari_nu,791,307
2026-06-25T05:04:28.337Z,coban3137,1395,715
2026-06-25T09:19:30.945Z,darari_nu,791,307
2026-06-25T09:19:30.945Z,coban3137,1395,715
2026-06-25T12:19:53.382Z,darari_nu,793,307
2026-06-25T12:19:53.382Z,coban3137,1396,715
2026-06-25T15:39:26.298Z,darari_nu,795,308
2026-06-25T15:39:26.298Z,coban3137,1396,715
2026-06-25T18:08:52.353Z,darari_nu,795,308
2026-06-25T18:08:52.353Z,coban3137,1396,715
2026-06-25T20:56:01.241Z,darari_nu,795,308
2026-06-25T20:56:01.241Z,coban3137,1396,715
2026-06-25T22:21:01.664Z,darari_nu,795,308
2026-06-25T22:21:01.664Z,coban3137,1396,715
2026-06-26T00:08:00.280Z,darari_nu,795,308
2026-06-26T00:08:00.280Z,coban3137,1396,715
2026-06-26T05:07:52.394Z,darari_nu,795,308
2026-06-26T05:07:52.394Z,coban3137,1396,715
2026-06-26T09:23:43.198Z,darari_nu,795,308
2026-06-26T09:23:43.198Z,coban3137,1397,715
2026-06-26T12:10:26.159Z,darari_nu,795,308
2026-06-26T12:10:26.159Z,coban3137,1397,715
2026-06-26T15:23:04.495Z,darari_nu,795,308
2026-06-26T15:23:04.495Z,coban3137,1397,715
2026-06-26T17:46:29.820Z,darari_nu,795,308
2026-06-26T17:46:29.820Z,coban3137,1397,715
2026-06-26T19:45:29.944Z,darari_nu,795,308
2026-06-26T19:45:29.944Z,coban3137,1397,715
2026-06-26T21:18:04.618Z,darari_nu,795,308
2026-06-26T21:18:04.618Z,coban3137,1397,715
2026-06-26T23:04:52.963Z,darari_nu,795,308
2026-06-26T23:04:52.963Z,coban3137,1397,715
2026-06-27T02:57:12.863Z,darari_nu,795,308
2026-06-27T02:57:12.863Z,coban3137,1397,715
2026-06-27T06:31:37.785Z,darari_nu,796,308
2026-06-27T06:31:37.785Z,coban3137,1397,715
2026-06-27T09:28:01.253Z,darari_nu,797,308
2026-06-27T09:28:01.253Z,coban3137,1397,715
2026-06-27T11:26:49.994Z,darari_nu,799,308
2026-06-27T11:26:49.994Z,coban3137,1398,715
2026-06-27T13:40:02.198Z,darari_nu,799,308
2026-06-27T13:40:02.198Z,coban3137,1399,715
2026-06-27T15:14:34.311Z,darari_nu,799,308
2026-06-27T15:14:34.311Z,coban3137,1399,716
2026-06-27T17:08:54.854Z,darari_nu,799,308
2026-06-27T17:08:54.854Z,coban3137,1399,716
2026-06-27T19:18:54.467Z,darari_nu,799,308
2026-06-27T19:18:54.467Z,coban3137,1399,716
2026-06-27T21:02:18.368Z,darari_nu,799,308
2026-06-27T21:02:18.368Z,coban3137,1399,716
2026-06-27T23:01:17.117Z,darari_nu,799,308
2026-06-27T23:01:17.117Z,coban3137,1399,716
2026-06-28T03:40:24.945Z,darari_nu,800,308
2026-06-28T03:40:24.945Z,coban3137,1400,716
2026-06-28T07:50:34.254Z,darari_nu,800,308
2026-06-28T07:50:34.254Z,coban3137,1400,716
2026-06-28T10:26:44.379Z,darari_nu,800,308
2026-06-28T10:26:44.379Z,coban3137,1401,716
2026-06-28T12:15:50.185Z,darari_nu,801,308
2026-06-28T12:15:50.185Z,coban3137,1402,716
2026-06-28T14:47:49.871Z,darari_nu,801,308
2026-06-28T14:47:49.871Z,coban3137,1402,716
2026-06-28T16:09:26.576Z,darari_nu,801,308
2026-06-28T16:09:26.576Z,coban3137,1402,717
2026-06-28T18:04:28.145Z,darari_nu,801,308
2026-06-28T18:04:28.145Z,coban3137,1402,717
2026-06-28T20:12:36.311Z,darari_nu,802,308
2026-06-28T20:12:36.311Z,coban3137,1401,717
2026-06-28T22:01:13.047Z,darari_nu,802,308
2026-06-28T22:01:13.047Z,coban3137,1401,717
2026-06-29T00:08:20.172Z,darari_nu,803,308
2026-06-29T00:08:20.172Z,coban3137,1402,717
2026-06-29T05:49:39.275Z,darari_nu,803,308
2026-06-29T05:49:39.275Z,coban3137,1401,717
2026-06-29T10:56:19.156Z,darari_nu,803,308
2026-06-29T10:56:19.156Z,coban3137,1401,717
2026-06-29T14:48:13.740Z,darari_nu,803,308
2026-06-29T14:48:13.740Z,coban3137,1401,717
2026-06-29T17:35:49.311Z,darari_nu,803,308
2026-06-29T17:35:49.311Z,coban3137,1401,717
2026-06-29T19:55:49.804Z,darari_nu,803,308
2026-06-29T19:55:49.804Z,coban3137,1402,717
2026-06-29T21:26:16.702Z,darari_nu,803,308
2026-06-29T21:26:16.702Z,coban3137,1402,717
2026-06-29T22:56:09.932Z,darari_nu,803,308
2026-06-29T22:56:09.932Z,coban3137,1402,717
2026-06-30T00:04:44.066Z,darari_nu,803,308
2026-06-30T00:04:44.066Z,coban3137,1402,717
2026-06-30T05:02:13.019Z,darari_nu,803,308
2026-06-30T05:02:13.019Z,coban3137,1402,717
2026-06-30T09:32:52.890Z,darari_nu,803,308
2026-06-30T09:32:52.890Z,coban3137,1402,717
2026-06-30T12:07:52.407Z,darari_nu,803,308
2026-06-30T12:07:52.407Z,coban3137,1402,717
2026-06-30T15:26:14.914Z,darari_nu,804,308
2026-06-30T15:26:14.914Z,coban3137,1402,717
2026-06-30T17:52:15.802Z,darari_nu,804,308
2026-06-30T17:52:15.802Z,coban3137,1402,717
2026-06-30T19:54:49.891Z,darari_nu,805,308
2026-06-30T19:54:49.891Z,coban3137,1402,717
2026-06-30T21:27:42.977Z,darari_nu,805,308
2026-06-30T21:27:42.977Z,coban3137,1402,717
2026-06-30T23:11:31.342Z,darari_nu,805,308
2026-06-30T23:11:31.342Z,coban3137,1402,717
2026-07-01T03:41:52.793Z,darari_nu,806,308
2026-07-01T03:41:52.793Z,coban3137,1403,717
2026-07-01T08:11:51.649Z,darari_nu,806,308
2026-07-01T08:11:51.649Z,coban3137,1403,717
2026-07-01T12:06:35.007Z,darari_nu,806,308
2026-07-01T12:06:35.007Z,coban3137,1403,717
2026-07-01T15:40:37.421Z,darari_nu,806,308
2026-07-01T15:40:37.421Z,coban3137,1404,717
2026-07-01T19:53:03.904Z,darari_nu,806,308
2026-07-01T19:53:03.904Z,coban3137,1405,717
2026-07-01T23:14:17.129Z,darari_nu,806,308
2026-07-01T23:14:17.129Z,coban3137,1405,717
2026-07-02T03:27:53.392Z,darari_nu,806,308
2026-07-02T03:27:53.392Z,coban3137,1406,717
2026-07-02T07:30:51.462Z,darari_nu,807,308
2026-07-02T07:30:51.462Z,coban3137,1409,717
2026-07-02T10:38:05.515Z,darari_nu,807,308
2026-07-02T10:38:05.515Z,coban3137,1409,717
2026-07-02T15:18:04.103Z,darari_nu,808,308
2026-07-02T15:18:04.103Z,coban3137,1410,717
2026-07-02T19:22:29.251Z,darari_nu,808,308
2026-07-02T19:22:29.251Z,coban3137,1410,717
2026-07-02T23:05:09.675Z,darari_nu,808,308
2026-07-02T23:05:09.675Z,coban3137,1410,717
2026-07-03T02:50:41.642Z,darari_nu,808,308
2026-07-03T02:50:41.642Z,coban3137,1411,717
2026-07-03T06:31:39.161Z,darari_nu,808,308
2026-07-03T06:31:39.161Z,coban3137,1411,717
2026-07-03T09:57:12.596Z,darari_nu,809,308
2026-07-03T09:57:12.596Z,coban3137,1411,717
2026-07-03T15:10:12.009Z,darari_nu,809,308
2026-07-03T15:10:12.009Z,coban3137,1411,717
2026-07-03T19:19:44.973Z,darari_nu,808,308
2026-07-03T19:19:44.973Z,coban3137,1413,718
2026-07-03T23:02:11.899Z,darari_nu,808,308
2026-07-03T23:02:11.899Z,coban3137,1413,718
2026-07-04T02:46:45.923Z,darari_nu,809,308
2026-07-04T02:46:45.923Z,coban3137,1413,718
2026-07-04T06:18:41.577Z,darari_nu,809,308
2026-07-04T06:18:41.577Z,coban3137,1412,718
2026-07-04T09:21:36.139Z,darari_nu,809,308
2026-07-04T09:21:36.139Z,coban3137,1412,718
2026-07-04T13:22:09.533Z,darari_nu,809,308
2026-07-04T13:22:09.533Z,coban3137,1412,718
2026-07-04T17:03:34.272Z,darari_nu,809,308
2026-07-04T17:03:34.272Z,coban3137,1412,718
2026-07-04T20:56:17.452Z,darari_nu,809,308
2026-07-04T20:56:17.452Z,coban3137,1412,718
2026-07-05T02:57:11.447Z,darari_nu,810,308
2026-07-05T02:57:11.447Z,coban3137,1411,717
2026-07-05T06:43:13.939Z,darari_nu,812,308
2026-07-05T06:43:13.939Z,coban3137,1411,717
2026-07-05T09:41:37.134Z,darari_nu,813,309
2026-07-05T09:41:37.134Z,coban3137,1412,718
2026-07-05T13:28:03.127Z,darari_nu,813,311
2026-07-05T13:28:03.127Z,coban3137,1412,718
2026-07-05T17:08:30.462Z,darari_nu,813,311
2026-07-05T17:08:30.462Z,coban3137,1412,718
2026-07-05T20:58:32.528Z,darari_nu,813,311
2026-07-05T20:58:32.528Z,coban3137,1412,718
2026-07-06T00:03:58.872Z,darari_nu,813,311
2026-07-06T00:03:58.872Z,coban3137,1412,718
2026-07-06T05:10:13.712Z,darari_nu,813,311
2026-07-06T05:10:13.712Z,coban3137,1412,718
2026-07-06T10:17:39.018Z,darari_nu,813,311
2026-07-06T10:17:39.018Z,coban3137,1412,718
2026-07-06T14:23:37.256Z,darari_nu,813,311
2026-07-06T14:23:37.256Z,coban3137,1412,718
2026-07-06T17:42:11.035Z,darari_nu,813,311
2026-07-06T17:42:11.035Z,coban3137,1412,718
2026-07-06T21:28:04.927Z,darari_nu,813,311
2026-07-06T21:28:04.927Z,coban3137,1412,718
2026-07-07T02:57:22.828Z,darari_nu,813,311
2026-07-07T02:57:22.828Z,coban3137,1412,718
2026-07-07T06:49:49.581Z,darari_nu,813,311
2026-07-07T06:49:49.581Z,coban3137,1412,718
2026-07-07T10:25:09.361Z,darari_nu,813,311
2026-07-07T10:25:09.361Z,coban3137,1413,718
2026-07-07T13:19:56.613Z,darari_nu,813,311
2026-07-07T13:19:56.613Z,coban3137,1414,718
2026-07-07T16:29:37.660Z,darari_nu,813,311
2026-07-07T16:29:37.660Z,coban3137,1416,718
2026-07-07T19:00:57.373Z,darari_nu,814,311
2026-07-07T19:00:57.373Z,coban3137,1416,718
2026-07-07T23:00:16.000Z,darari_nu,814,311
2026-07-07T23:00:16.000Z,coban3137,1417,718
2026-07-08T04:13:21.210Z,darari_nu,813,311
2026-07-08T04:13:21.210Z,coban3137,1417,718
2026-07-08T07:27:57.798Z,darari_nu,813,311
2026-07-08T07:27:57.798Z,coban3137,1416,718
2026-07-08T10:15:40.138Z,darari_nu,813,310
2026-07-08T10:15:40.138Z,coban3137,1416,718
2026-07-08T15:20:56.693Z,darari_nu,813,310
2026-07-08T15:20:56.693Z,coban3137,1416,718
2026-07-08T19:23:05.068Z,darari_nu,813,310
2026-07-08T19:23:05.068Z,coban3137,1416,718
2026-07-08T23:05:31.831Z,darari_nu,813,310
2026-07-08T23:05:31.831Z,coban3137,1416,718
2026-07-09T02:51:27.784Z,darari_nu,813,310
2026-07-09T02:51:27.784Z,coban3137,1416,718
2026-07-09T06:43:03.380Z,darari_nu,813,310
2026-07-09T06:43:03.380Z,coban3137,1417,718
2026-07-09T10:24:17.255Z,darari_nu,813,310
2026-07-09T10:24:17.255Z,coban3137,1417,718
2026-07-09T13:48:59.111Z,darari_nu,813,310
2026-07-09T13:48:59.111Z,coban3137,1419,718
2026-07-09T16:26:54.966Z,darari_nu,814,310
2026-07-09T16:26:54.966Z,coban3137,1419,718
2026-07-09T20:46:19.508Z,darari_nu,814,310
2026-07-09T20:46:19.508Z,coban3137,1421,718
2026-07-10T00:03:40.323Z,darari_nu,814,310
2026-07-10T00:03:40.323Z,coban3137,1421,718
2026-07-10T04:50:53.746Z,darari_nu,815,310
2026-07-10T04:50:53.746Z,coban3137,1422,718
2026-07-10T08:21:22.631Z,darari_nu,815,310
2026-07-10T08:21:22.631Z,coban3137,1424,718
2026-07-10T11:50:41.352Z,darari_nu,815,310
2026-07-10T11:50:41.352Z,coban3137,1425,719
2026-07-10T14:23:07.633Z,darari_nu,815,310
2026-07-10T14:23:07.633Z,coban3137,1426,719
2026-07-10T16:55:00.995Z,darari_nu,815,310
2026-07-10T16:55:00.995Z,coban3137,1426,719
2026-07-10T20:21:52.793Z,darari_nu,815,310
2026-07-10T20:21:52.793Z,coban3137,1426,719
2026-07-10T23:56:28.876Z,darari_nu,815,310
2026-07-10T23:56:28.876Z,coban3137,1427,720
2026-07-11T02:42:18.765Z,darari_nu,815,310
2026-07-11T02:42:18.765Z,coban3137,1427,720
2026-07-11T05:39:37.793Z,darari_nu,815,310
2026-07-11T05:39:37.793Z,coban3137,1428,720
2026-07-11T09:27:33.946Z,darari_nu,815,310
2026-07-11T09:27:33.946Z,coban3137,1428,720
2026-07-11T13:15:35.968Z,darari_nu,817,310
2026-07-11T13:15:35.968Z,coban3137,1428,720
2026-07-11T15:54:54.464Z,darari_nu,819,310
2026-07-11T15:54:54.464Z,coban3137,1429,720
2026-07-11T19:01:12.340Z,darari_nu,819,310
2026-07-11T19:01:12.340Z,coban3137,1429,720
2026-07-11T21:47:50.619Z,darari_nu,819,310
2026-07-11T21:47:50.619Z,coban3137,1429,720
2026-07-12T02:37:12.017Z,darari_nu,820,310
2026-07-12T02:37:12.017Z,coban3137,1429,720
2026-07-12T05:56:52.755Z,darari_nu,820,310
2026-07-12T05:56:52.755Z,coban3137,1429,720
2026-07-12T10:26:33.916Z,darari_nu,820,310
2026-07-12T10:26:33.916Z,coban3137,1429,720
2026-07-12T13:41:44.923Z,darari_nu,820,311
2026-07-12T13:41:44.923Z,coban3137,1429,720
2026-07-12T17:08:57.536Z,darari_nu,820,311
2026-07-12T17:08:57.536Z,coban3137,1429,720
2026-07-12T20:44:21.224Z,darari_nu,820,311
2026-07-12T20:44:21.224Z,coban3137,1429,720
2026-07-12T23:52:43.974Z,darari_nu,820,311
2026-07-12T23:52:43.974Z,coban3137,1429,720
2026-07-13T02:39:00.298Z,darari_nu,821,311
2026-07-13T02:39:00.298Z,coban3137,1429,720
2026-07-13T06:16:34.284Z,darari_nu,821,311
2026-07-13T06:16:34.284Z,coban3137,1429,720
2026-07-13T10:24:49.643Z,darari_nu,820,311
2026-07-13T10:24:49.643Z,coban3137,1429,720
2026-07-13T13:22:24.003Z,darari_nu,820,311
2026-07-13T13:22:24.003Z,coban3137,1430,720
2026-07-13T16:31:37.405Z,darari_nu,820,311
2026-07-13T16:31:37.405Z,coban3137,1431,720
2026-07-13T18:42:49.486Z,darari_nu,819,311
2026-07-13T18:42:49.486Z,coban3137,1434,722
2026-07-13T20:13:55.595Z,darari_nu,819,311
2026-07-13T20:13:55.595Z,coban3137,1434,722
2026-07-13T21:55:20.842Z,darari_nu,819,311
2026-07-13T21:55:20.842Z,coban3137,1434,724
2026-07-13T22:55:05.264Z,darari_nu,819,311
2026-07-13T22:55:05.264Z,coban3137,1435,724
2026-07-13T23:53:37.858Z,darari_nu,819,311
2026-07-13T23:53:37.858Z,coban3137,1436,724
2026-07-14T02:22:58.266Z,darari_nu,819,311
2026-07-14T02:22:58.266Z,coban3137,1438,726
2026-07-14T05:28:43.416Z,darari_nu,819,311
2026-07-14T05:28:43.416Z,coban3137,1437,726
2026-07-14T08:01:29.924Z,darari_nu,819,311
2026-07-14T08:01:29.924Z,coban3137,1438,728
2026-07-14T10:43:56.615Z,darari_nu,819,311
2026-07-14T10:43:56.615Z,coban3137,1440,729
2026-07-14T12:10:39.958Z,darari_nu,819,311
2026-07-14T12:10:39.958Z,coban3137,1441,729
2026-07-14T14:49:24.204Z,darari_nu,819,311
2026-07-14T14:49:24.204Z,coban3137,1445,729
2026-07-14T16:13:09.183Z,darari_nu,819,311
2026-07-14T16:13:09.183Z,coban3137,1447,730
2026-07-14T18:01:46.615Z,darari_nu,819,311
2026-07-14T18:01:46.615Z,coban3137,1447,730
2026-07-14T20:10:03.831Z,darari_nu,819,311
2026-07-14T20:10:03.831Z,coban3137,1448,730
2026-07-14T21:56:11.102Z,darari_nu,819,311
2026-07-14T21:56:11.102Z,coban3137,1448,732
2026-07-14T22:56:47.957Z,darari_nu,819,311
2026-07-14T22:56:47.957Z,coban3137,1448,732
2026-07-14T23:54:13.123Z,darari_nu,819,311
2026-07-14T23:54:13.123Z,coban3137,1448,732
2026-07-15T02:21:06.512Z,darari_nu,819,311
2026-07-15T02:21:06.512Z,coban3137,1449,732
2026-07-15T05:29:45.137Z,darari_nu,819,311
2026-07-15T05:29:45.137Z,coban3137,1449,732
2026-07-15T08:07:00.478Z,darari_nu,819,311
2026-07-15T08:07:00.478Z,coban3137,1449,732
2026-07-15T10:48:23.110Z,darari_nu,820,311
2026-07-15T10:48:23.110Z,coban3137,1449,732
2026-07-15T12:13:50.732Z,darari_nu,821,311
2026-07-15T12:13:50.732Z,coban3137,1449,733
2026-07-15T14:49:20.229Z,darari_nu,821,311
2026-07-15T14:49:20.229Z,coban3137,1451,733
2026-07-15T16:20:35.850Z,darari_nu,821,311
2026-07-15T16:20:35.850Z,coban3137,1451,733
2026-07-15T18:06:08.562Z,darari_nu,821,311
2026-07-15T18:06:08.562Z,coban3137,1452,735
2026-07-15T20:07:37.276Z,darari_nu,821,311
2026-07-15T20:07:37.276Z,coban3137,1453,735
2026-07-15T21:59:33.602Z,darari_nu,822,311
2026-07-15T21:59:33.602Z,coban3137,1453,735
2026-07-15T23:04:57.915Z,darari_nu,822,311
2026-07-15T23:04:57.915Z,coban3137,1454,735
2026-07-16T02:28:18.843Z,darari_nu,822,311
2026-07-16T02:28:18.843Z,coban3137,1454,736
2026-07-16T05:39:13.277Z,darari_nu,823,311
2026-07-16T05:39:13.277Z,coban3137,1457,738
2026-07-16T08:10:22.461Z,darari_nu,823,311
2026-07-16T08:10:22.461Z,coban3137,1457,739
2026-07-16T10:58:33.771Z,darari_nu,823,311
2026-07-16T10:58:33.771Z,coban3137,1458,740
2026-07-16T12:24:40.920Z,darari_nu,823,311
2026-07-16T12:24:40.920Z,coban3137,1458,740
2026-07-16T15:00:44.043Z,darari_nu,823,311
2026-07-16T15:00:44.043Z,coban3137,1459,742
2026-07-16T16:25:44.315Z,darari_nu,823,311
2026-07-16T16:25:44.315Z,coban3137,1459,742
2026-07-16T18:05:56.539Z,darari_nu,823,311
2026-07-16T18:05:56.539Z,coban3137,1459,742
2026-07-16T20:02:08.131Z,darari_nu,823,311
2026-07-16T20:02:08.131Z,coban3137,1460,742
2026-07-16T22:03:12.320Z,darari_nu,823,311
2026-07-16T22:03:12.320Z,coban3137,1460,744
2026-07-16T23:57:58.928Z,darari_nu,824,311
2026-07-16T23:57:58.928Z,coban3137,1460,745
2026-07-17T03:15:22.709Z,darari_nu,825,311
2026-07-17T03:15:22.709Z,coban3137,1461,745
2026-07-17T06:13:52.959Z,darari_nu,825,311
2026-07-17T06:13:52.959Z,coban3137,1461,746
2026-07-17T09:08:04.311Z,darari_nu,825,311
2026-07-17T09:08:04.311Z,coban3137,1463,747
2026-07-17T11:20:20.227Z,darari_nu,825,311
2026-07-17T11:20:20.227Z,coban3137,1464,747
2026-07-17T13:24:30.894Z,darari_nu,825,311
2026-07-17T13:24:30.894Z,coban3137,1466,748
2026-07-17T15:11:49.886Z,darari_nu,825,311
2026-07-17T15:11:49.886Z,coban3137,1467,748
2026-07-17T17:09:39.910Z,darari_nu,825,311
2026-07-17T17:09:39.910Z,coban3137,1467,748
2026-07-17T19:05:20.146Z,darari_nu,825,311
2026-07-17T19:05:20.146Z,coban3137,1467,748
2026-07-17T20:52:54.407Z,darari_nu,825,311
2026-07-17T20:52:54.407Z,coban3137,1467,748
2026-07-17T21:52:29.505Z,darari_nu,825,311
2026-07-17T21:52:29.505Z,coban3137,1467,748
2026-07-17T22:48:37.220Z,darari_nu,825,311
2026-07-17T22:48:37.220Z,coban3137,1467,748
2026-07-17T23:51:28.487Z,darari_nu,825,311
2026-07-17T23:51:28.487Z,coban3137,1467,748
2026-07-18T02:22:22.872Z,darari_nu,825,311
2026-07-18T02:22:22.872Z,coban3137,1467,749
2026-07-18T05:24:20.636Z,darari_nu,825,311
2026-07-18T05:24:20.636Z,coban3137,1467,749
2026-07-18T07:47:00.814Z,darari_nu,825,311
2026-07-18T07:47:00.814Z,coban3137,1467,749
2026-07-18T09:23:44.035Z,darari_nu,825,311
2026-07-18T09:23:44.035Z,coban3137,1467,749
2026-07-18T11:02:13.704Z,darari_nu,825,311
2026-07-18T11:02:13.704Z,coban3137,1467,749
2026-07-18T13:11:15.086Z,darari_nu,826,311
2026-07-18T13:11:15.086Z,coban3137,1467,749
2026-07-18T14:50:45.768Z,darari_nu,826,311
2026-07-18T14:50:45.768Z,coban3137,1467,749
2026-07-18T15:55:28.203Z,darari_nu,826,311
2026-07-18T15:55:28.203Z,coban3137,1467,749
2026-07-18T16:56:55.347Z,darari_nu,827,311
2026-07-18T16:56:55.347Z,coban3137,1468,749
2026-07-18T17:56:41.320Z,darari_nu,827,311
2026-07-18T17:56:41.320Z,coban3137,1470,749
2026-07-18T19:06:36.233Z,darari_nu,827,311
2026-07-18T19:06:36.233Z,coban3137,1470,749
2026-07-18T20:44:28.613Z,darari_nu,827,311
2026-07-18T20:44:28.613Z,coban3137,1470,749
2026-07-18T21:50:00.923Z,darari_nu,827,311
2026-07-18T21:50:00.923Z,coban3137,1470,749
2026-07-18T22:47:34.487Z,darari_nu,827,311
2026-07-18T22:47:34.487Z,coban3137,1470,749
2026-07-18T23:52:53.663Z,darari_nu,827,311
2026-07-18T23:52:53.663Z,coban3137,1471,749
2026-07-19T02:34:11.198Z,darari_nu,827,311
2026-07-19T02:34:11.198Z,coban3137,1470,749
2026-07-19T05:51:16.358Z,darari_nu,827,311
2026-07-19T05:51:16.358Z,coban3137,1471,749
2026-07-19T08:13:56.880Z,darari_nu,827,311
2026-07-19T08:13:56.880Z,coban3137,1471,750
2026-07-19T10:26:33.813Z,darari_nu,827,311
2026-07-19T10:26:33.813Z,coban3137,1471,750
2026-07-19T11:56:46.880Z,darari_nu,827,311
2026-07-19T11:56:46.880Z,coban3137,1471,750
2026-07-19T13:20:24.436Z,darari_nu,827,311
2026-07-19T13:20:24.436Z,coban3137,1471,750
2026-07-19T14:54:12.916Z,darari_nu,827,311
2026-07-19T14:54:12.916Z,coban3137,1471,750
2026-07-19T15:56:26.795Z,darari_nu,827,312
2026-07-19T15:56:26.795Z,coban3137,1471,750
2026-07-19T16:58:52.467Z,darari_nu,826,312
2026-07-19T16:58:52.467Z,coban3137,1471,750
2026-07-19T18:01:45.646Z,darari_nu,826,312
2026-07-19T18:01:45.646Z,coban3137,1471,750
2026-07-19T20:06:29.203Z,darari_nu,826,312
2026-07-19T20:06:29.203Z,coban3137,1471,750
2026-07-19T21:51:00.288Z,darari_nu,826,312
2026-07-19T21:51:00.288Z,coban3137,1471,750
2026-07-19T22:50:20.368Z,darari_nu,826,312
2026-07-19T22:50:20.368Z,coban3137,1471,750
2026-07-19T23:55:34.236Z,darari_nu,826,312
2026-07-19T23:55:34.236Z,coban3137,1471,750
2026-07-20T02:49:22.790Z,darari_nu,826,312
2026-07-20T02:49:22.790Z,coban3137,1471,750
2026-07-20T06:17:19.511Z,darari_nu,826,312
2026-07-20T06:17:19.511Z,coban3137,1471,750
2026-07-20T10:08:57.954Z,darari_nu,826,312
2026-07-20T10:08:57.954Z,coban3137,1471,750
2026-07-20T13:04:34.232Z,darari_nu,826,312
2026-07-20T13:04:34.232Z,coban3137,1471,750
2026-07-20T15:48:37.716Z,darari_nu,826,312
2026-07-20T15:48:37.716Z,coban3137,1471,750
2026-07-20T18:01:04.874Z,darari_nu,826,312
2026-07-20T18:01:04.874Z,coban3137,1472,750
2026-07-20T20:19:28.218Z,darari_nu,826,312
2026-07-20T20:19:28.218Z,coban3137,1472,750
2026-07-20T21:58:29.845Z,darari_nu,826,312
2026-07-20T21:58:29.845Z,coban3137,1472,750
2026-07-20T23:05:27.186Z,darari_nu,826,312
2026-07-20T23:05:27.186Z,coban3137,1472,750
2026-07-21T02:32:14.036Z,darari_nu,826,312
2026-07-21T02:32:14.036Z,coban3137,1472,751
2026-07-21T05:49:06.189Z,darari_nu,826,312
2026-07-21T05:49:06.189Z,coban3137,1473,751
2026-07-21T08:25:32.275Z,darari_nu,826,312
2026-07-21T08:25:32.275Z,coban3137,1473,751
2026-07-21T11:06:39.025Z,darari_nu,826,312
2026-07-21T11:06:39.025Z,coban3137,1473,751
2026-07-21T13:45:48.826Z,darari_nu,826,312
2026-07-21T13:45:48.826Z,coban3137,1473,751
2026-07-21T15:41:53.750Z,darari_nu,826,312
2026-07-21T15:41:53.750Z,coban3137,1473,751
2026-07-21T17:17:10.390Z,darari_nu,826,312
2026-07-21T17:17:10.390Z,coban3137,1473,751
2026-07-21T19:19:36.527Z,darari_nu,826,312
2026-07-21T19:19:36.527Z,coban3137,1473,751
2026-07-21T21:07:34.999Z,darari_nu,826,312
2026-07-21T21:07:34.999Z,coban3137,1473,751
2026-07-21T22:54:54.627Z,darari_nu,826,312
2026-07-21T22:54:54.627Z,coban3137,1474,751
2026-07-21T23:55:04.235Z,darari_nu,827,312
2026-07-21T23:55:04.235Z,coban3137,1475,751
2026-07-22T02:31:04.222Z,darari_nu,827,312
2026-07-22T02:31:04.222Z,coban3137,1475,751
2026-07-22T05:49:02.709Z,darari_nu,828,312
2026-07-22T05:49:02.709Z,coban3137,1474,751
2026-07-22T08:26:19.476Z,darari_nu,828,312
2026-07-22T08:26:19.476Z,coban3137,1474,751
2026-07-22T11:08:32.239Z,darari_nu,828,312
2026-07-22T11:08:32.239Z,coban3137,1474,751
2026-07-22T13:49:13.812Z,darari_nu,828,312
2026-07-22T13:49:13.812Z,coban3137,1474,751
2026-07-22T15:40:29.798Z,darari_nu,829,312
2026-07-22T15:40:29.798Z,coban3137,1475,751
2026-07-22T17:17:07.877Z,darari_nu,829,312
2026-07-22T17:17:07.877Z,coban3137,1476,751
2026-07-22T19:15:32.713Z,darari_nu,830,312
2026-07-22T19:15:32.713Z,coban3137,1476,751
2026-07-22T21:05:06.217Z,darari_nu,830,312
2026-07-22T21:05:06.217Z,coban3137,1476,751
2026-07-22T23:01:41.282Z,darari_nu,832,312
2026-07-22T23:01:41.282Z,coban3137,1476,751
2026-07-23T02:35:39.949Z,darari_nu,832,314
2026-07-23T02:35:39.949Z,coban3137,1476,751
2026-07-23T05:52:23.499Z,darari_nu,837,314
2026-07-23T05:52:23.499Z,coban3137,1476,751
2026-07-23T08:27:13.708Z,darari_nu,842,314
2026-07-23T08:27:13.708Z,coban3137,1475,751
2026-07-23T11:08:14.779Z,darari_nu,844,317
2026-07-23T11:08:14.779Z,coban3137,1475,751
2026-07-23T13:53:59.480Z,darari_nu,848,324
2026-07-23T13:53:59.480Z,coban3137,1475,751
2026-07-23T15:54:38.022Z,darari_nu,850,325
2026-07-23T15:54:38.022Z,coban3137,1475,751
2026-07-23T17:21:08.229Z,darari_nu,853,327
2026-07-23T17:21:08.229Z,coban3137,1475,751
2026-07-23T19:14:37.767Z,darari_nu,858,327
2026-07-23T19:14:37.767Z,coban3137,1475,751
2026-07-23T21:02:45.529Z,darari_nu,859,327
2026-07-23T21:02:45.529Z,coban3137,1476,751
2026-07-23T22:55:01.720Z,darari_nu,861,327
2026-07-23T22:55:01.720Z,coban3137,1476,751
2026-07-23T23:59:22.074Z,darari_nu,862,328
2026-07-23T23:59:22.074Z,coban3137,1476,751
2026-07-24T03:33:35.571Z,darari_nu,863,328
2026-07-24T03:33:35.571Z,coban3137,1476,751
2026-07-24T06:24:22.049Z,darari_nu,864,328
2026-07-24T06:24:22.049Z,coban3137,1476,751
2026-07-24T09:20:42.374Z,darari_nu,865,332
2026-07-24T09:20:42.374Z,coban3137,1477,752
2026-07-24T11:40:27.831Z,darari_nu,866,332
2026-07-24T11:40:27.831Z,coban3137,1477,752
2026-07-24T13:41:46.200Z,darari_nu,867,332
2026-07-24T13:41:46.200Z,coban3137,1477,752
2026-07-24T15:24:56.796Z,darari_nu,867,333
2026-07-24T15:24:56.796Z,coban3137,1478,753
2026-07-24T17:29:53.003Z,darari_nu,867,333
2026-07-24T17:29:53.003Z,coban3137,1478,753
2026-07-24T19:22:53.832Z,darari_nu,867,333
2026-07-24T19:22:53.832Z,coban3137,1478,753
2026-07-24T21:01:46.947Z,darari_nu,867,333
2026-07-24T21:01:46.947Z,coban3137,1478,753
2026-07-24T22:59:50.279Z,darari_nu,867,333
2026-07-24T22:59:50.279Z,coban3137,1478,753
2026-07-25T00:11:54.240Z,darari_nu,867,333
2026-07-25T00:11:54.240Z,coban3137,1478,753
2026-07-25T04:08:55.988Z,darari_nu,869,333
2026-07-25T04:08:55.988Z,coban3137,1479,753
2026-07-25T07:13:49.657Z,darari_nu,869,333
2026-07-25T07:13:49.657Z,coban3137,1479,753
2026-07-25T09:45:18.578Z,darari_nu,869,333
2026-07-25T09:45:18.578Z,coban3137,1479,753
2026-07-25T13:22:13.338Z,darari_nu,872,333
2026-07-25T13:22:13.338Z,coban3137,1480,753
2026-07-25T15:01:31.085Z,darari_nu,872,333
2026-07-25T15:01:31.085Z,coban3137,1481,753
2026-07-25T16:55:11.202Z,darari_nu,872,333
2026-07-25T16:55:11.202Z,coban3137,1481,753
2026-07-25T17:57:36.051Z,darari_nu,872,333
2026-07-25T17:57:36.051Z,coban3137,1482,753
2026-07-25T19:13:44.395Z,darari_nu,872,333
2026-07-25T19:13:44.395Z,coban3137,1482,753
2026-07-25T20:50:52.957Z,darari_nu,872,333
2026-07-25T20:50:52.957Z,coban3137,1482,753
2026-07-25T21:54:28.453Z,darari_nu,872,334
2026-07-25T21:54:28.453Z,coban3137,1482,753
2026-07-25T22:54:36.933Z,darari_nu,872,334
2026-07-25T22:54:36.933Z,coban3137,1483,753
2026-07-25T23:59:53.187Z,darari_nu,872,334
2026-07-25T23:59:53.187Z,coban3137,1483,753
2026-07-26T03:46:43.130Z,darari_nu,872,334
2026-07-26T03:46:43.130Z,coban3137,1484,753
2026-07-26T06:35:21.393Z,darari_nu,874,334
2026-07-26T06:35:21.393Z,coban3137,1484,753
2026-07-26T09:11:41.868Z,darari_nu,874,334
2026-07-26T09:11:41.868Z,coban3137,1484,754
2026-07-26T11:17:55.388Z,darari_nu,873,334
2026-07-26T11:17:55.388Z,coban3137,1485,754
2026-07-26T13:17:54.274Z,darari_nu,872,334
2026-07-26T13:17:54.274Z,coban3137,1486,754
2026-07-26T15:03:56.641Z,darari_nu,873,337
2026-07-26T15:03:56.641Z,coban3137,1486,754
2026-07-26T16:58:33.286Z,darari_nu,873,337
2026-07-26T16:58:33.286Z,coban3137,1486,754
2026-07-26T18:05:23.320Z,darari_nu,873,337
2026-07-26T18:05:23.320Z,coban3137,1486,754
2026-07-26T20:08:10.591Z,darari_nu,873,337
2026-07-26T20:08:10.591Z,coban3137,1486,754
2026-07-26T21:58:11.622Z,darari_nu,873,337
2026-07-26T21:58:11.622Z,coban3137,1486,754
2026-07-26T23:02:20.487Z,darari_nu,873,337
2026-07-26T23:02:20.487Z,coban3137,1486,754
2026-07-27T02:46:46.947Z,darari_nu,873,337
2026-07-27T02:46:46.947Z,coban3137,1486,754
2026-07-27T06:28:37.406Z,darari_nu,874,337
2026-07-27T06:28:37.406Z,coban3137,1486,754
2026-07-27T10:41:10.744Z,darari_nu,875,337
2026-07-27T10:41:10.744Z,coban3137,1486,754
2026-07-27T13:38:10.350Z,darari_nu,878,337
2026-07-27T13:38:10.350Z,coban3137,1485,754
2026-07-27T16:16:54.856Z,darari_nu,878,337
2026-07-27T16:16:54.856Z,coban3137,1485,754
2026-07-27T18:23:32.557Z,darari_nu,878,337
2026-07-27T18:23:32.557Z,coban3137,1486,754
2026-07-27T20:20:59.629Z,darari_nu,878,337
2026-07-27T20:20:59.629Z,coban3137,1486,754
2026-07-27T22:05:06.240Z,darari_nu,878,337
2026-07-27T22:05:06.240Z,coban3137,1486,754
2026-07-28T00:00:52.990Z,darari_nu,877,337
2026-07-28T00:00:52.990Z,coban3137,1486,754
2026-07-28T04:07:25.931Z,darari_nu,876,336
2026-07-28T04:07:25.931Z,coban3137,1484,754
2026-07-28T07:36:40.865Z,darari_nu,877,336
2026-07-28T07:36:40.865Z,coban3137,1484,754
2026-07-28T10:32:59.045Z,darari_nu,877,336
2026-07-28T10:32:59.045Z,coban3137,1484,754
2026-07-28T12:52:13.589Z,darari_nu,878,336
2026-07-28T12:52:13.589Z,coban3137,1484,754
2026-07-28T15:19:35.117Z,darari_nu,879,336
2026-07-28T15:19:35.117Z,coban3137,1484,754
2026-07-28T17:25:35.312Z,darari_nu,879,336
2026-07-28T17:25:35.312Z,coban3137,1484,754
2026-07-28T19:20:16.820Z,darari_nu,879,336
2026-07-28T19:20:16.820Z,coban3137,1484,754
2026-07-28T21:05:26.385Z,darari_nu,879,336
2026-07-28T21:05:26.385Z,coban3137,1484,754
2026-07-28T22:56:22.131Z,darari_nu,879,336
2026-07-28T22:56:22.131Z,coban3137,1483,754
2026-07-28T23:57:52.816Z,darari_nu,879,336
2026-07-28T23:57:52.816Z,coban3137,1483,754
2026-07-29T03:12:26.891Z,darari_nu,878,336
2026-07-29T03:12:26.891Z,coban3137,1483,754
2026-07-29T06:30:39.317Z,darari_nu,878,336
2026-07-29T06:30:39.317Z,coban3137,1483,754
2026-07-29T09:35:54.871Z,darari_nu,878,336
2026-07-29T09:35:54.871Z,coban3137,1482,754
2026-07-29T11:59:20.885Z,darari_nu,878,336
2026-07-29T11:59:20.885Z,coban3137,1482,754
2026-07-29T14:26:26.479Z,darari_nu,879,336
2026-07-29T14:26:26.479Z,coban3137,1483,754
2026-07-29T16:20:42.370Z,darari_nu,880,336
2026-07-29T16:20:42.370Z,coban3137,1483,754
2026-07-29T18:06:01.991Z,darari_nu,880,336
2026-07-29T18:06:01.991Z,coban3137,1483,754
2026-07-29T20:11:55.559Z,darari_nu,879,335
2026-07-29T20:11:55.559Z,coban3137,1483,754
2026-07-29T22:00:04.810Z,darari_nu,878,334
2026-07-29T22:00:04.810Z,coban3137,1482,753
2026-07-29T23:06:13.994Z,darari_nu,878,334
2026-07-29T23:06:13.994Z,coban3137,1482,753
2026-07-30T02:11:57.379Z,darari_nu,878,334
2026-07-30T02:11:57.379Z,coban3137,1482,753
2026-07-30T05:39:46.064Z,darari_nu,878,334
2026-07-30T05:39:46.064Z,coban3137,1485,755
2026-07-30T08:23:43.983Z,darari_nu,878,334
2026-07-30T08:23:43.983Z,coban3137,1490,759
2026-07-30T11:06:24.731Z,darari_nu,878,334
2026-07-30T11:06:24.731Z,coban3137,1496,764
2026-07-30T13:56:13.235Z,darari_nu,878,334
2026-07-30T13:56:13.235Z,coban3137,1499,765
2026-07-30T15:51:49.167Z,darari_nu,879,334
2026-07-30T15:51:49.167Z,coban3137,1500,765
2026-07-30T17:25:16.238Z,darari_nu,879,334
2026-07-30T17:25:16.238Z,coban3137,1501,765
2026-07-30T19:23:30.977Z,darari_nu,879,334
2026-07-30T19:23:30.977Z,coban3137,1502,765
2026-07-30T21:07:38.117Z,darari_nu,879,334
2026-07-30T21:07:38.117Z,coban3137,1503,765
2026-07-30T23:05:20.247Z,darari_nu,879,334
2026-07-30T23:05:20.247Z,coban3137,1503,765
2026-07-31T02:40:41.813Z,darari_nu,879,334
2026-07-31T02:40:41.813Z,coban3137,1503,765
2026-07-31T06:11:54.369Z,darari_nu,880,334
2026-07-31T06:11:54.369Z,coban3137,1503,766
2026-07-31T09:43:14.179Z,darari_nu,881,334
2026-07-31T09:43:14.179Z,coban3137,1504,766
2026-07-31T11:58:44.508Z,darari_nu,881,334
2026-07-31T11:58:44.508Z,coban3137,1504,766
2026-07-31T14:24:39.768Z,darari_nu,881,334
2026-07-31T14:24:39.768Z,coban3137,1506,766
2026-07-31T16:44:28.085Z,darari_nu,881,334
2026-07-31T16:44:28.085Z,coban3137,1507,768
2026-07-31T18:19:20.643Z,darari_nu,881,334
2026-07-31T18:19:20.643Z,coban3137,1507,768
2026-07-31T20:18:57.487Z,darari_nu,881,334
2026-07-31T20:18:57.487Z,coban3137,1509,768
2026-07-31T22:04:02.571Z,darari_nu,882,334
2026-07-31T22:04:02.571Z,coban3137,1509,768
2026-08-01T00:00:36.670Z,darari_nu,882,334
2026-08-01T00:00:36.670Z,coban3137,1509,768
2026-08-01T04:19:13.028Z,darari_nu,882,334
2026-08-01T04:19:13.028Z,coban3137,1508,768
2026-08-01T07:26:02.700Z,darari_nu,882,334
2026-08-01T07:26:02.700Z,coban3137,1508,768
2026-08-01T09:56:52.529Z,darari_nu,882,334
2026-08-01T09:56:52.529Z,coban3137,1508,768
2026-08-01T11:17:38.940Z,darari_nu,882,334
2026-08-01T11:17:38.940Z,coban3137,1508,768
2026-08-01T13:16:43.194Z,darari_nu,882,334
2026-08-01T13:16:43.194Z,coban3137,1510,768
2026-08-01T14:59:16.690Z,darari_nu,882,334
2026-08-01T14:59:16.690Z,coban3137,1510,768
2026-08-01T16:07:24.076Z,darari_nu,882,334
2026-08-01T16:07:24.076Z,coban3137,1510,769
2026-08-01T17:59:08.303Z,darari_nu,881,334
2026-08-01T17:59:08.303Z,coban3137,1512,769
2026-08-01T19:20:48.038Z,darari_nu,881,334
2026-08-01T19:20:48.038Z,coban3137,1512,769
2026-08-01T20:50:34.866Z,darari_nu,881,334
2026-08-01T20:50:34.866Z,coban3137,1513,769
2026-08-01T21:54:03.548Z,darari_nu,881,334
2026-08-01T21:54:03.548Z,coban3137,1513,769
2026-08-01T22:53:58.677Z,darari_nu,881,334
2026-08-01T22:53:58.677Z,coban3137,1513,769
2026-08-01T23:56:14.060Z,darari_nu,881,334
2026-08-01T23:56:14.060Z,coban3137,1513,769
2026-08-02T02:46:03.329Z,darari_nu,881,334
2026-08-02T02:46:03.329Z,coban3137,1513,769
2026-08-02T05:56:39.953Z,darari_nu,881,334
2026-08-02T05:56:39.953Z,coban3137,1513,769
2026-08-02T08:24:18.904Z,darari_nu,881,334
2026-08-02T08:24:18.904Z,coban3137,1513,769
2026-08-02T10:39:48.933Z,darari_nu,881,334
2026-08-02T10:39:48.933Z,coban3137,1513,769
2026-08-02T12:01:29.503Z,darari_nu,881,334
2026-08-02T12:01:29.503Z,coban3137,1513,769
2026-08-02T14:28:00.728Z,darari_nu,881,334
2026-08-02T14:28:00.728Z,coban3137,1514,769
2026-08-02T15:59:18.618Z,darari_nu,881,334
2026-08-02T15:59:18.618Z,coban3137,1514,769
2026-08-02T17:09:11.986Z,darari_nu,881,334
2026-08-02T17:09:11.986Z,coban3137,1514,769
2026-08-02T19:07:27.335Z,darari_nu,882,334
2026-08-02T19:07:27.335Z,coban3137,1514,769
2026-08-02T20:54:07.809Z,darari_nu,882,334
2026-08-02T20:54:07.809Z,coban3137,1514,769
2026-08-02T21:54:36.512Z,darari_nu,882,334
2026-08-02T21:54:36.512Z,coban3137,1514,769
2026-08-02T22:55:09.413Z,darari_nu,882,334
2026-08-02T22:55:09.413Z,coban3137,1514,769
2026-08-02T23:57:43.436Z,darari_nu,882,334
2026-08-02T23:57:43.436Z,coban3137,1515,769
2026-08-03T03:25:14.923Z,darari_nu,881,334
2026-08-03T03:25:14.923Z,coban3137,1516,769
2026-08-03T06:58:00.339Z,darari_nu,882,334
2026-08-03T06:58:00.339Z,coban3137,1517,769
2026-08-03T10:48:19.134Z,darari_nu,881,334
2026-08-03T10:48:19.134Z,coban3137,1517,769
2026-08-03T13:39:47.413Z,darari_nu,881,334
2026-08-03T13:39:47.413Z,coban3137,1520,772
2026-08-03T16:23:44.208Z,darari_nu,882,334
2026-08-03T16:23:44.208Z,coban3137,1521,772
2026-08-03T18:50:15.096Z,darari_nu,882,334
2026-08-03T18:50:15.096Z,coban3137,1522,772
2026-08-03T20:26:04.577Z,darari_nu,882,334
2026-08-03T20:26:04.577Z,coban3137,1522,772
2026-08-03T22:07:56.402Z,darari_nu,883,334
2026-08-03T22:07:56.402Z,coban3137,1522,772
2026-08-04T00:07:57.126Z,darari_nu,883,334
2026-08-04T00:07:57.126Z,coban3137,1522,772
2026-08-04T04:12:16.610Z,darari_nu,883,334
2026-08-04T04:12:16.610Z,coban3137,1523,772
2026-08-04T07:37:49.142Z,darari_nu,884,334
2026-08-04T07:37:49.142Z,coban3137,1524,773
2026-08-04T10:36:49.640Z,darari_nu,885,334
2026-08-04T10:36:49.640Z,coban3137,1525,773
2026-08-04T13:01:06.732Z,darari_nu,885,334
2026-08-04T13:01:06.732Z,coban3137,1525,773
2026-08-04T16:10:30.433Z,darari_nu,885,334
2026-08-04T16:10:30.433Z,coban3137,1525,773
2026-08-04T18:26:03.113Z,darari_nu,885,334
2026-08-04T18:26:03.113Z,coban3137,1525,773
2026-08-04T20:22:26.373Z,darari_nu,885,334
2026-08-04T20:22:26.373Z,coban3137,1525,773
2026-08-04T22:10:01.597Z,darari_nu,885,334
2026-08-04T22:10:01.597Z,coban3137,1525,773
2026-08-05T00:00:33.231Z,darari_nu,885,334
2026-08-05T00:00:33.231Z,coban3137,1527,774
2026-08-05T03:24:27.667Z,darari_nu,885,334
2026-08-05T03:24:27.667Z,coban3137,1529,774
2026-08-05T06:26:41.062Z,darari_nu,885,334
2026-08-05T06:26:41.062Z,coban3137,1529,774
2026-08-05T09:36:04.170Z,darari_nu,885,334
2026-08-05T09:36:04.170Z,coban3137,1529,775
2026-08-05T11:58:54.753Z,darari_nu,885,334
2026-08-05T11:58:54.753Z,coban3137,1529,775
2026-08-05T14:24:57.397Z,darari_nu,885,334
2026-08-05T14:24:57.397Z,coban3137,1529,775
2026-08-05T16:40:51.390Z,darari_nu,886,334
2026-08-05T16:40:51.390Z,coban3137,1529,775
2026-08-05T18:20:27.660Z,darari_nu,885,334
2026-08-05T18:20:27.660Z,coban3137,1530,775
2026-08-05T20:25:48.738Z,darari_nu,885,334
2026-08-05T20:25:48.738Z,coban3137,1530,775
2026-08-05T22:11:43.732Z,darari_nu,885,334
2026-08-05T22:11:43.732Z,coban3137,1530,775
2026-08-05T23:58:53.360Z,darari_nu,885,334
2026-08-05T23:58:53.360Z,coban3137,1531,775
2026-08-06T03:22:04.960Z,darari_nu,885,334
2026-08-06T03:22:04.960Z,coban3137,1530,775
2026-08-06T06:29:10.735Z,darari_nu,885,334
2026-08-06T06:29:10.735Z,coban3137,1530,775
2026-08-06T09:38:29.539Z,darari_nu,885,334
2026-08-06T09:38:29.539Z,coban3137,1530,775
2026-08-06T12:01:40.106Z,darari_nu,885,334
2026-08-06T12:01:40.106Z,coban3137,1530,775
2026-08-06T15:11:55.229Z,darari_nu,885,334
2026-08-06T15:11:55.229Z,coban3137,1530,775
2026-08-06T23:57:17.691Z,darari_nu,884,334
2026-08-06T23:57:17.691Z,coban3137,1532,775
2026-08-07T02:42:11.993Z,darari_nu,884,334
2026-08-07T02:42:11.993Z,coban3137,1532,775
2026-08-07T04:53:17.675Z,darari_nu,884,334
2026-08-07T04:53:17.675Z,coban3137,1532,775
2026-08-07T06:08:09.002Z,darari_nu,884,334
2026-08-07T06:08:09.002Z,coban3137,1532,775
2026-08-07T08:12:28.292Z,darari_nu,884,334
2026-08-07T08:12:28.292Z,coban3137,1532,775
2026-08-07T10:00:00.324Z,darari_nu,884,334
2026-08-07T10:00:00.324Z,coban3137,1532,775
2026-08-07T11:00:49.831Z,darari_nu,885,334
2026-08-07T11:00:49.831Z,coban3137,1532,775
2026-08-07T12:59:12.484Z,darari_nu,885,334
2026-08-07T12:59:12.484Z,coban3137,1532,775
2026-08-07T14:16:04.468Z,darari_nu,885,334
2026-08-07T14:16:04.468Z,coban3137,1531,775
2026-08-07T15:54:30.428Z,darari_nu,885,334
2026-08-07T15:54:30.428Z,coban3137,1531,775
2026-08-07T16:52:36.556Z,darari_nu,885,334
2026-08-07T16:52:36.556Z,coban3137,1531,775
2026-08-07T17:48:03.357Z,darari_nu,885,334
2026-08-07T17:48:03.357Z,coban3137,1531,775
2026-08-07T18:53:51.558Z,darari_nu,885,334
2026-08-07T18:53:51.558Z,coban3137,1531,775
2026-08-07T19:51:38.844Z,darari_nu,885,334
2026-08-07T19:51:38.844Z,coban3137,1531,775
2026-08-07T20:38:47.747Z,darari_nu,885,334
2026-08-07T20:38:47.747Z,coban3137,1531,775
2026-08-07T21:37:45.442Z,darari_nu,885,334
2026-08-07T21:37:45.442Z,coban3137,1531,775
2026-08-07T22:32:53.892Z,darari_nu,885,334
2026-08-07T22:32:53.892Z,coban3137,1531,775
2026-08-07T23:32:09.958Z,darari_nu,885,334
2026-08-07T23:32:09.958Z,coban3137,1531,775
2026-08-08T01:24:53.401Z,darari_nu,885,334
2026-08-08T01:24:53.401Z,coban3137,1531,775
2026-08-08T03:23:59.232Z,darari_nu,885,334
2026-08-08T03:23:59.232Z,coban3137,1532,775
2026-08-08T04:54:55.229Z,darari_nu,886,334
2026-08-08T04:54:55.229Z,coban3137,1532,775
2026-08-08T05:41:07.329Z,darari_nu,886,334
2026-08-08T05:41:07.329Z,coban3137,1532,775
2026-08-08T06:50:05.522Z,darari_nu,887,334
2026-08-08T06:50:05.522Z,coban3137,1532,775
2026-08-08T07:47:47.478Z,darari_nu,887,334
2026-08-08T07:47:47.478Z,coban3137,1532,775
2026-08-08T08:38:24.576Z,darari_nu,887,334
2026-08-08T08:38:24.576Z,coban3137,1532,775
2026-08-08T09:36:02.068Z,darari_nu,887,334
2026-08-08T09:36:02.068Z,coban3137,1532,775
2026-08-08T10:30:59.256Z,darari_nu,887,334
2026-08-08T10:30:59.256Z,coban3137,1532,775
2026-08-08T11:26:34.918Z,darari_nu,887,334
2026-08-08T11:26:34.918Z,coban3137,1532,775
2026-08-08T12:43:39.001Z,darari_nu,887,334
2026-08-08T12:43:39.001Z,coban3137,1532,775
2026-08-08T13:43:49.130Z,darari_nu,887,334
2026-08-08T13:43:49.130Z,coban3137,1532,775
2026-08-08T14:30:34.573Z,darari_nu,887,334
2026-08-08T14:30:34.573Z,coban3137,1532,775
2026-08-08T15:27:52.338Z,darari_nu,887,334
2026-08-08T15:27:52.338Z,coban3137,1532,775
2026-08-08T16:31:02.740Z,darari_nu,887,334
2026-08-08T16:31:02.740Z,coban3137,1532,775
2026-08-08T17:28:21.084Z,darari_nu,887,334
2026-08-08T17:28:21.084Z,coban3137,1532,775
2026-08-08T18:35:08.717Z,darari_nu,887,334
2026-08-08T18:35:08.717Z,coban3137,1533,775
2026-08-08T19:28:11.340Z,darari_nu,887,334
2026-08-08T19:28:11.340Z,coban3137,1533,775
2026-08-08T20:27:27.326Z,darari_nu,887,334
2026-08-08T20:27:27.326Z,coban3137,1533,775
2026-08-08T21:27:52.666Z,darari_nu,887,334
2026-08-08T21:27:52.666Z,coban3137,1533,775
2026-08-08T22:27:13.105Z,darari_nu,887,334
2026-08-08T22:27:13.105Z,coban3137,1533,775
2026-08-08T23:26:48.402Z,darari_nu,887,334
2026-08-08T23:26:48.402Z,coban3137,1533,775
2026-08-09T01:37:09.786Z,darari_nu,887,334
2026-08-09T01:37:09.786Z,coban3137,1533,775
2026-08-09T03:40:33.248Z,darari_nu,887,334
2026-08-09T03:40:33.248Z,coban3137,1533,775
2026-08-09T05:02:31.158Z,darari_nu,887,334
2026-08-09T05:02:31.158Z,coban3137,1533,775
2026-08-09T06:53:41.727Z,darari_nu,890,334
2026-08-09T06:53:41.727Z,coban3137,1533,775
2026-08-09T07:52:46.683Z,darari_nu,890,334
2026-08-09T07:52:46.683Z,coban3137,1533,775
2026-08-09T08:40:10.471Z,darari_nu,890,334
2026-08-09T08:40:10.471Z,coban3137,1534,775
2026-08-09T09:37:11.983Z,darari_nu,890,334
2026-08-09T09:37:11.983Z,coban3137,1534,776
2026-08-09T10:32:43.615Z,darari_nu,890,334
2026-08-09T10:32:43.615Z,coban3137,1534,776
2026-08-09T11:27:25.930Z,darari_nu,890,334
2026-08-09T11:27:25.930Z,coban3137,1534,776
2026-08-09T12:46:06.264Z,darari_nu,890,334
2026-08-09T12:46:06.264Z,coban3137,1534,776
2026-08-09T13:48:33.815Z,darari_nu,890,334
2026-08-09T13:48:33.815Z,coban3137,1534,776
2026-08-09T14:32:46.773Z,darari_nu,891,334
2026-08-09T14:32:46.773Z,coban3137,1534,776
2026-08-09T15:29:28.118Z,darari_nu,891,334
2026-08-09T15:29:28.118Z,coban3137,1534,776
2026-08-09T16:31:59.800Z,darari_nu,891,334
2026-08-09T16:31:59.800Z,coban3137,1534,776
2026-08-09T17:30:04.099Z,darari_nu,891,334
2026-08-09T17:30:04.099Z,coban3137,1535,776
2026-08-09T18:37:48.030Z,darari_nu,891,334
2026-08-09T18:37:48.030Z,coban3137,1535,776
2026-08-09T19:31:51.412Z,darari_nu,891,334
2026-08-09T19:31:51.412Z,coban3137,1535,776
2026-08-09T20:30:01.033Z,darari_nu,891,334
2026-08-09T20:30:01.033Z,coban3137,1535,776
2026-08-09T21:30:19.459Z,darari_nu,891,334
2026-08-09T21:30:19.459Z,coban3137,1535,776
2026-08-09T22:28:43.256Z,darari_nu,891,334
2026-08-09T22:28:43.256Z,coban3137,1535,776
2026-08-09T23:29:36.263Z,darari_nu,891,334
2026-08-09T23:29:36.263Z,coban3137,1536,776
2026-08-10T01:40:08.715Z,darari_nu,891,334
2026-08-10T01:40:08.715Z,coban3137,1536,777
2026-08-10T03:53:03.638Z,darari_nu,891,334
2026-08-10T03:53:03.638Z,coban3137,1536,777
2026-08-10T05:24:56.805Z,darari_nu,891,334
2026-08-10T05:24:56.805Z,coban3137,1536,777
2026-08-10T07:37:36.593Z,darari_nu,891,334
2026-08-10T07:37:36.593Z,coban3137,1535,777
2026-08-10T09:18:05.038Z,darari_nu,891,334
2026-08-10T09:18:05.038Z,coban3137,1535,777
2026-08-10T11:06:27.256Z,darari_nu,891,334
2026-08-10T11:06:27.256Z,coban3137,1535,777
2026-08-10T13:03:15.702Z,darari_nu,891,334
2026-08-10T13:03:15.702Z,coban3137,1535,777
2026-08-10T14:56:26.589Z,darari_nu,891,334
2026-08-10T14:56:26.589Z,coban3137,1535,777
2026-08-10T15:59:53.565Z,darari_nu,891,334
2026-08-10T15:59:53.565Z,coban3137,1535,777
2026-08-10T17:02:14.173Z,darari_nu,891,334
2026-08-10T17:02:14.173Z,coban3137,1535,777
2026-08-10T18:54:59.725Z,darari_nu,892,334
2026-08-10T18:54:59.725Z,coban3137,1535,777
2026-08-10T19:54:24.962Z,darari_nu,892,334
2026-08-10T19:54:24.962Z,coban3137,1535,777
2026-08-10T20:40:25.081Z,darari_nu,892,334
2026-08-10T20:40:25.081Z,coban3137,1535,777
2026-08-10T21:39:18.518Z,darari_nu,892,334
2026-08-10T21:39:18.518Z,coban3137,1535,777
2026-08-10T22:35:22.095Z,darari_nu,892,334
2026-08-10T22:35:22.095Z,coban3137,1535,777
2026-08-10T23:33:00.661Z,darari_nu,893,334
2026-08-10T23:33:00.661Z,coban3137,1535,777
2026-08-11T01:37:15.448Z,darari_nu,893,333
2026-08-11T01:37:15.448Z,coban3137,1536,777
2026-08-11T03:42:38.479Z,darari_nu,893,333
2026-08-11T03:42:38.479Z,coban3137,1537,777
2026-08-11T05:06:24.606Z,darari_nu,893,333
2026-08-11T05:06:24.606Z,coban3137,1537,777
2026-08-11T07:04:05.896Z,darari_nu,893,333
2026-08-11T07:04:05.896Z,coban3137,1538,777
2026-08-11T08:53:34.283Z,darari_nu,893,333
2026-08-11T08:53:34.283Z,coban3137,1538,777
2026-08-11T09:58:51.032Z,darari_nu,893,333
2026-08-11T09:58:51.032Z,coban3137,1538,777
2026-08-11T10:56:25.053Z,darari_nu,893,333
2026-08-11T10:56:25.053Z,coban3137,1538,777
2026-08-11T11:43:11.837Z,darari_nu,893,333
2026-08-11T11:43:11.837Z,coban3137,1538,777
2026-08-11T12:59:58.890Z,darari_nu,893,333
2026-08-11T12:59:58.890Z,coban3137,1538,777
2026-08-11T14:22:56.641Z,darari_nu,893,333
2026-08-11T14:22:56.641Z,coban3137,1539,777
2026-08-11T15:59:33.349Z,darari_nu,893,333
2026-08-11T15:59:33.349Z,coban3137,1539,777
2026-08-11T18:59:34.508Z,darari_nu,893,333
2026-08-11T18:59:34.508Z,coban3137,1539,777
2026-08-11T20:02:29.226Z,darari_nu,894,333
2026-08-11T20:02:29.226Z,coban3137,1539,777
2026-08-11T21:43:30.116Z,darari_nu,894,333
2026-08-11T21:43:30.116Z,coban3137,1539,777
2026-08-11T22:39:37.586Z,darari_nu,894,333
2026-08-11T22:39:37.586Z,coban3137,1539,777
2026-08-11T23:38:24.386Z,darari_nu,894,333
2026-08-11T23:38:24.386Z,coban3137,1539,778
2026-08-12T01:48:07.474Z,darari_nu,894,333
2026-08-12T01:48:07.474Z,coban3137,1539,778
2026-08-12T04:06:03.567Z,darari_nu,894,333
2026-08-12T04:06:03.567Z,coban3137,1539,778
2026-08-12T06:12:42.637Z,darari_nu,895,333
2026-08-12T06:12:42.637Z,coban3137,1539,778
2026-08-12T08:15:50.182Z,darari_nu,894,333
2026-08-12T08:15:50.182Z,coban3137,1539,778
2026-08-12T10:01:58.737Z,darari_nu,894,333
2026-08-12T10:01:58.737Z,coban3137,1541,778
2026-08-12T11:43:55.870Z,darari_nu,894,333
2026-08-12T11:43:55.870Z,coban3137,1541,778
2026-08-12T13:04:52.176Z,darari_nu,894,333
2026-08-12T13:04:52.176Z,coban3137,1541,778
2026-08-12T15:57:44.515Z,darari_nu,895,333
2026-08-12T15:57:44.515Z,coban3137,1542,779
2026-08-12T19:59:38.036Z,darari_nu,896,333
2026-08-12T19:59:38.036Z,coban3137,1542,779
2026-08-12T22:38:26.029Z,darari_nu,896,333
2026-08-12T22:38:26.029Z,coban3137,1542,779
2026-08-13T01:49:45.091Z,darari_nu,896,333
2026-08-13T01:49:45.091Z,coban3137,1542,779
2026-08-13T06:15:16.252Z,darari_nu,896,333
2026-08-13T06:15:16.252Z,coban3137,1542,779
2026-08-13T10:03:13.754Z,darari_nu,896,333
2026-08-13T10:03:13.754Z,coban3137,1542,779
2026-08-13T13:06:03.217Z,darari_nu,896,333
2026-08-13T13:06:03.217Z,coban3137,1543,779
2026-08-13T15:58:02.684Z,darari_nu,896,333
2026-08-13T15:58:02.684Z,coban3137,1543,779
2026-08-13T19:54:58.988Z,darari_nu,896,333
2026-08-13T19:54:58.988Z,coban3137,1544,779
2026-08-13T22:39:33.088Z,darari_nu,896,333
2026-08-13T22:39:33.088Z,coban3137,1544,779
2026-08-14T01:48:13.417Z,darari_nu,895,332
2026-08-14T01:48:13.417Z,coban3137,1544,779
2026-08-14T06:12:32.728Z,darari_nu,894,332
2026-08-14T06:12:32.728Z,coban3137,1544,779
2026-08-14T09:58:58.547Z,darari_nu,895,332
2026-08-14T09:58:58.547Z,coban3137,1546,779
2026-08-14T13:02:13.352Z,darari_nu,895,332
2026-08-14T13:02:13.352Z,coban3137,1547,779
2026-08-14T15:50:25.179Z,darari_nu,895,332
2026-08-14T15:50:25.179Z,coban3137,1550,783
2026-08-14T16:50:23.349Z,darari_nu,895,332
2026-08-14T16:50:23.349Z,coban3137,1550,783
2026-08-14T17:51:25.081Z,darari_nu,895,332
2026-08-14T17:51:25.081Z,coban3137,1550,783
2026-08-14T18:51:23.368Z,darari_nu,895,332
2026-08-14T18:51:23.368Z,coban3137,1550,783
2026-08-14T19:46:41.088Z,darari_nu,895,332
2026-08-14T19:46:41.088Z,coban3137,1550,783
2026-08-14T20:28:43.360Z,darari_nu,894,332
2026-08-14T20:28:43.360Z,coban3137,1550,783
2026-08-14T21:23:18.368Z,darari_nu,894,332
2026-08-14T21:23:18.368Z,coban3137,1550,783
2026-08-14T22:20:31.189Z,darari_nu,894,332
2026-08-14T22:20:31.189Z,coban3137,1551,783
2026-08-14T23:19:50.063Z,darari_nu,894,332
2026-08-14T23:19:50.063Z,coban3137,1551,783
2026-08-15T01:07:27.268Z,darari_nu,894,332
2026-08-15T01:07:27.268Z,coban3137,1551,783
2026-08-15T02:50:55.095Z,darari_nu,894,332
2026-08-15T02:50:55.095Z,coban3137,1551,783
2026-08-15T03:37:02.548Z,darari_nu,894,332
2026-08-15T03:37:02.548Z,coban3137,1551,783
2026-08-15T04:28:53.918Z,darari_nu,894,332
2026-08-15T04:28:53.918Z,coban3137,1551,783
2026-08-15T05:22:32.040Z,darari_nu,894,332
2026-08-15T05:22:32.040Z,coban3137,1551,783
2026-08-15T06:35:07.397Z,darari_nu,894,332
2026-08-15T06:35:07.397Z,coban3137,1551,783
2026-08-15T07:28:53.201Z,darari_nu,895,332
2026-08-15T07:28:53.201Z,coban3137,1551,783
2026-08-15T08:25:57.590Z,darari_nu,895,332
2026-08-15T08:25:57.590Z,coban3137,1551,783
2026-08-15T09:24:12.306Z,darari_nu,895,332
2026-08-15T09:24:12.306Z,coban3137,1552,783
2026-08-15T10:20:30.677Z,darari_nu,895,332
2026-08-15T10:20:30.677Z,coban3137,1552,783
2026-08-15T11:18:34.666Z,darari_nu,895,332
2026-08-15T11:18:34.666Z,coban3137,1552,783
2026-08-15T12:33:40.410Z,darari_nu,895,332
2026-08-15T12:33:40.410Z,coban3137,1552,783
2026-08-15T13:28:15.063Z,darari_nu,895,332
2026-08-15T13:28:15.063Z,coban3137,1552,783
2026-08-15T14:19:53.000Z,darari_nu,895,332
2026-08-15T14:19:53.000Z,coban3137,1552,783
2026-08-15T15:18:16.620Z,darari_nu,895,332
2026-08-15T15:18:16.620Z,coban3137,1551,783
2026-08-15T16:21:47.119Z,darari_nu,895,332
2026-08-15T16:21:47.119Z,coban3137,1551,783
2026-08-15T17:18:53.980Z,darari_nu,895,332
2026-08-15T17:18:53.980Z,coban3137,1551,783
2026-08-15T18:26:32.248Z,darari_nu,894,332
2026-08-15T18:26:32.248Z,coban3137,1551,783
2026-08-15T19:20:17.868Z,darari_nu,894,332
2026-08-15T19:20:17.868Z,coban3137,1551,783
2026-08-15T20:20:14.032Z,darari_nu,894,332
2026-08-15T20:20:14.032Z,coban3137,1551,783
2026-08-15T21:20:56.384Z,darari_nu,895,332
2026-08-15T21:20:56.384Z,coban3137,1551,783
2026-08-15T22:18:55.566Z,darari_nu,895,332
2026-08-15T22:18:55.566Z,coban3137,1551,783
2026-08-15T23:18:35.597Z,darari_nu,895,332
2026-08-15T23:18:35.597Z,coban3137,1551,783
2026-08-16T01:11:44.695Z,darari_nu,895,332
2026-08-16T01:11:44.695Z,coban3137,1552,783
2026-08-16T02:57:50.327Z,darari_nu,896,332
2026-08-16T02:57:50.327Z,coban3137,1552,783
2026-08-16T03:51:46.205Z,darari_nu,897,332
2026-08-16T03:51:46.205Z,coban3137,1552,783
2026-08-16T04:33:38.865Z,darari_nu,897,332
2026-08-16T04:33:38.865Z,coban3137,1552,783
2026-08-16T05:26:14.463Z,darari_nu,897,332
2026-08-16T05:26:14.463Z,coban3137,1552,783
2026-08-16T06:36:42.328Z,darari_nu,897,332
2026-08-16T06:36:42.328Z,coban3137,1553,783
2026-08-16T07:29:15.196Z,darari_nu,898,332
2026-08-16T07:29:15.196Z,coban3137,1553,783
2026-08-16T08:26:59.027Z,darari_nu,898,332
2026-08-16T08:26:59.027Z,coban3137,1553,783
2026-08-16T09:25:10.194Z,darari_nu,898,333
2026-08-16T09:25:10.194Z,coban3137,1554,783
2026-08-16T10:20:46.402Z,darari_nu,898,333
2026-08-16T10:20:46.402Z,coban3137,1554,783
2026-08-16T11:18:23.238Z,darari_nu,898,333
2026-08-16T11:18:23.238Z,coban3137,1554,783
2026-08-16T12:35:04.867Z,darari_nu,898,333
2026-08-16T12:35:04.867Z,coban3137,1554,783
2026-08-16T13:29:40.762Z,darari_nu,898,333
2026-08-16T13:29:40.762Z,coban3137,1554,783
2026-08-16T14:20:33.277Z,darari_nu,898,333
2026-08-16T14:20:33.277Z,coban3137,1554,783
2026-08-16T15:19:18.337Z,darari_nu,898,333
2026-08-16T15:19:18.337Z,coban3137,1554,783
2026-08-16T16:22:19.226Z,darari_nu,898,333
2026-08-16T16:22:19.226Z,coban3137,1554,783
2026-08-16T17:17:34.983Z,darari_nu,898,333
2026-08-16T17:17:34.983Z,coban3137,1554,783
2026-08-16T18:26:04.174Z,darari_nu,899,333
2026-08-16T18:26:04.174Z,coban3137,1554,783
2026-08-16T19:19:39.403Z,darari_nu,899,333
2026-08-16T19:19:39.403Z,coban3137,1554,783
2026-08-16T20:19:36.454Z,darari_nu,899,333
2026-08-16T20:19:36.454Z,coban3137,1554,783
2026-08-16T21:17:51.936Z,darari_nu,899,334
2026-08-16T21:17:51.936Z,coban3137,1554,783
2026-08-16T22:18:50.173Z,darari_nu,899,334
2026-08-16T22:18:50.173Z,coban3137,1554,783
2026-08-16T23:17:43.095Z,darari_nu,899,334
2026-08-16T23:17:43.095Z,coban3137,1554,783
2026-08-17T01:09:03.841Z,darari_nu,899,334
2026-08-17T01:09:03.841Z,coban3137,1554,783
2026-08-17T02:57:53.155Z,darari_nu,899,334
2026-08-17T02:57:53.155Z,coban3137,1554,783
2026-08-17T03:53:27.905Z,darari_nu,899,334
2026-08-17T03:53:27.905Z,coban3137,1554,783
2026-08-17T04:39:38.479Z,darari_nu,899,334
2026-08-17T04:39:38.479Z,coban3137,1554,783
2026-08-17T05:33:15.146Z,darari_nu,899,334
2026-08-17T05:33:15.146Z,coban3137,1554,783
2026-08-17T06:51:37.978Z,darari_nu,899,334
2026-08-17T06:51:37.978Z,coban3137,1554,783
2026-08-17T07:51:37.143Z,darari_nu,899,334
2026-08-17T07:51:37.143Z,coban3137,1554,783
2026-08-17T08:40:47.345Z,darari_nu,899,334
2026-08-17T08:40:47.345Z,coban3137,1554,783
2026-08-17T09:39:00.943Z,darari_nu,899,334
2026-08-17T09:39:00.943Z,coban3137,1554,783
2026-08-17T10:29:56.406Z,darari_nu,899,334
2026-08-17T10:29:56.406Z,coban3137,1555,783
2026-08-17T11:23:24.237Z,darari_nu,899,334
2026-08-17T11:23:24.237Z,coban3137,1555,783
2026-08-17T12:39:58.568Z,darari_nu,899,334
2026-08-17T12:39:58.568Z,coban3137,1556,783
2026-08-17T13:37:57.432Z,darari_nu,899,334
2026-08-17T13:37:57.432Z,coban3137,1556,783
2026-08-17T14:25:52.054Z,darari_nu,900,334
2026-08-17T14:25:52.054Z,coban3137,1556,783
2026-08-17T15:22:55.917Z,darari_nu,900,334
2026-08-17T15:22:55.917Z,coban3137,1557,783
2026-08-17T16:25:08.739Z,darari_nu,899,334
2026-08-17T16:25:08.739Z,coban3137,1558,783
2026-08-17T17:25:12.233Z,darari_nu,899,334
2026-08-17T17:25:12.233Z,coban3137,1558,783
2026-08-17T18:36:45.452Z,darari_nu,899,334
2026-08-17T18:36:45.452Z,coban3137,1558,783
2026-08-17T19:26:18.875Z,darari_nu,899,334
2026-08-17T19:26:18.875Z,coban3137,1558,783
2026-08-17T20:24:11.833Z,darari_nu,899,334
2026-08-17T20:24:11.833Z,coban3137,1558,783
2026-08-17T22:22:30.967Z,darari_nu,899,334
2026-08-17T22:22:30.967Z,coban3137,1558,783
2026-08-17T23:20:38.113Z,darari_nu,899,334
2026-08-17T23:20:38.113Z,coban3137,1558,783
2026-08-18T01:07:23.108Z,darari_nu,899,334
2026-08-18T01:07:23.108Z,coban3137,1558,783
2026-08-18T02:56:14.514Z,darari_nu,899,334
2026-08-18T02:56:14.514Z,coban3137,1558,783
2026-08-18T03:44:36.426Z,darari_nu,899,334
2026-08-18T03:44:36.426Z,coban3137,1558,783
2026-08-18T04:33:47.220Z,darari_nu,900,334
2026-08-18T04:33:47.220Z,coban3137,1559,783
2026-08-18T05:26:46.942Z,darari_nu,900,334
2026-08-18T05:26:46.942Z,coban3137,1559,783
2026-08-18T06:39:34.757Z,darari_nu,900,334
2026-08-18T06:39:34.757Z,coban3137,1559,783
2026-08-18T07:36:16.668Z,darari_nu,901,334
2026-08-18T07:36:16.668Z,coban3137,1559,783
2026-08-18T08:34:39.151Z,darari_nu,901,334
2026-08-18T08:34:39.151Z,coban3137,1559,783
2026-08-18T09:31:02.847Z,darari_nu,901,334
2026-08-18T09:31:02.847Z,coban3137,1559,783
2026-08-18T10:25:40.611Z,darari_nu,901,334
2026-08-18T10:25:40.611Z,coban3137,1559,783
2026-08-18T11:23:18.314Z,darari_nu,901,334
2026-08-18T11:23:18.314Z,coban3137,1559,783
2026-08-18T12:41:16.017Z,darari_nu,901,334
2026-08-18T12:41:16.017Z,coban3137,1559,783
2026-08-18T13:40:19.102Z,darari_nu,901,334
2026-08-18T13:40:19.102Z,coban3137,1559,783
2026-08-18T14:31:37.260Z,darari_nu,901,334
2026-08-18T14:31:37.260Z,coban3137,1559,783
2026-08-18T15:29:33.460Z,darari_nu,901,334
2026-08-18T15:29:33.460Z,coban3137,1559,783
2026-08-18T16:29:33.335Z,darari_nu,901,334
2026-08-18T16:29:33.335Z,coban3137,1559,783
2026-08-18T17:28:52.123Z,darari_nu,901,334
2026-08-18T17:28:52.123Z,coban3137,1559,783
2026-08-18T18:35:44.445Z,darari_nu,901,334
2026-08-18T18:35:44.445Z,coban3137,1559,783
2026-08-18T19:26:24.622Z,darari_nu,901,334
2026-08-18T19:26:24.622Z,coban3137,1559,783
2026-08-18T20:21:06.099Z,darari_nu,901,334
2026-08-18T20:21:06.099Z,coban3137,1559,783
2026-08-18T21:21:49.988Z,darari_nu,901,334
2026-08-18T21:21:49.988Z,coban3137,1559,783
2026-08-18T22:20:50.492Z,darari_nu,901,334
2026-08-18T22:20:50.492Z,coban3137,1560,783
2026-08-18T23:19:47.593Z,darari_nu,901,334
2026-08-18T23:19:47.593Z,coban3137,1560,783
2026-08-19T01:07:55.154Z,darari_nu,901,334
2026-08-19T01:07:55.154Z,coban3137,1560,783
2026-08-19T03:52:02.108Z,darari_nu,900,334
2026-08-19T03:52:02.108Z,coban3137,1560,783
2026-08-19T04:35:53.729Z,darari_nu,900,334
2026-08-19T04:35:53.729Z,coban3137,1560,783
2026-08-19T05:29:24.826Z,darari_nu,900,334
2026-08-19T05:29:24.826Z,coban3137,1560,783
2026-08-19T06:41:50.519Z,darari_nu,900,334
2026-08-19T06:41:50.519Z,coban3137,1560,783
2026-08-19T09:35:34.529Z,darari_nu,900,334
2026-08-19T09:35:34.529Z,coban3137,1560,784
2026-08-19T10:30:59.340Z,darari_nu,900,334
2026-08-19T10:30:59.340Z,coban3137,1560,784
2026-08-19T11:23:07.732Z,darari_nu,900,334
2026-08-19T11:23:07.732Z,coban3137,1560,784
2026-08-19T12:42:00.555Z,darari_nu,900,334
2026-08-19T12:42:00.555Z,coban3137,1560,784
2026-08-19T13:42:31.297Z,darari_nu,901,334
2026-08-19T13:42:31.297Z,coban3137,1560,784
2026-08-19T14:32:06.256Z,darari_nu,901,334
2026-08-19T14:32:06.256Z,coban3137,1560,784
2026-08-19T17:24:43.580Z,darari_nu,902,334
2026-08-19T17:24:43.580Z,coban3137,1560,784
2026-08-19T18:32:49.598Z,darari_nu,902,334
2026-08-19T18:32:49.598Z,coban3137,1560,784
2026-08-19T19:27:04.956Z,darari_nu,902,334
2026-08-19T19:27:04.956Z,coban3137,1561,784
2026-08-19T20:24:48.636Z,darari_nu,902,334
2026-08-19T20:24:48.636Z,coban3137,1561,784
2026-08-19T21:24:38.635Z,darari_nu,902,334
2026-08-19T21:24:38.635Z,coban3137,1561,784
2026-08-19T22:22:27.744Z,darari_nu,903,334
2026-08-19T22:22:27.744Z,coban3137,1562,785
2026-08-19T23:20:44.639Z,darari_nu,903,334
2026-08-19T23:20:44.639Z,coban3137,1562,785
2026-08-20T01:07:16.913Z,darari_nu,903,334
2026-08-20T01:07:16.913Z,coban3137,1562,785
2026-08-20T02:55:02.673Z,darari_nu,903,334
2026-08-20T02:55:02.673Z,coban3137,1562,785
2026-08-20T03:44:29.337Z,darari_nu,903,334
2026-08-20T03:44:29.337Z,coban3137,1562,785
2026-08-20T04:35:11.922Z,darari_nu,903,334
2026-08-20T04:35:11.922Z,coban3137,1563,785
2026-08-20T05:28:21.644Z,darari_nu,903,334
2026-08-20T05:28:21.644Z,coban3137,1563,785
2026-08-20T06:42:09.458Z,darari_nu,903,334
2026-08-20T06:42:09.458Z,coban3137,1563,785
2026-08-20T07:39:38.145Z,darari_nu,903,334
2026-08-20T07:39:38.145Z,coban3137,1563,785
2026-08-20T08:35:32.312Z,darari_nu,903,334
2026-08-20T08:35:32.312Z,coban3137,1563,785
2026-08-20T09:32:16.538Z,darari_nu,903,334
2026-08-20T09:32:16.538Z,coban3137,1563,785
2026-08-20T10:28:21.252Z,darari_nu,903,334
2026-08-20T10:28:21.252Z,coban3137,1563,785
2026-08-20T11:24:28.432Z,darari_nu,903,334
2026-08-20T11:24:28.432Z,coban3137,1563,785
2026-08-20T12:44:14.121Z,darari_nu,903,334
2026-08-20T12:44:14.121Z,coban3137,1563,785
2026-08-20T13:43:52.951Z,darari_nu,903,334
2026-08-20T13:43:52.951Z,coban3137,1563,785
2026-08-20T14:34:11.152Z,darari_nu,903,334
2026-08-20T14:34:11.152Z,coban3137,1563,785
2026-08-20T15:31:30.022Z,darari_nu,903,334
2026-08-20T15:31:30.022Z,coban3137,1563,785
2026-08-20T16:32:47.011Z,darari_nu,903,334
2026-08-20T16:32:47.011Z,coban3137,1563,785
2026-08-20T17:26:52.578Z,darari_nu,903,334
2026-08-20T17:26:52.578Z,coban3137,1563,785
2026-08-20T18:36:11.095Z,darari_nu,903,334
2026-08-20T18:36:11.095Z,coban3137,1563,785
2026-08-20T19:29:24.015Z,darari_nu,903,334
2026-08-20T19:29:24.015Z,coban3137,1563,785
2026-08-20T20:25:48.289Z,darari_nu,903,334
2026-08-20T20:25:48.289Z,coban3137,1563,785
2026-08-20T21:25:54.033Z,darari_nu,903,334
2026-08-20T21:25:54.033Z,coban3137,1563,785
2026-08-20T22:25:10.433Z,darari_nu,903,334
2026-08-20T22:25:10.433Z,coban3137,1563,785
2026-08-20T23:23:43.566Z,darari_nu,903,334
2026-08-20T23:23:43.566Z,coban3137,1563,785
2026-08-21T01:11:07.422Z,darari_nu,903,334
2026-08-21T01:11:07.422Z,coban3137,1563,785
2026-08-21T03:00:43.410Z,darari_nu,903,334
2026-08-21T03:00:43.410Z,coban3137,1563,785
2026-08-21T04:35:29.879Z,darari_nu,904,334
2026-08-21T04:35:29.879Z,coban3137,1564,785
2026-08-21T05:30:17.760Z,darari_nu,904,334
2026-08-21T05:30:17.760Z,coban3137,1564,785
2026-08-21T06:42:06.015Z,darari_nu,904,334
2026-08-21T06:42:06.015Z,coban3137,1564,785
2026-08-21T07:40:57.793Z,darari_nu,904,334
2026-08-21T07:40:57.793Z,coban3137,1564,785
