timestamp,region,period,artist,songId,title,rank,plays,likes
2026-03-25T02:54:29.484Z,Global,Now,-,-,-,0,0,0
2026-03-25T02:54:29.484Z,Global,Weekly,-,-,-,0,0,0
2026-03-25T02:54:29.484Z,Global,Monthly,-,-,-,0,0,0
2026-03-25T02:54:29.484Z,Global,All Time,-,-,-,0,0,0
2026-03-25T02:54:29.484Z,Japanese,Now,-,-,-,0,0,0
2026-03-25T02:54:29.484Z,Japanese,Weekly,-,-,-,0,0,0
2026-03-25T02:54:29.484Z,Japanese,Monthly,-,-,-,0,0,0
2026-03-25T02:54:29.484Z,Japanese,All Time,-,-,-,0,0,0
2026-03-25T03:22:59.299Z,Global,Now,-,-,-,0,0,0
2026-03-25T03:22:59.299Z,Global,Weekly,-,-,-,0,0,0
2026-03-25T03:22:59.299Z,Global,Monthly,-,-,-,0,0,0
2026-03-25T03:22:59.299Z,Global,All Time,-,-,-,0,0,0
2026-03-25T03:22:59.299Z,Japanese,Now,-,-,-,0,0,0
2026-03-25T03:22:59.299Z,Japanese,Weekly,-,-,-,0,0,0
2026-03-25T03:22:59.299Z,Japanese,Monthly,-,-,-,0,0,0
2026-03-25T03:22:59.299Z,Japanese,All Time,-,-,-,0,0,0
2026-03-25T03:36:11.836Z,Global,Now,-,-,-,0,0,0
2026-03-25T03:36:11.836Z,Global,Weekly,-,-,-,0,0,0
2026-03-25T03:36:11.836Z,Global,Monthly,-,-,-,0,0,0
2026-03-25T03:36:11.836Z,Global,All Time,-,-,-,0,0,0
2026-03-25T03:36:11.836Z,Japanese,Now,-,-,-,0,0,0
2026-03-25T03:36:11.836Z,Japanese,Weekly,-,-,-,0,0,0
2026-03-25T03:36:11.836Z,Japanese,Monthly,-,-,-,0,0,0
2026-03-25T03:36:11.836Z,Japanese,All Time,-,-,-,0,0,0
2026-03-25T03:41:00.513Z,Global,Now,-,-,-,0,0,0
2026-03-25T03:41:00.513Z,Global,Weekly,-,-,-,0,0,0
2026-03-25T03:41:00.513Z,Global,Monthly,-,-,-,0,0,0
2026-03-25T03:41:00.513Z,Global,All Time,-,-,-,0,0,0
2026-03-25T03:41:00.513Z,Japanese,Now,-,-,-,0,0,0
2026-03-25T03:41:00.513Z,Japanese,Weekly,-,-,-,0,0,0
2026-03-25T03:41:00.513Z,Japanese,Monthly,-,-,-,0,0,0
2026-03-25T03:41:00.513Z,Japanese,All Time,-,-,-,0,0,0
2026-03-25T03:53:32.028Z,Global,Now,-,-,-,0,0,0
2026-03-25T03:53:32.028Z,Global,Weekly,-,-,-,0,0,0
2026-03-25T03:53:32.028Z,Global,Monthly,-,-,-,0,0,0
2026-03-25T03:53:32.028Z,Global,All Time,-,-,-,0,0,0
2026-03-25T03:53:32.028Z,Japanese,Now,-,-,-,0,0,0
2026-03-25T03:53:32.028Z,Japanese,Weekly,-,-,-,0,0,0
2026-03-25T03:53:32.028Z,Japanese,Monthly,coban3137,79cf91bc-167e-481f-9a49-b581919560c4,BINARY,13,5514,695
2026-03-25T03:53:32.028Z,Japanese,All Time,-,-,-,0,0,0
2026-03-25T04:57:55.624Z,Global,Now,-,-,-,0,0,0
2026-03-25T04:57:55.624Z,Global,Weekly,-,-,-,0,0,0
2026-03-25T04:57:55.624Z,Global,Monthly,-,-,-,0,0,0
2026-03-25T04:57:55.624Z,Global,All Time,-,-,-,0,0,0
2026-03-25T04:57:55.624Z,Japanese,Now,-,-,-,0,0,0
2026-03-25T04:57:55.624Z,Japanese,Weekly,-,-,-,0,0,0
2026-03-25T04:57:55.624Z,Japanese,Monthly,coban3137,79cf91bc-167e-481f-9a49-b581919560c4,BINARY,13,5514,695
2026-03-25T04:57:55.624Z,Japanese,All Time,-,-,-,0,0,0
2026-03-25T07:07:47.580Z,Global,Now,-,-,-,0,0,0
2026-03-25T07:07:47.580Z,Global,Weekly,-,-,-,0,0,0
2026-03-25T07:07:47.580Z,Global,Monthly,-,-,-,0,0,0
2026-03-25T07:07:47.580Z,Global,All Time,-,-,-,0,0,0
2026-03-25T07:07:47.580Z,Japanese,Now,-,-,-,0,0,0
2026-03-25T07:07:47.580Z,Japanese,Weekly,-,-,-,0,0,0
2026-03-25T07:07:47.580Z,Japanese,Monthly,coban3137,79cf91bc-167e-481f-9a49-b581919560c4,BINARY,13,5514,695
2026-03-25T07:07:47.580Z,Japanese,All Time,-,-,-,0,0,0
2026-03-25T09:58:27.843Z,Global,Now,-,-,-,0,0,0
2026-03-25T09:58:27.843Z,Global,Weekly,-,-,-,0,0,0
2026-03-25T09:58:27.843Z,Global,Monthly,-,-,-,0,0,0
2026-03-25T09:58:27.843Z,Global,All Time,-,-,-,0,0,0
2026-03-25T09:58:27.843Z,Japanese,Now,-,-,-,0,0,0
2026-03-25T09:58:27.843Z,Japanese,Weekly,-,-,-,0,0,0
2026-03-25T09:58:27.843Z,Japanese,Monthly,coban3137,79cf91bc-167e-481f-9a49-b581919560c4,BINARY,13,5514,695
2026-03-25T09:58:27.843Z,Japanese,All Time,-,-,-,0,0,0
2026-03-25T13:19:33.750Z,Global,Now,-,-,-,0,0,0
2026-03-25T13:19:33.750Z,Global,Weekly,-,-,-,0,0,0
2026-03-25T13:19:33.750Z,Global,Monthly,-,-,-,0,0,0
2026-03-25T13:19:33.750Z,Global,All Time,-,-,-,0,0,0
2026-03-25T13:19:33.750Z,Japanese,Now,-,-,-,0,0,0
2026-03-25T13:19:33.750Z,Japanese,Weekly,-,-,-,0,0,0
2026-03-25T13:19:33.750Z,Japanese,Monthly,coban3137,79cf91bc-167e-481f-9a49-b581919560c4,BINARY,13,5514,695
2026-03-25T13:19:33.750Z,Japanese,All Time,-,-,-,0,0,0
2026-03-25T16:13:57.075Z,Global,Now,-,-,-,0,0,0
2026-03-25T16:13:57.075Z,Global,Weekly,-,-,-,0,0,0
2026-03-25T16:13:57.075Z,Global,Monthly,-,-,-,0,0,0
2026-03-25T16:13:57.075Z,Global,All Time,-,-,-,0,0,0
2026-03-25T16:13:57.075Z,Japanese,Now,-,-,-,0,0,0
2026-03-25T16:13:57.075Z,Japanese,Weekly,-,-,-,0,0,0
2026-03-25T16:13:57.075Z,Japanese,Monthly,coban3137,79cf91bc-167e-481f-9a49-b581919560c4,BINARY,13,5514,696
2026-03-25T16:13:57.075Z,Japanese,All Time,-,-,-,0,0,0
2026-03-25T19:01:08.415Z,Global,Now,-,-,-,0,0,0
2026-03-25T19:01:08.415Z,Global,Weekly,-,-,-,0,0,0
2026-03-25T19:01:08.415Z,Global,Monthly,-,-,-,0,0,0
2026-03-25T19:01:08.415Z,Global,All Time,-,-,-,0,0,0
2026-03-25T19:01:08.415Z,Japanese,Now,-,-,-,0,0,0
2026-03-25T19:01:08.415Z,Japanese,Weekly,-,-,-,0,0,0
2026-03-25T19:01:08.415Z,Japanese,Monthly,coban3137,79cf91bc-167e-481f-9a49-b581919560c4,BINARY,13,5514,696
2026-03-25T19:01:08.415Z,Japanese,All Time,-,-,-,0,0,0
2026-03-25T21:43:27.091Z,Global,Now,-,-,-,0,0,0
2026-03-25T21:43:27.091Z,Global,Weekly,-,-,-,0,0,0
2026-03-25T21:43:27.091Z,Global,Monthly,-,-,-,0,0,0
2026-03-25T21:43:27.091Z,Global,All Time,-,-,-,0,0,0
2026-03-25T21:43:27.091Z,Japanese,Now,-,-,-,0,0,0
2026-03-25T21:43:27.091Z,Japanese,Weekly,-,-,-,0,0,0
2026-03-25T21:43:27.091Z,Japanese,Monthly,coban3137,79cf91bc-167e-481f-9a49-b581919560c4,BINARY,13,5514,696
2026-03-25T21:43:27.091Z,Japanese,All Time,-,-,-,0,0,0
2026-03-26T02:40:45.186Z,Global,Now,-,-,-,0,0,0
2026-03-26T02:40:45.186Z,Global,Weekly,-,-,-,0,0,0
2026-03-26T02:40:45.186Z,Global,Monthly,-,-,-,0,0,0
2026-03-26T02:40:45.186Z,Global,All Time,-,-,-,0,0,0
2026-03-26T02:40:45.186Z,Japanese,Now,-,-,-,0,0,0
2026-03-26T02:40:45.186Z,Japanese,Weekly,-,-,-,0,0,0
2026-03-26T02:40:45.186Z,Japanese,Monthly,coban3137,79cf91bc-167e-481f-9a49-b581919560c4,BINARY,13,5514,698
2026-03-26T02:40:45.186Z,Japanese,All Time,-,-,-,0,0,0
2026-03-26T05:10:13.405Z,Global,Now,-,-,-,0,0,0
2026-03-26T05:10:13.405Z,Global,Weekly,-,-,-,0,0,0
2026-03-26T05:10:13.405Z,Global,Monthly,-,-,-,0,0,0
2026-03-26T05:10:13.405Z,Global,All Time,-,-,-,0,0,0
2026-03-26T05:10:13.405Z,Japanese,Now,-,-,-,0,0,0
2026-03-26T05:10:13.405Z,Japanese,Weekly,-,-,-,0,0,0
2026-03-26T05:10:13.405Z,Japanese,Monthly,coban3137,79cf91bc-167e-481f-9a49-b581919560c4,BINARY,13,5514,698
2026-03-26T05:10:13.405Z,Japanese,All Time,-,-,-,0,0,0
2026-03-26T07:16:55.184Z,Global,Now,-,-,-,0,0,0
2026-03-26T07:16:55.184Z,Global,Weekly,-,-,-,0,0,0
2026-03-26T07:16:55.184Z,Global,Monthly,-,-,-,0,0,0
2026-03-26T07:16:55.184Z,Global,All Time,-,-,-,0,0,0
2026-03-26T07:16:55.184Z,Japanese,Now,-,-,-,0,0,0
2026-03-26T07:16:55.184Z,Japanese,Weekly,-,-,-,0,0,0
2026-03-26T07:16:55.184Z,Japanese,Monthly,coban3137,79cf91bc-167e-481f-9a49-b581919560c4,BINARY,13,5514,698
2026-03-26T07:16:55.184Z,Japanese,All Time,-,-,-,0,0,0
2026-03-26T10:04:07.428Z,Global,Now,-,-,-,0,0,0
2026-03-26T10:04:07.428Z,Global,Weekly,-,-,-,0,0,0
2026-03-26T10:04:07.428Z,Global,Monthly,-,-,-,0,0,0
2026-03-26T10:04:07.428Z,Global,All Time,-,-,-,0,0,0
2026-03-26T10:04:07.428Z,Japanese,Now,-,-,-,0,0,0
2026-03-26T10:04:07.428Z,Japanese,Weekly,-,-,-,0,0,0
2026-03-26T10:04:07.428Z,Japanese,Monthly,coban3137,79cf91bc-167e-481f-9a49-b581919560c4,BINARY,13,5514,698
2026-03-26T10:04:07.428Z,Japanese,All Time,-,-,-,0,0,0
2026-03-26T13:25:40.062Z,Global,Now,-,-,-,0,0,0
2026-03-26T13:25:40.062Z,Global,Weekly,-,-,-,0,0,0
2026-03-26T13:25:40.062Z,Global,Monthly,-,-,-,0,0,0
2026-03-26T13:25:40.062Z,Global,All Time,-,-,-,0,0,0
2026-03-26T13:25:40.062Z,Japanese,Now,-,-,-,0,0,0
2026-03-26T13:25:40.062Z,Japanese,Weekly,-,-,-,0,0,0
2026-03-26T13:25:40.062Z,Japanese,Monthly,coban3137,79cf91bc-167e-481f-9a49-b581919560c4,BINARY,13,5514,698
2026-03-26T13:25:40.062Z,Japanese,All Time,-,-,-,0,0,0
2026-03-26T16:14:59.755Z,Global,Now,-,-,-,0,0,0
2026-03-26T16:14:59.755Z,Global,Weekly,-,-,-,0,0,0
2026-03-26T16:14:59.755Z,Global,Monthly,-,-,-,0,0,0
2026-03-26T16:14:59.755Z,Global,All Time,-,-,-,0,0,0
2026-03-26T16:14:59.755Z,Japanese,Now,-,-,-,0,0,0
2026-03-26T16:14:59.755Z,Japanese,Weekly,-,-,-,0,0,0
2026-03-26T16:14:59.755Z,Japanese,Monthly,coban3137,79cf91bc-167e-481f-9a49-b581919560c4,BINARY,13,5514,698
2026-03-26T16:14:59.755Z,Japanese,All Time,-,-,-,0,0,0
2026-03-26T19:13:24.526Z,Global,Now,-,-,-,0,0,0
2026-03-26T19:13:24.526Z,Global,Weekly,-,-,-,0,0,0
2026-03-26T19:13:24.526Z,Global,Monthly,-,-,-,0,0,0
2026-03-26T19:13:24.526Z,Global,All Time,-,-,-,0,0,0
2026-03-26T19:13:24.526Z,Japanese,Now,-,-,-,0,0,0
2026-03-26T19:13:24.526Z,Japanese,Weekly,-,-,-,0,0,0
2026-03-26T19:13:24.526Z,Japanese,Monthly,coban3137,79cf91bc-167e-481f-9a49-b581919560c4,BINARY,13,5514,698
2026-03-26T19:13:24.526Z,Japanese,All Time,-,-,-,0,0,0
2026-03-26T21:35:47.639Z,Global,Now,-,-,-,0,0,0
2026-03-26T21:35:47.639Z,Global,Weekly,-,-,-,0,0,0
2026-03-26T21:35:47.639Z,Global,Monthly,-,-,-,0,0,0
2026-03-26T21:35:47.639Z,Global,All Time,-,-,-,0,0,0
2026-03-26T21:35:47.639Z,Japanese,Now,-,-,-,0,0,0
2026-03-26T21:35:47.639Z,Japanese,Weekly,-,-,-,0,0,0
2026-03-26T21:35:47.639Z,Japanese,Monthly,coban3137,79cf91bc-167e-481f-9a49-b581919560c4,BINARY,13,5514,699
2026-03-26T21:35:47.639Z,Japanese,All Time,-,-,-,0,0,0
2026-03-27T02:42:46.443Z,Global,Now,-,-,-,0,0,0
2026-03-27T02:42:46.443Z,Global,Weekly,-,-,-,0,0,0
2026-03-27T02:42:46.443Z,Global,Monthly,-,-,-,0,0,0
2026-03-27T02:42:46.443Z,Global,All Time,-,-,-,0,0,0
2026-03-27T02:42:46.443Z,Japanese,Now,-,-,-,0,0,0
2026-03-27T02:42:46.443Z,Japanese,Weekly,-,-,-,0,0,0
2026-03-27T02:42:46.443Z,Japanese,Monthly,coban3137,79cf91bc-167e-481f-9a49-b581919560c4,BINARY,13,5514,700
2026-03-27T02:42:46.443Z,Japanese,All Time,-,-,-,0,0,0
2026-03-27T05:10:39.239Z,Global,Now,-,-,-,0,0,0
2026-03-27T05:10:39.239Z,Global,Weekly,-,-,-,0,0,0
2026-03-27T05:10:39.239Z,Global,Monthly,-,-,-,0,0,0
2026-03-27T05:10:39.239Z,Global,All Time,-,-,-,0,0,0
2026-03-27T05:10:39.239Z,Japanese,Now,-,-,-,0,0,0
2026-03-27T05:10:39.239Z,Japanese,Weekly,-,-,-,0,0,0
2026-03-27T05:10:39.239Z,Japanese,Monthly,coban3137,79cf91bc-167e-481f-9a49-b581919560c4,BINARY,13,5514,700
2026-03-27T05:10:39.239Z,Japanese,All Time,-,-,-,0,0,0
2026-03-27T07:14:29.341Z,Global,Now,-,-,-,0,0,0
2026-03-27T07:14:29.341Z,Global,Weekly,-,-,-,0,0,0
2026-03-27T07:14:29.341Z,Global,Monthly,-,-,-,0,0,0
2026-03-27T07:14:29.341Z,Global,All Time,-,-,-,0,0,0
2026-03-27T07:14:29.341Z,Japanese,Now,-,-,-,0,0,0
2026-03-27T07:14:29.341Z,Japanese,Weekly,-,-,-,0,0,0
2026-03-27T07:14:29.341Z,Japanese,Monthly,coban3137,79cf91bc-167e-481f-9a49-b581919560c4,BINARY,13,5514,700
2026-03-27T07:14:29.341Z,Japanese,All Time,-,-,-,0,0,0
2026-03-27T09:58:13.785Z,Global,Now,-,-,-,0,0,0
2026-03-27T09:58:13.785Z,Global,Weekly,-,-,-,0,0,0
2026-03-27T09:58:13.785Z,Global,Monthly,-,-,-,0,0,0
2026-03-27T09:58:13.785Z,Global,All Time,-,-,-,0,0,0
2026-03-27T09:58:13.785Z,Japanese,Now,-,-,-,0,0,0
2026-03-27T09:58:13.785Z,Japanese,Weekly,-,-,-,0,0,0
2026-03-27T09:58:13.785Z,Japanese,Monthly,coban3137,79cf91bc-167e-481f-9a49-b581919560c4,BINARY,13,5514,700
2026-03-27T09:58:13.785Z,Japanese,All Time,-,-,-,0,0,0
2026-03-27T13:15:07.315Z,Global,Now,-,-,-,0,0,0
2026-03-27T13:15:07.315Z,Global,Weekly,-,-,-,0,0,0
2026-03-27T13:15:07.315Z,Global,Monthly,-,-,-,0,0,0
2026-03-27T13:15:07.315Z,Global,All Time,-,-,-,0,0,0
2026-03-27T13:15:07.315Z,Japanese,Now,-,-,-,0,0,0
2026-03-27T13:15:07.315Z,Japanese,Weekly,-,-,-,0,0,0
2026-03-27T13:15:07.315Z,Japanese,Monthly,coban3137,79cf91bc-167e-481f-9a49-b581919560c4,BINARY,13,5514,700
2026-03-27T13:15:07.315Z,Japanese,All Time,-,-,-,0,0,0
2026-03-27T15:56:51.994Z,Global,Now,-,-,-,0,0,0
2026-03-27T15:56:51.994Z,Global,Weekly,-,-,-,0,0,0
2026-03-27T15:56:51.994Z,Global,Monthly,-,-,-,0,0,0
2026-03-27T15:56:51.994Z,Global,All Time,-,-,-,0,0,0
2026-03-27T15:56:51.994Z,Japanese,Now,-,-,-,0,0,0
2026-03-27T15:56:51.994Z,Japanese,Weekly,-,-,-,0,0,0
2026-03-27T15:56:51.994Z,Japanese,Monthly,coban3137,79cf91bc-167e-481f-9a49-b581919560c4,BINARY,13,5514,700
2026-03-27T15:56:51.994Z,Japanese,All Time,-,-,-,0,0,0
2026-03-27T19:00:53.234Z,Global,Now,-,-,-,0,0,0
2026-03-27T19:00:53.234Z,Global,Weekly,-,-,-,0,0,0
2026-03-27T19:00:53.234Z,Global,Monthly,-,-,-,0,0,0
2026-03-27T19:00:53.234Z,Global,All Time,-,-,-,0,0,0
2026-03-27T19:00:53.234Z,Japanese,Now,-,-,-,0,0,0
2026-03-27T19:00:53.234Z,Japanese,Weekly,-,-,-,0,0,0
2026-03-27T19:00:53.234Z,Japanese,Monthly,coban3137,79cf91bc-167e-481f-9a49-b581919560c4,BINARY,13,5514,700
2026-03-27T19:00:53.234Z,Japanese,All Time,-,-,-,0,0,0
2026-03-27T21:39:46.269Z,Global,Now,-,-,-,0,0,0
2026-03-27T21:39:46.269Z,Global,Weekly,-,-,-,0,0,0
2026-03-27T21:39:46.269Z,Global,Monthly,-,-,-,0,0,0
2026-03-27T21:39:46.269Z,Global,All Time,-,-,-,0,0,0
2026-03-27T21:39:46.269Z,Japanese,Now,-,-,-,0,0,0
2026-03-27T21:39:46.269Z,Japanese,Weekly,-,-,-,0,0,0
2026-03-27T21:39:46.269Z,Japanese,Monthly,coban3137,79cf91bc-167e-481f-9a49-b581919560c4,BINARY,13,5514,700
2026-03-27T21:39:46.269Z,Japanese,All Time,-,-,-,0,0,0
2026-03-28T02:32:50.553Z,Global,Now,-,-,-,0,0,0
2026-03-28T02:32:50.553Z,Global,Weekly,-,-,-,0,0,0
2026-03-28T02:32:50.553Z,Global,Monthly,-,-,-,0,0,0
2026-03-28T02:32:50.553Z,Global,All Time,-,-,-,0,0,0
2026-03-28T02:32:50.553Z,Japanese,Now,-,-,-,0,0,0
2026-03-28T02:32:50.553Z,Japanese,Weekly,-,-,-,0,0,0
2026-03-28T02:32:50.553Z,Japanese,Monthly,coban3137,79cf91bc-167e-481f-9a49-b581919560c4,BINARY,13,5514,700
2026-03-28T02:32:50.553Z,Japanese,All Time,-,-,-,0,0,0
2026-03-28T04:56:43.320Z,Global,Now,-,-,-,0,0,0
2026-03-28T04:56:43.320Z,Global,Weekly,-,-,-,0,0,0
2026-03-28T04:56:43.320Z,Global,Monthly,-,-,-,0,0,0
2026-03-28T04:56:43.320Z,Global,All Time,-,-,-,0,0,0
2026-03-28T04:56:43.320Z,Japanese,Now,-,-,-,0,0,0
2026-03-28T04:56:43.320Z,Japanese,Weekly,-,-,-,0,0,0
2026-03-28T04:56:43.320Z,Japanese,Monthly,coban3137,79cf91bc-167e-481f-9a49-b581919560c4,BINARY,13,5514,700
2026-03-28T04:56:43.320Z,Japanese,All Time,-,-,-,0,0,0
2026-03-28T07:03:49.678Z,Global,Now,-,-,-,0,0,0
2026-03-28T07:03:49.678Z,Global,Weekly,-,-,-,0,0,0
2026-03-28T07:03:49.678Z,Global,Monthly,-,-,-,0,0,0
2026-03-28T07:03:49.678Z,Global,All Time,-,-,-,0,0,0
2026-03-28T07:03:49.678Z,Japanese,Now,-,-,-,0,0,0
2026-03-28T07:03:49.678Z,Japanese,Weekly,-,-,-,0,0,0
2026-03-28T07:03:49.678Z,Japanese,Monthly,coban3137,79cf91bc-167e-481f-9a49-b581919560c4,BINARY,13,5514,700
2026-03-28T07:03:49.678Z,Japanese,All Time,-,-,-,0,0,0
2026-03-28T09:41:46.192Z,Global,Now,-,-,-,0,0,0
2026-03-28T09:41:46.192Z,Global,Weekly,-,-,-,0,0,0
2026-03-28T09:41:46.192Z,Global,Monthly,-,-,-,0,0,0
2026-03-28T09:41:46.192Z,Global,All Time,-,-,-,0,0,0
2026-03-28T09:41:46.192Z,Japanese,Now,-,-,-,0,0,0
2026-03-28T09:41:46.192Z,Japanese,Weekly,-,-,-,0,0,0
2026-03-28T09:41:46.192Z,Japanese,Monthly,coban3137,79cf91bc-167e-481f-9a49-b581919560c4,BINARY,13,5514,700
2026-03-28T09:41:46.192Z,Japanese,All Time,-,-,-,0,0,0
2026-03-28T13:03:02.634Z,Global,Now,-,-,-,0,0,0
2026-03-28T13:03:02.634Z,Global,Weekly,-,-,-,0,0,0
2026-03-28T13:03:02.634Z,Global,Monthly,-,-,-,0,0,0
2026-03-28T13:03:02.634Z,Global,All Time,-,-,-,0,0,0
2026-03-28T13:03:02.634Z,Japanese,Now,-,-,-,0,0,0
2026-03-28T13:03:02.634Z,Japanese,Weekly,-,-,-,0,0,0
2026-03-28T13:03:02.634Z,Japanese,Monthly,coban3137,79cf91bc-167e-481f-9a49-b581919560c4,BINARY,13,5514,700
2026-03-28T13:03:02.634Z,Japanese,All Time,-,-,-,0,0,0
2026-03-28T15:35:45.705Z,Global,Now,-,-,-,0,0,0
2026-03-28T15:35:45.705Z,Global,Weekly,-,-,-,0,0,0
2026-03-28T15:35:45.705Z,Global,Monthly,-,-,-,0,0,0
2026-03-28T15:35:45.705Z,Global,All Time,-,-,-,0,0,0
2026-03-28T15:35:45.705Z,Japanese,Now,-,-,-,0,0,0
2026-03-28T15:35:45.705Z,Japanese,Weekly,-,-,-,0,0,0
2026-03-28T15:35:45.705Z,Japanese,Monthly,coban3137,79cf91bc-167e-481f-9a49-b581919560c4,BINARY,13,5514,700
2026-03-28T15:35:45.705Z,Japanese,All Time,-,-,-,0,0,0
2026-03-28T18:47:43.349Z,Global,Now,-,-,-,0,0,0
2026-03-28T18:47:43.349Z,Global,Weekly,-,-,-,0,0,0
2026-03-28T18:47:43.349Z,Global,Monthly,-,-,-,0,0,0
2026-03-28T18:47:43.349Z,Global,All Time,-,-,-,0,0,0
2026-03-28T18:47:43.349Z,Japanese,Now,-,-,-,0,0,0
2026-03-28T18:47:43.349Z,Japanese,Weekly,-,-,-,0,0,0
2026-03-28T18:47:43.349Z,Japanese,Monthly,coban3137,79cf91bc-167e-481f-9a49-b581919560c4,BINARY,13,5514,700
2026-03-28T18:47:43.349Z,Japanese,All Time,-,-,-,0,0,0
2026-03-28T21:34:24.537Z,Global,Now,-,-,-,0,0,0
2026-03-28T21:34:24.537Z,Global,Weekly,-,-,-,0,0,0
2026-03-28T21:34:24.537Z,Global,Monthly,-,-,-,0,0,0
2026-03-28T21:34:24.537Z,Global,All Time,-,-,-,0,0,0
2026-03-28T21:34:24.537Z,Japanese,Now,-,-,-,0,0,0
2026-03-28T21:34:24.537Z,Japanese,Weekly,-,-,-,0,0,0
2026-03-28T21:34:24.537Z,Japanese,Monthly,coban3137,79cf91bc-167e-481f-9a49-b581919560c4,BINARY,13,5514,700
2026-03-28T21:34:24.537Z,Japanese,All Time,-,-,-,0,0,0
2026-03-29T02:46:38.918Z,Global,Now,-,-,-,0,0,0
2026-03-29T02:46:38.918Z,Global,Weekly,-,-,-,0,0,0
2026-03-29T02:46:38.918Z,Global,Monthly,-,-,-,0,0,0
2026-03-29T02:46:38.918Z,Global,All Time,-,-,-,0,0,0
2026-03-29T02:46:38.918Z,Japanese,Now,-,-,-,0,0,0
2026-03-29T02:46:38.918Z,Japanese,Weekly,-,-,-,0,0,0
2026-03-29T02:46:38.918Z,Japanese,Monthly,coban3137,79cf91bc-167e-481f-9a49-b581919560c4,BINARY,13,5514,700
2026-03-29T02:46:38.918Z,Japanese,All Time,-,-,-,0,0,0
2026-03-29T05:14:43.155Z,Global,Now,-,-,-,0,0,0
2026-03-29T05:14:43.155Z,Global,Weekly,-,-,-,0,0,0
2026-03-29T05:14:43.155Z,Global,Monthly,-,-,-,0,0,0
2026-03-29T05:14:43.155Z,Global,All Time,-,-,-,0,0,0
2026-03-29T05:14:43.155Z,Japanese,Now,-,-,-,0,0,0
2026-03-29T05:14:43.155Z,Japanese,Weekly,-,-,-,0,0,0
2026-03-29T05:14:43.155Z,Japanese,Monthly,coban3137,79cf91bc-167e-481f-9a49-b581919560c4,BINARY,13,5514,700
2026-03-29T05:14:43.155Z,Japanese,All Time,-,-,-,0,0,0
2026-03-29T07:09:55.839Z,Global,Now,-,-,-,0,0,0
2026-03-29T07:09:55.839Z,Global,Weekly,-,-,-,0,0,0
2026-03-29T07:09:55.839Z,Global,Monthly,-,-,-,0,0,0
2026-03-29T07:09:55.839Z,Global,All Time,-,-,-,0,0,0
2026-03-29T07:09:55.839Z,Japanese,Now,-,-,-,0,0,0
2026-03-29T07:09:55.839Z,Japanese,Weekly,-,-,-,0,0,0
2026-03-29T07:09:55.839Z,Japanese,Monthly,coban3137,79cf91bc-167e-481f-9a49-b581919560c4,BINARY,13,5514,700
2026-03-29T07:09:55.839Z,Japanese,All Time,-,-,-,0,0,0
2026-03-29T09:41:38.914Z,Global,Now,-,-,-,0,0,0
2026-03-29T09:41:38.914Z,Global,Weekly,-,-,-,0,0,0
2026-03-29T09:41:38.914Z,Global,Monthly,-,-,-,0,0,0
2026-03-29T09:41:38.914Z,Global,All Time,-,-,-,0,0,0
2026-03-29T09:41:38.914Z,Japanese,Now,-,-,-,0,0,0
2026-03-29T09:41:38.914Z,Japanese,Weekly,-,-,-,0,0,0
2026-03-29T09:41:38.914Z,Japanese,Monthly,coban3137,79cf91bc-167e-481f-9a49-b581919560c4,BINARY,13,5514,700
2026-03-29T09:41:38.914Z,Japanese,All Time,-,-,-,0,0,0
2026-03-29T13:03:55.987Z,Global,Now,-,-,-,0,0,0
2026-03-29T13:03:55.987Z,Global,Weekly,-,-,-,0,0,0
2026-03-29T13:03:55.987Z,Global,Monthly,-,-,-,0,0,0
2026-03-29T13:03:55.987Z,Global,All Time,-,-,-,0,0,0
2026-03-29T13:03:55.987Z,Japanese,Now,-,-,-,0,0,0
2026-03-29T13:03:55.987Z,Japanese,Weekly,-,-,-,0,0,0
2026-03-29T13:03:55.987Z,Japanese,Monthly,coban3137,79cf91bc-167e-481f-9a49-b581919560c4,BINARY,13,5514,700
2026-03-29T13:03:55.987Z,Japanese,All Time,-,-,-,0,0,0
2026-03-29T15:36:49.610Z,Global,Now,-,-,-,0,0,0
2026-03-29T15:36:49.610Z,Global,Weekly,-,-,-,0,0,0
2026-03-29T15:36:49.610Z,Global,Monthly,-,-,-,0,0,0
2026-03-29T15:36:49.610Z,Global,All Time,-,-,-,0,0,0
2026-03-29T15:36:49.610Z,Japanese,Now,-,-,-,0,0,0
2026-03-29T15:36:49.610Z,Japanese,Weekly,-,-,-,0,0,0
2026-03-29T15:36:49.610Z,Japanese,Monthly,coban3137,79cf91bc-167e-481f-9a49-b581919560c4,BINARY,13,5514,700
2026-03-29T15:36:49.610Z,Japanese,All Time,-,-,-,0,0,0
2026-03-29T18:50:23.232Z,Global,Now,-,-,-,0,0,0
2026-03-29T18:50:23.232Z,Global,Weekly,-,-,-,0,0,0
2026-03-29T18:50:23.232Z,Global,Monthly,-,-,-,0,0,0
2026-03-29T18:50:23.232Z,Global,All Time,-,-,-,0,0,0
2026-03-29T18:50:23.232Z,Japanese,Now,-,-,-,0,0,0
2026-03-29T18:50:23.232Z,Japanese,Weekly,-,-,-,0,0,0
2026-03-29T18:50:23.232Z,Japanese,Monthly,coban3137,79cf91bc-167e-481f-9a49-b581919560c4,BINARY,13,5514,700
2026-03-29T18:50:23.232Z,Japanese,All Time,-,-,-,0,0,0
2026-03-29T21:36:35.494Z,Global,Now,-,-,-,0,0,0
2026-03-29T21:36:35.494Z,Global,Weekly,-,-,-,0,0,0
2026-03-29T21:36:35.494Z,Global,Monthly,-,-,-,0,0,0
2026-03-29T21:36:35.494Z,Global,All Time,-,-,-,0,0,0
2026-03-29T21:36:35.494Z,Japanese,Now,-,-,-,0,0,0
2026-03-29T21:36:35.494Z,Japanese,Weekly,-,-,-,0,0,0
2026-03-29T21:36:35.494Z,Japanese,Monthly,coban3137,79cf91bc-167e-481f-9a49-b581919560c4,BINARY,13,5514,700
2026-03-29T21:36:35.494Z,Japanese,All Time,-,-,-,0,0,0
2026-03-30T02:49:44.556Z,Global,Now,-,-,-,0,0,0
2026-03-30T02:49:44.556Z,Global,Weekly,-,-,-,0,0,0
2026-03-30T02:49:44.556Z,Global,Monthly,-,-,-,0,0,0
2026-03-30T02:49:44.556Z,Global,All Time,-,-,-,0,0,0
2026-03-30T02:49:44.556Z,Japanese,Now,-,-,-,0,0,0
2026-03-30T02:49:44.556Z,Japanese,Weekly,-,-,-,0,0,0
2026-03-30T02:49:44.556Z,Japanese,Monthly,coban3137,79cf91bc-167e-481f-9a49-b581919560c4,BINARY,13,5514,700
2026-03-30T02:49:44.556Z,Japanese,All Time,-,-,-,0,0,0
2026-03-30T05:29:33.087Z,Global,Now,-,-,-,0,0,0
2026-03-30T05:29:33.087Z,Global,Weekly,-,-,-,0,0,0
2026-03-30T05:29:33.087Z,Global,Monthly,-,-,-,0,0,0
2026-03-30T05:29:33.087Z,Global,All Time,-,-,-,0,0,0
2026-03-30T05:29:33.087Z,Japanese,Now,-,-,-,0,0,0
2026-03-30T05:29:33.087Z,Japanese,Weekly,-,-,-,0,0,0
2026-03-30T05:29:33.087Z,Japanese,Monthly,coban3137,79cf91bc-167e-481f-9a49-b581919560c4,BINARY,13,5514,700
2026-03-30T05:29:33.087Z,Japanese,All Time,-,-,-,0,0,0
2026-03-30T07:48:54.278Z,Global,Now,-,-,-,0,0,0
2026-03-30T07:48:54.278Z,Global,Weekly,-,-,-,0,0,0
2026-03-30T07:48:54.278Z,Global,Monthly,-,-,-,0,0,0
2026-03-30T07:48:54.278Z,Global,All Time,-,-,-,0,0,0
2026-03-30T07:48:54.278Z,Japanese,Now,-,-,-,0,0,0
2026-03-30T07:48:54.278Z,Japanese,Weekly,-,-,-,0,0,0
2026-03-30T07:48:54.278Z,Japanese,Monthly,coban3137,79cf91bc-167e-481f-9a49-b581919560c4,BINARY,13,5514,700
2026-03-30T07:48:54.278Z,Japanese,All Time,-,-,-,0,0,0
2026-03-30T10:20:50.001Z,Global,Now,-,-,-,0,0,0
2026-03-30T10:20:50.001Z,Global,Weekly,-,-,-,0,0,0
2026-03-30T10:20:50.001Z,Global,Monthly,-,-,-,0,0,0
2026-03-30T10:20:50.001Z,Global,All Time,-,-,-,0,0,0
2026-03-30T10:20:50.001Z,Japanese,Now,-,-,-,0,0,0
2026-03-30T10:20:50.001Z,Japanese,Weekly,-,-,-,0,0,0
2026-03-30T10:20:50.001Z,Japanese,Monthly,coban3137,79cf91bc-167e-481f-9a49-b581919560c4,BINARY,13,5514,700
2026-03-30T10:20:50.001Z,Japanese,All Time,-,-,-,0,0,0
2026-03-30T13:29:05.411Z,Global,Now,-,-,-,0,0,0
2026-03-30T13:29:05.411Z,Global,Weekly,-,-,-,0,0,0
2026-03-30T13:29:05.411Z,Global,Monthly,-,-,-,0,0,0
2026-03-30T13:29:05.411Z,Global,All Time,-,-,-,0,0,0
2026-03-30T13:29:05.411Z,Japanese,Now,-,-,-,0,0,0
2026-03-30T13:29:05.411Z,Japanese,Weekly,-,-,-,0,0,0
2026-03-30T13:29:05.411Z,Japanese,Monthly,coban3137,79cf91bc-167e-481f-9a49-b581919560c4,BINARY,13,5514,700
2026-03-30T13:29:05.411Z,Japanese,All Time,-,-,-,0,0,0
2026-03-30T16:08:09.203Z,Global,Now,-,-,-,0,0,0
2026-03-30T16:08:09.203Z,Global,Weekly,-,-,-,0,0,0
2026-03-30T16:08:09.203Z,Global,Monthly,-,-,-,0,0,0
2026-03-30T16:08:09.203Z,Global,All Time,-,-,-,0,0,0
2026-03-30T16:08:09.203Z,Japanese,Now,-,-,-,0,0,0
2026-03-30T16:08:09.203Z,Japanese,Weekly,-,-,-,0,0,0
2026-03-30T16:08:09.203Z,Japanese,Monthly,coban3137,79cf91bc-167e-481f-9a49-b581919560c4,BINARY,13,5514,700
2026-03-30T16:08:09.203Z,Japanese,All Time,-,-,-,0,0,0
2026-03-30T19:05:05.760Z,Global,Now,-,-,-,0,0,0
2026-03-30T19:05:05.760Z,Global,Weekly,-,-,-,0,0,0
2026-03-30T19:05:05.760Z,Global,Monthly,-,-,-,0,0,0
2026-03-30T19:05:05.760Z,Global,All Time,-,-,-,0,0,0
2026-03-30T19:05:05.760Z,Japanese,Now,-,-,-,0,0,0
2026-03-30T19:05:05.760Z,Japanese,Weekly,-,-,-,0,0,0
2026-03-30T19:05:05.760Z,Japanese,Monthly,coban3137,79cf91bc-167e-481f-9a49-b581919560c4,BINARY,13,5514,700
2026-03-30T19:05:05.760Z,Japanese,All Time,-,-,-,0,0,0
2026-03-30T21:47:14.786Z,Global,Now,-,-,-,0,0,0
2026-03-30T21:47:14.786Z,Global,Weekly,-,-,-,0,0,0
2026-03-30T21:47:14.786Z,Global,Monthly,-,-,-,0,0,0
2026-03-30T21:47:14.786Z,Global,All Time,-,-,-,0,0,0
2026-03-30T21:47:14.786Z,Japanese,Now,-,-,-,0,0,0
2026-03-30T21:47:14.786Z,Japanese,Weekly,-,-,-,0,0,0
2026-03-30T21:47:14.786Z,Japanese,Monthly,coban3137,79cf91bc-167e-481f-9a49-b581919560c4,BINARY,13,5514,700
2026-03-30T21:47:14.786Z,Japanese,All Time,-,-,-,0,0,0
2026-03-31T02:42:34.710Z,Global,Now,-,-,-,0,0,0
2026-03-31T02:42:34.710Z,Global,Weekly,-,-,-,0,0,0
2026-03-31T02:42:34.710Z,Global,Monthly,-,-,-,0,0,0
2026-03-31T02:42:34.710Z,Global,All Time,-,-,-,0,0,0
2026-03-31T02:42:34.710Z,Japanese,Now,-,-,-,0,0,0
2026-03-31T02:42:34.710Z,Japanese,Weekly,-,-,-,0,0,0
2026-03-31T02:42:34.710Z,Japanese,Monthly,coban3137,79cf91bc-167e-481f-9a49-b581919560c4,BINARY,13,5514,700
2026-03-31T02:42:34.710Z,Japanese,All Time,-,-,-,0,0,0
2026-03-31T05:12:57.627Z,Global,Now,-,-,-,0,0,0
2026-03-31T05:12:57.627Z,Global,Weekly,-,-,-,0,0,0
2026-03-31T05:12:57.627Z,Global,Monthly,-,-,-,0,0,0
2026-03-31T05:12:57.627Z,Global,All Time,-,-,-,0,0,0
2026-03-31T05:12:57.627Z,Japanese,Now,-,-,-,0,0,0
2026-03-31T05:12:57.627Z,Japanese,Weekly,-,-,-,0,0,0
2026-03-31T05:12:57.627Z,Japanese,Monthly,coban3137,79cf91bc-167e-481f-9a49-b581919560c4,BINARY,13,5514,700
2026-03-31T05:12:57.627Z,Japanese,All Time,-,-,-,0,0,0
2026-03-31T07:21:50.016Z,Global,Now,-,-,-,0,0,0
2026-03-31T07:21:50.016Z,Global,Weekly,-,-,-,0,0,0
2026-03-31T07:21:50.016Z,Global,Monthly,-,-,-,0,0,0
2026-03-31T07:21:50.016Z,Global,All Time,-,-,-,0,0,0
2026-03-31T07:21:50.016Z,Japanese,Now,-,-,-,0,0,0
2026-03-31T07:21:50.016Z,Japanese,Weekly,-,-,-,0,0,0
2026-03-31T07:21:50.016Z,Japanese,Monthly,coban3137,79cf91bc-167e-481f-9a49-b581919560c4,BINARY,13,5514,700
2026-03-31T07:21:50.016Z,Japanese,All Time,-,-,-,0,0,0
2026-03-31T10:08:18.393Z,Global,Now,-,-,-,0,0,0
2026-03-31T10:08:18.393Z,Global,Weekly,-,-,-,0,0,0
2026-03-31T10:08:18.393Z,Global,Monthly,-,-,-,0,0,0
2026-03-31T10:08:18.393Z,Global,All Time,-,-,-,0,0,0
2026-03-31T10:08:18.393Z,Japanese,Now,-,-,-,0,0,0
2026-03-31T10:08:18.393Z,Japanese,Weekly,-,-,-,0,0,0
2026-03-31T10:08:18.393Z,Japanese,Monthly,coban3137,79cf91bc-167e-481f-9a49-b581919560c4,BINARY,13,5514,700
2026-03-31T10:08:18.393Z,Japanese,All Time,-,-,-,0,0,0
2026-03-31T13:28:19.625Z,Global,Now,-,-,-,0,0,0
2026-03-31T13:28:19.625Z,Global,Weekly,-,-,-,0,0,0
2026-03-31T13:28:19.625Z,Global,Monthly,-,-,-,0,0,0
2026-03-31T13:28:19.625Z,Global,All Time,-,-,-,0,0,0
2026-03-31T13:28:19.625Z,Japanese,Now,-,-,-,0,0,0
2026-03-31T13:28:19.625Z,Japanese,Weekly,-,-,-,0,0,0
2026-03-31T13:28:19.625Z,Japanese,Monthly,coban3137,79cf91bc-167e-481f-9a49-b581919560c4,BINARY,13,5514,701
2026-03-31T13:28:19.625Z,Japanese,All Time,-,-,-,0,0,0
2026-03-31T16:08:21.059Z,Global,Now,-,-,-,0,0,0
2026-03-31T16:08:21.059Z,Global,Weekly,-,-,-,0,0,0
2026-03-31T16:08:21.059Z,Global,Monthly,-,-,-,0,0,0
2026-03-31T16:08:21.059Z,Global,All Time,-,-,-,0,0,0
2026-03-31T16:08:21.059Z,Japanese,Now,-,-,-,0,0,0
2026-03-31T16:08:21.059Z,Japanese,Weekly,-,-,-,0,0,0
2026-03-31T16:08:21.059Z,Japanese,Monthly,coban3137,79cf91bc-167e-481f-9a49-b581919560c4,BINARY,13,5514,701
2026-03-31T16:08:21.059Z,Japanese,All Time,-,-,-,0,0,0
2026-03-31T19:07:34.649Z,Global,Now,-,-,-,0,0,0
2026-03-31T19:07:34.649Z,Global,Weekly,-,-,-,0,0,0
2026-03-31T19:07:34.649Z,Global,Monthly,-,-,-,0,0,0
2026-03-31T19:07:34.649Z,Global,All Time,-,-,-,0,0,0
2026-03-31T19:07:34.649Z,Japanese,Now,-,-,-,0,0,0
2026-03-31T19:07:34.649Z,Japanese,Weekly,-,-,-,0,0,0
2026-03-31T19:07:34.649Z,Japanese,Monthly,coban3137,79cf91bc-167e-481f-9a49-b581919560c4,BINARY,13,5514,701
2026-03-31T19:07:34.649Z,Japanese,All Time,-,-,-,0,0,0
2026-03-31T21:42:39.016Z,Global,Now,-,-,-,0,0,0
2026-03-31T21:42:39.016Z,Global,Weekly,-,-,-,0,0,0
2026-03-31T21:42:39.016Z,Global,Monthly,-,-,-,0,0,0
2026-03-31T21:42:39.016Z,Global,All Time,-,-,-,0,0,0
2026-03-31T21:42:39.016Z,Japanese,Now,-,-,-,0,0,0
2026-03-31T21:42:39.016Z,Japanese,Weekly,-,-,-,0,0,0
2026-03-31T21:42:39.016Z,Japanese,Monthly,coban3137,79cf91bc-167e-481f-9a49-b581919560c4,BINARY,13,5514,701
2026-03-31T21:42:39.016Z,Japanese,All Time,-,-,-,0,0,0
2026-04-01T02:54:24.556Z,Global,Now,-,-,-,0,0,0
2026-04-01T02:54:24.556Z,Global,Weekly,-,-,-,0,0,0
2026-04-01T02:54:24.556Z,Global,Monthly,-,-,-,0,0,0
2026-04-01T02:54:24.556Z,Global,All Time,-,-,-,0,0,0
2026-04-01T02:54:24.556Z,Japanese,Now,-,-,-,0,0,0
2026-04-01T02:54:24.556Z,Japanese,Weekly,-,-,-,0,0,0
2026-04-01T02:54:24.556Z,Japanese,Monthly,coban3137,79cf91bc-167e-481f-9a49-b581919560c4,BINARY,13,5514,701
2026-04-01T02:54:24.556Z,Japanese,All Time,-,-,-,0,0,0
2026-04-01T05:28:42.158Z,Global,Now,-,-,-,0,0,0
2026-04-01T05:28:42.158Z,Global,Weekly,-,-,-,0,0,0
2026-04-01T05:28:42.158Z,Global,Monthly,-,-,-,0,0,0
2026-04-01T05:28:42.158Z,Global,All Time,-,-,-,0,0,0
2026-04-01T05:28:42.158Z,Japanese,Now,-,-,-,0,0,0
2026-04-01T05:28:42.158Z,Japanese,Weekly,-,-,-,0,0,0
2026-04-01T05:28:42.158Z,Japanese,Monthly,coban3137,79cf91bc-167e-481f-9a49-b581919560c4,BINARY,13,5514,701
2026-04-01T05:28:42.158Z,Japanese,All Time,-,-,-,0,0,0
2026-04-01T07:27:09.791Z,Global,Now,-,-,-,0,0,0
2026-04-01T07:27:09.791Z,Global,Weekly,-,-,-,0,0,0
2026-04-01T07:27:09.791Z,Global,Monthly,-,-,-,0,0,0
2026-04-01T07:27:09.791Z,Global,All Time,-,-,-,0,0,0
2026-04-01T07:27:09.791Z,Japanese,Now,-,-,-,0,0,0
2026-04-01T07:27:09.791Z,Japanese,Weekly,-,-,-,0,0,0
2026-04-01T07:27:09.791Z,Japanese,Monthly,coban3137,79cf91bc-167e-481f-9a49-b581919560c4,BINARY,13,5514,701
2026-04-01T07:27:09.791Z,Japanese,All Time,-,-,-,0,0,0
2026-04-01T10:09:29.567Z,Global,Now,-,-,-,0,0,0
2026-04-01T10:09:29.567Z,Global,Weekly,-,-,-,0,0,0
2026-04-01T10:09:29.567Z,Global,Monthly,-,-,-,0,0,0
2026-04-01T10:09:29.567Z,Global,All Time,-,-,-,0,0,0
2026-04-01T10:09:29.567Z,Japanese,Now,-,-,-,0,0,0
2026-04-01T10:09:29.567Z,Japanese,Weekly,-,-,-,0,0,0
2026-04-01T10:09:29.567Z,Japanese,Monthly,coban3137,79cf91bc-167e-481f-9a49-b581919560c4,BINARY,13,5514,701
2026-04-01T10:09:29.567Z,Japanese,All Time,-,-,-,0,0,0
2026-04-01T13:43:02.839Z,Global,Now,-,-,-,0,0,0
2026-04-01T13:43:02.839Z,Global,Weekly,-,-,-,0,0,0
2026-04-01T13:43:02.839Z,Global,Monthly,-,-,-,0,0,0
2026-04-01T13:43:02.839Z,Global,All Time,-,-,-,0,0,0
2026-04-01T13:43:02.839Z,Japanese,Now,-,-,-,0,0,0
2026-04-01T13:43:02.839Z,Japanese,Weekly,-,-,-,0,0,0
2026-04-01T13:43:02.839Z,Japanese,Monthly,coban3137,79cf91bc-167e-481f-9a49-b581919560c4,BINARY,13,5514,702
2026-04-01T13:43:02.839Z,Japanese,All Time,-,-,-,0,0,0
2026-04-01T16:08:54.738Z,Global,Now,-,-,-,0,0,0
2026-04-01T16:08:54.738Z,Global,Weekly,-,-,-,0,0,0
2026-04-01T16:08:54.738Z,Global,Monthly,-,-,-,0,0,0
2026-04-01T16:08:54.738Z,Global,All Time,-,-,-,0,0,0
2026-04-01T16:08:54.738Z,Japanese,Now,-,-,-,0,0,0
2026-04-01T16:08:54.738Z,Japanese,Weekly,-,-,-,0,0,0
2026-04-01T16:08:54.738Z,Japanese,Monthly,coban3137,79cf91bc-167e-481f-9a49-b581919560c4,BINARY,13,5514,702
2026-04-01T16:08:54.738Z,Japanese,All Time,-,-,-,0,0,0
2026-04-01T19:07:44.126Z,Global,Now,-,-,-,0,0,0
2026-04-01T19:07:44.126Z,Global,Weekly,-,-,-,0,0,0
2026-04-01T19:07:44.126Z,Global,Monthly,-,-,-,0,0,0
2026-04-01T19:07:44.126Z,Global,All Time,-,-,-,0,0,0
2026-04-01T19:07:44.126Z,Japanese,Now,-,-,-,0,0,0
2026-04-01T19:07:44.126Z,Japanese,Weekly,-,-,-,0,0,0
2026-04-01T19:07:44.126Z,Japanese,Monthly,coban3137,79cf91bc-167e-481f-9a49-b581919560c4,BINARY,13,5514,702
2026-04-01T19:07:44.126Z,Japanese,All Time,-,-,-,0,0,0
2026-04-01T21:46:52.452Z,Global,Now,-,-,-,0,0,0
2026-04-01T21:46:52.452Z,Global,Weekly,-,-,-,0,0,0
2026-04-01T21:46:52.452Z,Global,Monthly,-,-,-,0,0,0
2026-04-01T21:46:52.452Z,Global,All Time,-,-,-,0,0,0
2026-04-01T21:46:52.452Z,Japanese,Now,-,-,-,0,0,0
2026-04-01T21:46:52.452Z,Japanese,Weekly,-,-,-,0,0,0
2026-04-01T21:46:52.452Z,Japanese,Monthly,coban3137,79cf91bc-167e-481f-9a49-b581919560c4,BINARY,13,5514,702
2026-04-01T21:46:52.452Z,Japanese,All Time,-,-,-,0,0,0
2026-04-02T02:38:55.282Z,Global,Now,darari_nu,54bef081-c311-4055-8f73-a19633b60a74,鬼灯,31,107,64
2026-04-02T02:38:55.282Z,Global,Weekly,-,-,-,0,0,0
2026-04-02T02:38:55.282Z,Global,Monthly,-,-,-,0,0,0
2026-04-02T02:38:55.282Z,Global,All Time,-,-,-,0,0,0
2026-04-02T02:38:55.282Z,Japanese,Now,darari_nu,54bef081-c311-4055-8f73-a19633b60a74,鬼灯,2,107,64
2026-04-02T02:38:55.282Z,Japanese,Now,coban3137,413d7a37-0488-402b-9eff-e6129ed0b8f4,水脈,8,147,86
2026-04-02T02:38:55.282Z,Japanese,Weekly,-,-,-,0,0,0
2026-04-02T02:38:55.282Z,Japanese,Monthly,coban3137,79cf91bc-167e-481f-9a49-b581919560c4,BINARY,13,5514,702
2026-04-02T02:38:55.282Z,Japanese,All Time,-,-,-,0,0,0
2026-04-02T09:54:12.476Z,Global,Now,coban3137,413d7a37-0488-402b-9eff-e6129ed0b8f4,水脈,17,224,158
2026-04-02T09:54:12.476Z,Global,Now,darari_nu,54bef081-c311-4055-8f73-a19633b60a74,鬼灯,27,209,110
2026-04-02T09:54:12.476Z,Global,Weekly,-,-,-,0,0,0
2026-04-02T09:54:12.476Z,Global,Monthly,-,-,-,0,0,0
2026-04-02T09:54:12.476Z,Global,All Time,-,-,-,0,0,0
2026-04-02T09:54:12.476Z,Japanese,Now,coban3137,413d7a37-0488-402b-9eff-e6129ed0b8f4,水脈,2,224,158
2026-04-02T09:54:12.476Z,Japanese,Now,darari_nu,54bef081-c311-4055-8f73-a19633b60a74,鬼灯,3,209,110
2026-04-02T09:54:12.476Z,Japanese,Weekly,-,-,-,0,0,0
2026-04-02T09:54:12.476Z,Japanese,Monthly,coban3137,79cf91bc-167e-481f-9a49-b581919560c4,BINARY,13,5514,703
2026-04-02T09:54:12.476Z,Japanese,All Time,-,-,-,0,0,0
2026-04-02T09:58:52.385Z,Global,Now,coban3137,413d7a37-0488-402b-9eff-e6129ed0b8f4,水脈,17,224,158
2026-04-02T09:58:52.385Z,Global,Now,darari_nu,54bef081-c311-4055-8f73-a19633b60a74,鬼灯,27,209,110
2026-04-02T09:58:52.385Z,Global,Weekly,-,-,-,0,0,0
2026-04-02T09:58:52.385Z,Global,Monthly,-,-,-,0,0,0
2026-04-02T09:58:52.385Z,Global,All Time,-,-,-,0,0,0
2026-04-02T09:58:52.385Z,Japanese,Now,coban3137,413d7a37-0488-402b-9eff-e6129ed0b8f4,水脈,2,224,158
2026-04-02T09:58:52.385Z,Japanese,Now,darari_nu,54bef081-c311-4055-8f73-a19633b60a74,鬼灯,3,209,110
2026-04-02T09:58:52.385Z,Japanese,Weekly,-,-,-,0,0,0
2026-04-02T09:58:52.385Z,Japanese,Monthly,coban3137,79cf91bc-167e-481f-9a49-b581919560c4,BINARY,13,5514,703
2026-04-02T09:58:52.385Z,Japanese,All Time,-,-,-,0,0,0
2026-04-02T10:44:42.601Z,Global,Now,coban3137,413d7a37-0488-402b-9eff-e6129ed0b8f4,水脈,10,273,167
2026-04-02T10:44:42.601Z,Global,Now,darari_nu,54bef081-c311-4055-8f73-a19633b60a74,鬼灯,29,232,115
2026-04-02T10:44:42.601Z,Global,Weekly,-,-,-,0,0,0
2026-04-02T10:44:42.601Z,Global,Monthly,-,-,-,0,0,0
2026-04-02T10:44:42.601Z,Global,All Time,-,-,-,0,0,0
2026-04-02T10:44:42.601Z,Japanese,Now,coban3137,413d7a37-0488-402b-9eff-e6129ed0b8f4,水脈,1,273,167
2026-04-02T10:44:42.601Z,Japanese,Now,darari_nu,54bef081-c311-4055-8f73-a19633b60a74,鬼灯,4,232,115
2026-04-02T10:44:42.601Z,Japanese,Weekly,-,-,-,0,0,0
2026-04-02T10:44:42.601Z,Japanese,Monthly,coban3137,79cf91bc-167e-481f-9a49-b581919560c4,BINARY,13,5514,703
2026-04-02T10:44:42.601Z,Japanese,All Time,-,-,-,0,0,0
2026-04-02T11:40:47.249Z,Global,Now,coban3137,413d7a37-0488-402b-9eff-e6129ed0b8f4,水脈,10,314,172
2026-04-02T11:40:47.249Z,Global,Now,darari_nu,54bef081-c311-4055-8f73-a19633b60a74,鬼灯,29,248,118
2026-04-02T11:40:47.249Z,Global,Weekly,-,-,-,0,0,0
2026-04-02T11:40:47.249Z,Global,Monthly,-,-,-,0,0,0
2026-04-02T11:40:47.249Z,Global,All Time,-,-,-,0,0,0
2026-04-02T11:40:47.249Z,Japanese,Now,coban3137,413d7a37-0488-402b-9eff-e6129ed0b8f4,水脈,1,314,172
2026-04-02T11:40:47.249Z,Japanese,Now,darari_nu,54bef081-c311-4055-8f73-a19633b60a74,鬼灯,4,248,118
2026-04-02T11:40:47.249Z,Japanese,Weekly,-,-,-,0,0,0
2026-04-02T11:40:47.249Z,Japanese,Monthly,coban3137,79cf91bc-167e-481f-9a49-b581919560c4,BINARY,13,5514,703
2026-04-02T11:40:47.249Z,Japanese,All Time,-,-,-,0,0,0
2026-04-02T12:54:54.062Z,Global,Now,coban3137,413d7a37-0488-402b-9eff-e6129ed0b8f4,水脈,10,370,179
2026-04-02T12:54:54.062Z,Global,Now,darari_nu,54bef081-c311-4055-8f73-a19633b60a74,鬼灯,29,280,121
2026-04-02T12:54:54.062Z,Global,Weekly,-,-,-,0,0,0
2026-04-02T12:54:54.062Z,Global,Monthly,-,-,-,0,0,0
2026-04-02T12:54:54.062Z,Global,All Time,-,-,-,0,0,0
2026-04-02T12:54:54.062Z,Japanese,Now,coban3137,413d7a37-0488-402b-9eff-e6129ed0b8f4,水脈,1,370,179
2026-04-02T12:54:54.062Z,Japanese,Now,darari_nu,54bef081-c311-4055-8f73-a19633b60a74,鬼灯,4,280,121
2026-04-02T12:54:54.062Z,Japanese,Weekly,-,-,-,0,0,0
2026-04-02T12:54:54.062Z,Japanese,Monthly,coban3137,79cf91bc-167e-481f-9a49-b581919560c4,BINARY,13,5570,703
2026-04-02T12:54:54.062Z,Japanese,All Time,-,-,-,0,0,0
2026-04-02T14:19:44.072Z,Global,Now,coban3137,413d7a37-0488-402b-9eff-e6129ed0b8f4,水脈,8,467,192
2026-04-02T14:19:44.072Z,Global,Now,darari_nu,54bef081-c311-4055-8f73-a19633b60a74,鬼灯,13,315,130
2026-04-02T14:19:44.072Z,Global,Weekly,-,-,-,0,0,0
2026-04-02T14:19:44.072Z,Global,Monthly,-,-,-,0,0,0
2026-04-02T14:19:44.072Z,Global,All Time,-,-,-,0,0,0
2026-04-02T14:19:44.072Z,Japanese,Now,coban3137,413d7a37-0488-402b-9eff-e6129ed0b8f4,水脈,1,467,192
2026-04-02T14:19:44.072Z,Japanese,Now,darari_nu,54bef081-c311-4055-8f73-a19633b60a74,鬼灯,3,315,130
2026-04-02T14:19:44.072Z,Japanese,Weekly,-,-,-,0,0,0
2026-04-02T14:19:44.072Z,Japanese,Monthly,coban3137,79cf91bc-167e-481f-9a49-b581919560c4,BINARY,13,5570,703
2026-04-02T14:19:44.072Z,Japanese,All Time,-,-,-,0,0,0
2026-04-02T15:54:04.766Z,Global,Now,coban3137,413d7a37-0488-402b-9eff-e6129ed0b8f4,水脈,8,481,200
2026-04-02T15:54:04.766Z,Global,Now,darari_nu,54bef081-c311-4055-8f73-a19633b60a74,鬼灯,13,338,142
2026-04-02T15:54:04.766Z,Global,Weekly,-,-,-,0,0,0
2026-04-02T15:54:04.766Z,Global,Monthly,-,-,-,0,0,0
2026-04-02T15:54:04.766Z,Global,All Time,-,-,-,0,0,0
2026-04-02T15:54:04.766Z,Japanese,Now,coban3137,413d7a37-0488-402b-9eff-e6129ed0b8f4,水脈,1,481,200
2026-04-02T15:54:04.766Z,Japanese,Now,darari_nu,54bef081-c311-4055-8f73-a19633b60a74,鬼灯,3,338,142
2026-04-02T15:54:04.766Z,Japanese,Weekly,-,-,-,0,0,0
2026-04-02T15:54:04.766Z,Japanese,Monthly,coban3137,79cf91bc-167e-481f-9a49-b581919560c4,BINARY,13,5570,704
2026-04-02T15:54:04.766Z,Japanese,All Time,-,-,-,0,0,0
2026-04-02T16:50:12.618Z,Global,Now,coban3137,413d7a37-0488-402b-9eff-e6129ed0b8f4,水脈,8,505,209
2026-04-02T16:50:12.618Z,Global,Now,darari_nu,54bef081-c311-4055-8f73-a19633b60a74,鬼灯,13,361,146
2026-04-02T16:50:12.618Z,Global,Weekly,-,-,-,0,0,0
2026-04-02T16:50:12.618Z,Global,Monthly,-,-,-,0,0,0
2026-04-02T16:50:12.618Z,Global,All Time,-,-,-,0,0,0
2026-04-02T16:50:12.618Z,Japanese,Now,coban3137,413d7a37-0488-402b-9eff-e6129ed0b8f4,水脈,1,505,209
2026-04-02T16:50:12.618Z,Japanese,Now,darari_nu,54bef081-c311-4055-8f73-a19633b60a74,鬼灯,3,361,146
2026-04-02T16:50:12.618Z,Japanese,Weekly,-,-,-,0,0,0
2026-04-02T16:50:12.618Z,Japanese,Monthly,coban3137,79cf91bc-167e-481f-9a49-b581919560c4,BINARY,13,5570,704
2026-04-02T16:50:12.618Z,Japanese,All Time,-,-,-,0,0,0
2026-04-02T17:43:41.647Z,Global,Now,coban3137,413d7a37-0488-402b-9eff-e6129ed0b8f4,水脈,8,519,213
2026-04-02T17:43:41.647Z,Global,Now,darari_nu,54bef081-c311-4055-8f73-a19633b60a74,鬼灯,13,368,150
2026-04-02T17:43:41.647Z,Global,Weekly,-,-,-,0,0,0
2026-04-02T17:43:41.647Z,Global,Monthly,-,-,-,0,0,0
2026-04-02T17:43:41.647Z,Global,All Time,-,-,-,0,0,0
2026-04-02T17:43:41.647Z,Japanese,Now,coban3137,413d7a37-0488-402b-9eff-e6129ed0b8f4,水脈,1,519,213
2026-04-02T17:43:41.647Z,Japanese,Now,darari_nu,54bef081-c311-4055-8f73-a19633b60a74,鬼灯,3,368,150
2026-04-02T17:43:41.647Z,Japanese,Weekly,-,-,-,0,0,0
2026-04-02T17:43:41.647Z,Japanese,Monthly,coban3137,79cf91bc-167e-481f-9a49-b581919560c4,BINARY,13,5570,705
2026-04-02T17:43:41.647Z,Japanese,All Time,-,-,-,0,0,0
2026-04-02T18:45:11.348Z,Global,Now,coban3137,413d7a37-0488-402b-9eff-e6129ed0b8f4,水脈,7,549,218
2026-04-02T18:45:11.348Z,Global,Now,darari_nu,54bef081-c311-4055-8f73-a19633b60a74,鬼灯,17,390,155
2026-04-02T18:45:11.348Z,Global,Weekly,-,-,-,0,0,0
2026-04-02T18:45:11.348Z,Global,Monthly,-,-,-,0,0,0
2026-04-02T18:45:11.348Z,Global,All Time,-,-,-,0,0,0
2026-04-02T18:45:11.348Z,Japanese,Now,coban3137,413d7a37-0488-402b-9eff-e6129ed0b8f4,水脈,1,549,218
2026-04-02T18:45:11.348Z,Japanese,Now,darari_nu,54bef081-c311-4055-8f73-a19633b60a74,鬼灯,3,390,155
2026-04-02T18:45:11.348Z,Japanese,Weekly,-,-,-,0,0,0
2026-04-02T18:45:11.348Z,Japanese,Monthly,coban3137,79cf91bc-167e-481f-9a49-b581919560c4,BINARY,13,5570,705
2026-04-02T18:45:11.348Z,Japanese,All Time,-,-,-,0,0,0
2026-04-02T19:44:08.483Z,Global,Now,coban3137,413d7a37-0488-402b-9eff-e6129ed0b8f4,水脈,7,573,221
2026-04-02T19:44:08.483Z,Global,Now,darari_nu,54bef081-c311-4055-8f73-a19633b60a74,鬼灯,17,406,157
2026-04-02T19:44:08.483Z,Global,Weekly,-,-,-,0,0,0
2026-04-02T19:44:08.483Z,Global,Monthly,-,-,-,0,0,0
2026-04-02T19:44:08.483Z,Global,All Time,-,-,-,0,0,0
2026-04-02T19:44:08.483Z,Japanese,Now,coban3137,413d7a37-0488-402b-9eff-e6129ed0b8f4,水脈,1,573,221
2026-04-02T19:44:08.483Z,Japanese,Now,darari_nu,54bef081-c311-4055-8f73-a19633b60a74,鬼灯,3,406,157
2026-04-02T19:44:08.483Z,Japanese,Weekly,-,-,-,0,0,0
2026-04-02T19:44:08.483Z,Japanese,Monthly,coban3137,79cf91bc-167e-481f-9a49-b581919560c4,BINARY,13,5570,706
2026-04-02T19:44:08.483Z,Japanese,All Time,-,-,-,0,0,0
2026-04-02T20:28:17.065Z,Global,Now,coban3137,413d7a37-0488-402b-9eff-e6129ed0b8f4,水脈,7,598,224
2026-04-02T20:28:17.065Z,Global,Now,darari_nu,54bef081-c311-4055-8f73-a19633b60a74,鬼灯,17,424,161
2026-04-02T20:28:17.065Z,Global,Weekly,-,-,-,0,0,0
2026-04-02T20:28:17.065Z,Global,Monthly,-,-,-,0,0,0
2026-04-02T20:28:17.065Z,Global,All Time,-,-,-,0,0,0
2026-04-02T20:28:17.065Z,Japanese,Now,coban3137,413d7a37-0488-402b-9eff-e6129ed0b8f4,水脈,1,598,224
2026-04-02T20:28:17.065Z,Japanese,Now,darari_nu,54bef081-c311-4055-8f73-a19633b60a74,鬼灯,3,424,161
2026-04-02T20:28:17.065Z,Japanese,Weekly,-,-,-,0,0,0
2026-04-02T20:28:17.065Z,Japanese,Monthly,coban3137,79cf91bc-167e-481f-9a49-b581919560c4,BINARY,13,5570,706
2026-04-02T20:28:17.065Z,Japanese,All Time,-,-,-,0,0,0
2026-04-02T21:30:16.032Z,Global,Now,coban3137,413d7a37-0488-402b-9eff-e6129ed0b8f4,水脈,7,623,227
2026-04-02T21:30:16.032Z,Global,Now,darari_nu,54bef081-c311-4055-8f73-a19633b60a74,鬼灯,17,424,168
2026-04-02T21:30:16.032Z,Global,Weekly,-,-,-,0,0,0
2026-04-02T21:30:16.032Z,Global,Monthly,-,-,-,0,0,0
2026-04-02T21:30:16.032Z,Global,All Time,-,-,-,0,0,0
2026-04-02T21:30:16.032Z,Japanese,Now,coban3137,413d7a37-0488-402b-9eff-e6129ed0b8f4,水脈,1,623,227
2026-04-02T21:30:16.032Z,Japanese,Now,darari_nu,54bef081-c311-4055-8f73-a19633b60a74,鬼灯,3,424,168
2026-04-02T21:30:16.032Z,Japanese,Weekly,-,-,-,0,0,0
2026-04-02T21:30:16.032Z,Japanese,Monthly,coban3137,79cf91bc-167e-481f-9a49-b581919560c4,BINARY,13,5570,706
2026-04-02T21:30:16.032Z,Japanese,All Time,-,-,-,0,0,0
2026-04-02T22:25:24.919Z,Global,Now,coban3137,413d7a37-0488-402b-9eff-e6129ed0b8f4,水脈,8,631,230
2026-04-02T22:25:24.919Z,Global,Now,darari_nu,54bef081-c311-4055-8f73-a19633b60a74,鬼灯,22,424,169
2026-04-02T22:25:24.919Z,Global,Weekly,-,-,-,0,0,0
2026-04-02T22:25:24.919Z,Global,Monthly,-,-,-,0,0,0
2026-04-02T22:25:24.919Z,Global,All Time,-,-,-,0,0,0
2026-04-02T22:25:24.919Z,Japanese,Now,coban3137,413d7a37-0488-402b-9eff-e6129ed0b8f4,水脈,1,631,230
2026-04-02T22:25:24.919Z,Japanese,Now,darari_nu,54bef081-c311-4055-8f73-a19633b60a74,鬼灯,3,424,169
2026-04-02T22:25:24.919Z,Japanese,Weekly,-,-,-,0,0,0
2026-04-02T22:25:24.919Z,Japanese,Monthly,coban3137,79cf91bc-167e-481f-9a49-b581919560c4,BINARY,13,5570,706
2026-04-02T22:25:24.919Z,Japanese,All Time,-,-,-,0,0,0
2026-04-02T23:28:04.573Z,Global,Now,coban3137,413d7a37-0488-402b-9eff-e6129ed0b8f4,水脈,8,654,235
2026-04-02T23:28:04.573Z,Global,Now,darari_nu,54bef081-c311-4055-8f73-a19633b60a74,鬼灯,22,424,172
2026-04-02T23:28:04.573Z,Global,Weekly,-,-,-,0,0,0
2026-04-02T23:28:04.573Z,Global,Monthly,-,-,-,0,0,0
2026-04-02T23:28:04.573Z,Global,All Time,-,-,-,0,0,0
2026-04-02T23:28:04.573Z,Japanese,Now,coban3137,413d7a37-0488-402b-9eff-e6129ed0b8f4,水脈,1,654,235
2026-04-02T23:28:04.573Z,Japanese,Now,darari_nu,54bef081-c311-4055-8f73-a19633b60a74,鬼灯,3,424,172
2026-04-02T23:28:04.573Z,Japanese,Weekly,-,-,-,0,0,0
2026-04-02T23:28:04.573Z,Japanese,Monthly,coban3137,79cf91bc-167e-481f-9a49-b581919560c4,BINARY,13,5570,706
2026-04-02T23:28:04.573Z,Japanese,All Time,-,-,-,0,0,0
2026-04-03T01:29:50.428Z,Global,Now,coban3137,413d7a37-0488-402b-9eff-e6129ed0b8f4,水脈,8,662,244
2026-04-03T01:29:50.428Z,Global,Now,darari_nu,54bef081-c311-4055-8f73-a19633b60a74,鬼灯,22,454,177
2026-04-03T01:29:50.428Z,Global,Weekly,-,-,-,0,0,0
2026-04-03T01:29:50.428Z,Global,Monthly,-,-,-,0,0,0
2026-04-03T01:29:50.428Z,Global,All Time,-,-,-,0,0,0
2026-04-03T01:29:50.428Z,Japanese,Now,coban3137,413d7a37-0488-402b-9eff-e6129ed0b8f4,水脈,1,662,244
2026-04-03T01:29:50.428Z,Japanese,Now,darari_nu,54bef081-c311-4055-8f73-a19633b60a74,鬼灯,3,454,177
2026-04-03T01:29:50.428Z,Japanese,Weekly,coban3137,413d7a37-0488-402b-9eff-e6129ed0b8f4,水脈,3,662,244
2026-04-03T01:29:50.428Z,Japanese,Weekly,darari_nu,54bef081-c311-4055-8f73-a19633b60a74,鬼灯,17,454,177
2026-04-03T01:29:50.428Z,Japanese,Monthly,coban3137,79cf91bc-167e-481f-9a49-b581919560c4,BINARY,13,5570,707
2026-04-03T01:29:50.428Z,Japanese,All Time,-,-,-,0,0,0
2026-04-03T04:24:32.938Z,Global,Now,coban3137,413d7a37-0488-402b-9eff-e6129ed0b8f4,水脈,6,707,251
2026-04-03T04:24:32.938Z,Global,Now,darari_nu,54bef081-c311-4055-8f73-a19633b60a74,鬼灯,29,486,184
2026-04-03T04:24:32.938Z,Global,Weekly,-,-,-,0,0,0
2026-04-03T04:24:32.938Z,Global,Monthly,-,-,-,0,0,0
2026-04-03T04:24:32.938Z,Global,All Time,-,-,-,0,0,0
2026-04-03T04:24:32.938Z,Japanese,Now,coban3137,413d7a37-0488-402b-9eff-e6129ed0b8f4,水脈,1,707,251
2026-04-03T04:24:32.938Z,Japanese,Now,darari_nu,54bef081-c311-4055-8f73-a19633b60a74,鬼灯,5,486,184
2026-04-03T04:24:32.938Z,Japanese,Weekly,coban3137,413d7a37-0488-402b-9eff-e6129ed0b8f4,水脈,3,707,251
2026-04-03T04:24:32.938Z,Japanese,Weekly,darari_nu,54bef081-c311-4055-8f73-a19633b60a74,鬼灯,17,486,184
2026-04-03T04:24:32.938Z,Japanese,Monthly,coban3137,79cf91bc-167e-481f-9a49-b581919560c4,BINARY,13,5570,708
2026-04-03T04:24:32.938Z,Japanese,All Time,-,-,-,0,0,0
2026-04-03T06:08:52.733Z,Global,Now,coban3137,413d7a37-0488-402b-9eff-e6129ed0b8f4,水脈,4,733,255
2026-04-03T06:08:52.733Z,Global,Now,darari_nu,54bef081-c311-4055-8f73-a19633b60a74,鬼灯,18,504,185
2026-04-03T06:08:52.733Z,Global,Weekly,-,-,-,0,0,0
2026-04-03T06:08:52.733Z,Global,Monthly,-,-,-,0,0,0
2026-04-03T06:08:52.733Z,Global,All Time,-,-,-,0,0,0
2026-04-03T06:08:52.733Z,Japanese,Now,coban3137,413d7a37-0488-402b-9eff-e6129ed0b8f4,水脈,1,733,255
2026-04-03T06:08:52.733Z,Japanese,Now,darari_nu,54bef081-c311-4055-8f73-a19633b60a74,鬼灯,3,504,185
2026-04-03T06:08:52.733Z,Japanese,Weekly,coban3137,413d7a37-0488-402b-9eff-e6129ed0b8f4,水脈,3,733,255
2026-04-03T06:08:52.733Z,Japanese,Weekly,darari_nu,54bef081-c311-4055-8f73-a19633b60a74,鬼灯,17,504,185
2026-04-03T06:08:52.733Z,Japanese,Monthly,coban3137,79cf91bc-167e-481f-9a49-b581919560c4,BINARY,13,5570,708
2026-04-03T06:08:52.733Z,Japanese,All Time,-,-,-,0,0,0
2026-04-03T07:58:07.197Z,Global,Now,coban3137,413d7a37-0488-402b-9eff-e6129ed0b8f4,水脈,4,770,260
2026-04-03T07:58:07.197Z,Global,Now,darari_nu,54bef081-c311-4055-8f73-a19633b60a74,鬼灯,18,527,190
2026-04-03T07:58:07.197Z,Global,Weekly,-,-,-,0,0,0
2026-04-03T07:58:07.197Z,Global,Monthly,-,-,-,0,0,0
2026-04-03T07:58:07.197Z,Global,All Time,-,-,-,0,0,0
2026-04-03T07:58:07.197Z,Japanese,Now,coban3137,413d7a37-0488-402b-9eff-e6129ed0b8f4,水脈,1,770,260
2026-04-03T07:58:07.197Z,Japanese,Now,darari_nu,54bef081-c311-4055-8f73-a19633b60a74,鬼灯,3,527,190
2026-04-03T07:58:07.197Z,Japanese,Weekly,coban3137,413d7a37-0488-402b-9eff-e6129ed0b8f4,水脈,3,770,260
2026-04-03T07:58:07.197Z,Japanese,Weekly,darari_nu,54bef081-c311-4055-8f73-a19633b60a74,鬼灯,17,527,190
2026-04-03T07:58:07.197Z,Japanese,Monthly,coban3137,79cf91bc-167e-481f-9a49-b581919560c4,BINARY,13,5570,709
2026-04-03T07:58:07.197Z,Japanese,All Time,-,-,-,0,0,0
2026-04-03T08:53:55.173Z,Global,Now,coban3137,413d7a37-0488-402b-9eff-e6129ed0b8f4,水脈,4,803,262
2026-04-03T08:53:55.173Z,Global,Now,darari_nu,54bef081-c311-4055-8f73-a19633b60a74,鬼灯,18,551,193
2026-04-03T08:53:55.173Z,Global,Weekly,-,-,-,0,0,0
2026-04-03T08:53:55.173Z,Global,Monthly,-,-,-,0,0,0
2026-04-03T08:53:55.173Z,Global,All Time,-,-,-,0,0,0
2026-04-03T08:53:55.173Z,Japanese,Now,coban3137,413d7a37-0488-402b-9eff-e6129ed0b8f4,水脈,1,803,262
2026-04-03T08:53:55.173Z,Japanese,Now,darari_nu,54bef081-c311-4055-8f73-a19633b60a74,鬼灯,3,551,193
2026-04-03T08:53:55.173Z,Japanese,Weekly,coban3137,413d7a37-0488-402b-9eff-e6129ed0b8f4,水脈,3,803,262
2026-04-03T08:53:55.173Z,Japanese,Weekly,darari_nu,54bef081-c311-4055-8f73-a19633b60a74,鬼灯,17,551,193
2026-04-03T08:53:55.173Z,Japanese,Monthly,coban3137,79cf91bc-167e-481f-9a49-b581919560c4,BINARY,13,5570,709
2026-04-03T08:53:55.173Z,Japanese,All Time,-,-,-,0,0,0
2026-04-03T09:46:18.777Z,Global,Now,coban3137,413d7a37-0488-402b-9eff-e6129ed0b8f4,水脈,4,820,266
2026-04-03T09:46:18.777Z,Global,Now,darari_nu,54bef081-c311-4055-8f73-a19633b60a74,鬼灯,18,575,193
2026-04-03T09:46:18.777Z,Global,Weekly,-,-,-,0,0,0
2026-04-03T09:46:18.777Z,Global,Monthly,-,-,-,0,0,0
2026-04-03T09:46:18.777Z,Global,All Time,-,-,-,0,0,0
2026-04-03T09:46:18.777Z,Japanese,Now,coban3137,413d7a37-0488-402b-9eff-e6129ed0b8f4,水脈,1,820,266
2026-04-03T09:46:18.777Z,Japanese,Now,darari_nu,54bef081-c311-4055-8f73-a19633b60a74,鬼灯,3,575,193
2026-04-03T09:46:18.777Z,Japanese,Weekly,coban3137,413d7a37-0488-402b-9eff-e6129ed0b8f4,水脈,3,820,266
2026-04-03T09:46:18.777Z,Japanese,Weekly,darari_nu,54bef081-c311-4055-8f73-a19633b60a74,鬼灯,17,575,193
2026-04-03T09:46:18.777Z,Japanese,Monthly,coban3137,79cf91bc-167e-481f-9a49-b581919560c4,BINARY,13,5570,709
2026-04-03T09:46:18.777Z,Japanese,All Time,-,-,-,0,0,0
2026-04-03T10:37:01.610Z,Global,Now,coban3137,413d7a37-0488-402b-9eff-e6129ed0b8f4,水脈,4,827,270
2026-04-03T10:37:01.610Z,Global,Now,darari_nu,54bef081-c311-4055-8f73-a19633b60a74,鬼灯,13,582,197
2026-04-03T10:37:01.610Z,Global,Weekly,-,-,-,0,0,0
2026-04-03T10:37:01.610Z,Global,Monthly,-,-,-,0,0,0
2026-04-03T10:37:01.610Z,Global,All Time,-,-,-,0,0,0
2026-04-03T10:37:01.610Z,Japanese,Now,coban3137,413d7a37-0488-402b-9eff-e6129ed0b8f4,水脈,1,827,270
2026-04-03T10:37:01.610Z,Japanese,Now,darari_nu,54bef081-c311-4055-8f73-a19633b60a74,鬼灯,3,582,197
2026-04-03T10:37:01.610Z,Japanese,Weekly,coban3137,413d7a37-0488-402b-9eff-e6129ed0b8f4,水脈,3,827,270
2026-04-03T10:37:01.610Z,Japanese,Weekly,darari_nu,54bef081-c311-4055-8f73-a19633b60a74,鬼灯,17,582,197
2026-04-03T10:37:01.610Z,Japanese,Monthly,coban3137,79cf91bc-167e-481f-9a49-b581919560c4,BINARY,13,5570,709
2026-04-03T10:37:01.610Z,Japanese,All Time,-,-,-,0,0,0
2026-04-03T11:33:24.590Z,Global,Now,coban3137,413d7a37-0488-402b-9eff-e6129ed0b8f4,水脈,4,867,276
2026-04-03T11:33:24.590Z,Global,Now,darari_nu,54bef081-c311-4055-8f73-a19633b60a74,鬼灯,13,597,201
2026-04-03T11:33:24.590Z,Global,Weekly,-,-,-,0,0,0
2026-04-03T11:33:24.590Z,Global,Monthly,-,-,-,0,0,0
2026-04-03T11:33:24.590Z,Global,All Time,-,-,-,0,0,0
2026-04-03T11:33:24.590Z,Japanese,Now,coban3137,413d7a37-0488-402b-9eff-e6129ed0b8f4,水脈,1,867,276
2026-04-03T11:33:24.590Z,Japanese,Now,darari_nu,54bef081-c311-4055-8f73-a19633b60a74,鬼灯,3,597,201
2026-04-03T11:33:24.590Z,Japanese,Weekly,coban3137,413d7a37-0488-402b-9eff-e6129ed0b8f4,水脈,3,867,276
2026-04-03T11:33:24.590Z,Japanese,Weekly,darari_nu,54bef081-c311-4055-8f73-a19633b60a74,鬼灯,17,597,201
2026-04-03T11:33:24.590Z,Japanese,Monthly,coban3137,79cf91bc-167e-481f-9a49-b581919560c4,BINARY,13,5570,709
2026-04-03T11:33:24.590Z,Japanese,All Time,-,-,-,0,0,0
2026-04-03T12:44:01.802Z,Global,Now,coban3137,413d7a37-0488-402b-9eff-e6129ed0b8f4,水脈,4,883,278
2026-04-03T12:44:01.802Z,Global,Now,darari_nu,54bef081-c311-4055-8f73-a19633b60a74,鬼灯,13,627,204
2026-04-03T12:44:01.802Z,Global,Weekly,-,-,-,0,0,0
2026-04-03T12:44:01.802Z,Global,Monthly,-,-,-,0,0,0
2026-04-03T12:44:01.802Z,Global,All Time,-,-,-,0,0,0
2026-04-03T12:44:01.802Z,Japanese,Now,coban3137,413d7a37-0488-402b-9eff-e6129ed0b8f4,水脈,1,883,278
2026-04-03T12:44:01.802Z,Japanese,Now,darari_nu,54bef081-c311-4055-8f73-a19633b60a74,鬼灯,3,627,204
2026-04-03T12:44:01.802Z,Japanese,Weekly,coban3137,413d7a37-0488-402b-9eff-e6129ed0b8f4,水脈,3,883,278
2026-04-03T12:44:01.802Z,Japanese,Weekly,darari_nu,54bef081-c311-4055-8f73-a19633b60a74,鬼灯,17,627,204
2026-04-03T12:44:01.802Z,Japanese,Monthly,coban3137,79cf91bc-167e-481f-9a49-b581919560c4,BINARY,13,5570,709
2026-04-03T12:44:01.802Z,Japanese,All Time,-,-,-,0,0,0
2026-04-03T13:58:15.995Z,Global,Now,coban3137,413d7a37-0488-402b-9eff-e6129ed0b8f4,水脈,4,923,283
2026-04-03T13:58:15.995Z,Global,Now,darari_nu,54bef081-c311-4055-8f73-a19633b60a74,鬼灯,13,651,207
2026-04-03T13:58:15.995Z,Global,Weekly,-,-,-,0,0,0
2026-04-03T13:58:15.995Z,Global,Monthly,-,-,-,0,0,0
2026-04-03T13:58:15.995Z,Global,All Time,-,-,-,0,0,0
2026-04-03T13:58:15.995Z,Japanese,Now,coban3137,413d7a37-0488-402b-9eff-e6129ed0b8f4,水脈,1,923,283
2026-04-03T13:58:15.995Z,Japanese,Now,darari_nu,54bef081-c311-4055-8f73-a19633b60a74,鬼灯,3,651,207
2026-04-03T13:58:15.995Z,Japanese,Weekly,coban3137,413d7a37-0488-402b-9eff-e6129ed0b8f4,水脈,3,923,283
2026-04-03T13:58:15.995Z,Japanese,Weekly,darari_nu,54bef081-c311-4055-8f73-a19633b60a74,鬼灯,17,651,207
2026-04-03T13:58:15.995Z,Japanese,Monthly,coban3137,79cf91bc-167e-481f-9a49-b581919560c4,BINARY,13,5570,709
2026-04-03T13:58:15.995Z,Japanese,All Time,-,-,-,0,0,0
2026-04-03T14:42:13.849Z,Global,Now,coban3137,413d7a37-0488-402b-9eff-e6129ed0b8f4,水脈,5,938,286
2026-04-03T14:42:13.849Z,Global,Now,darari_nu,54bef081-c311-4055-8f73-a19633b60a74,鬼灯,13,674,209
2026-04-03T14:42:13.849Z,Global,Weekly,-,-,-,0,0,0
2026-04-03T14:42:13.849Z,Global,Monthly,-,-,-,0,0,0
2026-04-03T14:42:13.849Z,Global,All Time,-,-,-,0,0,0
2026-04-03T14:42:13.849Z,Japanese,Now,coban3137,413d7a37-0488-402b-9eff-e6129ed0b8f4,水脈,1,938,286
2026-04-03T14:42:13.849Z,Japanese,Now,darari_nu,54bef081-c311-4055-8f73-a19633b60a74,鬼灯,2,674,209
2026-04-03T14:42:13.849Z,Japanese,Weekly,coban3137,413d7a37-0488-402b-9eff-e6129ed0b8f4,水脈,3,938,286
2026-04-03T14:42:13.849Z,Japanese,Weekly,darari_nu,54bef081-c311-4055-8f73-a19633b60a74,鬼灯,17,674,209
2026-04-03T14:42:13.849Z,Japanese,Monthly,coban3137,79cf91bc-167e-481f-9a49-b581919560c4,BINARY,13,5570,709
2026-04-03T14:42:13.849Z,Japanese,All Time,-,-,-,0,0,0
2026-04-03T15:34:36.025Z,Global,Now,coban3137,413d7a37-0488-402b-9eff-e6129ed0b8f4,水脈,5,963,289
2026-04-03T15:34:36.025Z,Global,Now,darari_nu,54bef081-c311-4055-8f73-a19633b60a74,鬼灯,13,674,210
2026-04-03T15:34:36.025Z,Global,Weekly,-,-,-,0,0,0
2026-04-03T15:34:36.025Z,Global,Monthly,-,-,-,0,0,0
2026-04-03T15:34:36.025Z,Global,All Time,-,-,-,0,0,0
2026-04-03T15:34:36.025Z,Japanese,Now,coban3137,413d7a37-0488-402b-9eff-e6129ed0b8f4,水脈,1,963,289
2026-04-03T15:34:36.025Z,Japanese,Now,darari_nu,54bef081-c311-4055-8f73-a19633b60a74,鬼灯,2,674,210
2026-04-03T15:34:36.025Z,Japanese,Weekly,coban3137,413d7a37-0488-402b-9eff-e6129ed0b8f4,水脈,3,963,289
2026-04-03T15:34:36.025Z,Japanese,Weekly,darari_nu,54bef081-c311-4055-8f73-a19633b60a74,鬼灯,17,674,210
2026-04-03T15:34:36.025Z,Japanese,Monthly,coban3137,79cf91bc-167e-481f-9a49-b581919560c4,BINARY,13,5570,709
2026-04-03T15:34:36.025Z,Japanese,All Time,-,-,-,0,0,0
2026-04-03T16:31:45.443Z,Global,Now,coban3137,413d7a37-0488-402b-9eff-e6129ed0b8f4,水脈,5,1013,294
2026-04-03T16:31:45.443Z,Global,Now,darari_nu,54bef081-c311-4055-8f73-a19633b60a74,鬼灯,13,712,219
2026-04-03T16:31:45.443Z,Global,Weekly,-,-,-,0,0,0
2026-04-03T16:31:45.443Z,Global,Monthly,-,-,-,0,0,0
2026-04-03T16:31:45.443Z,Global,All Time,-,-,-,0,0,0
2026-04-03T16:31:45.443Z,Japanese,Now,coban3137,413d7a37-0488-402b-9eff-e6129ed0b8f4,水脈,1,1013,294
2026-04-03T16:31:45.443Z,Japanese,Now,darari_nu,54bef081-c311-4055-8f73-a19633b60a74,鬼灯,2,712,219
2026-04-03T16:31:45.443Z,Japanese,Weekly,coban3137,413d7a37-0488-402b-9eff-e6129ed0b8f4,水脈,3,1013,294
2026-04-03T16:31:45.443Z,Japanese,Weekly,darari_nu,54bef081-c311-4055-8f73-a19633b60a74,鬼灯,17,712,219
2026-04-03T16:31:45.443Z,Japanese,Monthly,coban3137,79cf91bc-167e-481f-9a49-b581919560c4,BINARY,13,5570,709
2026-04-03T16:31:45.443Z,Japanese,All Time,-,-,-,0,0,0
2026-04-03T17:28:16.053Z,Global,Now,coban3137,413d7a37-0488-402b-9eff-e6129ed0b8f4,水脈,5,1046,299
2026-04-03T17:28:16.053Z,Global,Now,darari_nu,54bef081-c311-4055-8f73-a19633b60a74,鬼灯,13,721,226
2026-04-03T17:28:16.053Z,Global,Weekly,-,-,-,0,0,0
2026-04-03T17:28:16.053Z,Global,Monthly,-,-,-,0,0,0
2026-04-03T17:28:16.053Z,Global,All Time,-,-,-,0,0,0
2026-04-03T17:28:16.053Z,Japanese,Now,coban3137,413d7a37-0488-402b-9eff-e6129ed0b8f4,水脈,1,1046,299
2026-04-03T17:28:16.053Z,Japanese,Now,darari_nu,54bef081-c311-4055-8f73-a19633b60a74,鬼灯,2,721,226
2026-04-03T17:28:16.053Z,Japanese,Weekly,coban3137,413d7a37-0488-402b-9eff-e6129ed0b8f4,水脈,3,1046,299
2026-04-03T17:28:16.053Z,Japanese,Weekly,darari_nu,54bef081-c311-4055-8f73-a19633b60a74,鬼灯,17,721,226
2026-04-03T17:28:16.053Z,Japanese,Monthly,coban3137,79cf91bc-167e-481f-9a49-b581919560c4,BINARY,13,5570,709
2026-04-03T17:28:16.053Z,Japanese,All Time,-,-,-,0,0,0
2026-04-03T18:36:58.962Z,Global,Now,coban3137,413d7a37-0488-402b-9eff-e6129ed0b8f4,水脈,3,1144,301
2026-04-03T18:36:58.962Z,Global,Now,darari_nu,54bef081-c311-4055-8f73-a19633b60a74,鬼灯,12,753,230
2026-04-03T18:36:58.962Z,Global,Weekly,-,-,-,0,0,0
2026-04-03T18:36:58.962Z,Global,Monthly,-,-,-,0,0,0
2026-04-03T18:36:58.962Z,Global,All Time,-,-,-,0,0,0
2026-04-03T18:36:58.962Z,Japanese,Now,coban3137,413d7a37-0488-402b-9eff-e6129ed0b8f4,水脈,1,1144,301
2026-04-03T18:36:58.962Z,Japanese,Now,darari_nu,54bef081-c311-4055-8f73-a19633b60a74,鬼灯,2,753,230
2026-04-03T18:36:58.962Z,Japanese,Weekly,coban3137,413d7a37-0488-402b-9eff-e6129ed0b8f4,水脈,3,1144,301
2026-04-03T18:36:58.962Z,Japanese,Weekly,darari_nu,54bef081-c311-4055-8f73-a19633b60a74,鬼灯,17,753,230
2026-04-03T18:36:58.962Z,Japanese,Monthly,coban3137,79cf91bc-167e-481f-9a49-b581919560c4,BINARY,13,5570,709
2026-04-03T18:36:58.962Z,Japanese,All Time,-,-,-,0,0,0
2026-04-03T19:34:04.838Z,Global,Now,coban3137,413d7a37-0488-402b-9eff-e6129ed0b8f4,水脈,3,1176,306
2026-04-03T19:34:04.838Z,Global,Now,darari_nu,54bef081-c311-4055-8f73-a19633b60a74,鬼灯,12,787,233
2026-04-03T19:34:04.838Z,Global,Weekly,-,-,-,0,0,0
2026-04-03T19:34:04.838Z,Global,Monthly,-,-,-,0,0,0
2026-04-03T19:34:04.838Z,Global,All Time,-,-,-,0,0,0
2026-04-03T19:34:04.838Z,Japanese,Now,coban3137,413d7a37-0488-402b-9eff-e6129ed0b8f4,水脈,1,1176,306
2026-04-03T19:34:04.838Z,Japanese,Now,darari_nu,54bef081-c311-4055-8f73-a19633b60a74,鬼灯,2,787,233
2026-04-03T19:34:04.838Z,Japanese,Weekly,coban3137,413d7a37-0488-402b-9eff-e6129ed0b8f4,水脈,3,1176,306
2026-04-03T19:34:04.838Z,Japanese,Weekly,darari_nu,54bef081-c311-4055-8f73-a19633b60a74,鬼灯,17,787,233
2026-04-03T19:34:04.838Z,Japanese,Monthly,coban3137,79cf91bc-167e-481f-9a49-b581919560c4,BINARY,13,5570,709
2026-04-03T19:34:04.838Z,Japanese,All Time,-,-,-,0,0,0
2026-04-03T20:28:00.920Z,Global,Now,coban3137,413d7a37-0488-402b-9eff-e6129ed0b8f4,水脈,3,1198,306
2026-04-03T20:28:00.920Z,Global,Now,darari_nu,54bef081-c311-4055-8f73-a19633b60a74,鬼灯,12,809,233
2026-04-03T20:28:00.920Z,Global,Weekly,-,-,-,0,0,0
2026-04-03T20:28:00.920Z,Global,Monthly,-,-,-,0,0,0
2026-04-03T20:28:00.920Z,Global,All Time,-,-,-,0,0,0
2026-04-03T20:28:00.920Z,Japanese,Now,coban3137,413d7a37-0488-402b-9eff-e6129ed0b8f4,水脈,1,1198,306
2026-04-03T20:28:00.920Z,Japanese,Now,darari_nu,54bef081-c311-4055-8f73-a19633b60a74,鬼灯,2,809,233
2026-04-03T20:28:00.920Z,Japanese,Weekly,coban3137,413d7a37-0488-402b-9eff-e6129ed0b8f4,水脈,3,1198,306
2026-04-03T20:28:00.920Z,Japanese,Weekly,darari_nu,54bef081-c311-4055-8f73-a19633b60a74,鬼灯,17,809,233
2026-04-03T20:28:00.920Z,Japanese,Monthly,coban3137,79cf91bc-167e-481f-9a49-b581919560c4,BINARY,13,5570,709
2026-04-03T20:28:00.920Z,Japanese,All Time,-,-,-,0,0,0
2026-04-03T21:26:17.268Z,Global,Now,coban3137,413d7a37-0488-402b-9eff-e6129ed0b8f4,水脈,2,1221,308
2026-04-03T21:26:17.268Z,Global,Now,darari_nu,54bef081-c311-4055-8f73-a19633b60a74,鬼灯,11,832,233
2026-04-03T21:26:17.268Z,Global,Weekly,-,-,-,0,0,0
2026-04-03T21:26:17.268Z,Global,Monthly,-,-,-,0,0,0
2026-04-03T21:26:17.268Z,Global,All Time,-,-,-,0,0,0
2026-04-03T21:26:17.268Z,Japanese,Now,coban3137,413d7a37-0488-402b-9eff-e6129ed0b8f4,水脈,1,1221,308
2026-04-03T21:26:17.268Z,Japanese,Now,darari_nu,54bef081-c311-4055-8f73-a19633b60a74,鬼灯,2,832,233
2026-04-03T21:26:17.268Z,Japanese,Weekly,coban3137,413d7a37-0488-402b-9eff-e6129ed0b8f4,水脈,3,1221,308
2026-04-03T21:26:17.268Z,Japanese,Weekly,darari_nu,54bef081-c311-4055-8f73-a19633b60a74,鬼灯,17,832,233
2026-04-03T21:26:17.268Z,Japanese,Monthly,coban3137,79cf91bc-167e-481f-9a49-b581919560c4,BINARY,13,5570,709
2026-04-03T21:26:17.268Z,Japanese,All Time,-,-,-,0,0,0
2026-04-03T22:25:57.823Z,Global,Now,coban3137,413d7a37-0488-402b-9eff-e6129ed0b8f4,水脈,2,1243,309
2026-04-03T22:25:57.823Z,Global,Now,darari_nu,54bef081-c311-4055-8f73-a19633b60a74,鬼灯,12,866,235
2026-04-03T22:25:57.823Z,Global,Weekly,-,-,-,0,0,0
2026-04-03T22:25:57.823Z,Global,Monthly,-,-,-,0,0,0
2026-04-03T22:25:57.823Z,Global,All Time,-,-,-,0,0,0
2026-04-03T22:25:57.823Z,Japanese,Now,coban3137,413d7a37-0488-402b-9eff-e6129ed0b8f4,水脈,1,1243,309
2026-04-03T22:25:57.823Z,Japanese,Now,darari_nu,54bef081-c311-4055-8f73-a19633b60a74,鬼灯,2,866,235
2026-04-03T22:25:57.823Z,Japanese,Weekly,coban3137,413d7a37-0488-402b-9eff-e6129ed0b8f4,水脈,3,1243,309
2026-04-03T22:25:57.823Z,Japanese,Weekly,darari_nu,54bef081-c311-4055-8f73-a19633b60a74,鬼灯,17,866,235
2026-04-03T22:25:57.823Z,Japanese,Monthly,coban3137,79cf91bc-167e-481f-9a49-b581919560c4,BINARY,13,5570,709
2026-04-03T22:25:57.823Z,Japanese,All Time,-,-,-,0,0,0
2026-04-03T23:27:37.611Z,Global,Now,coban3137,413d7a37-0488-402b-9eff-e6129ed0b8f4,水脈,2,1243,312
2026-04-03T23:27:37.611Z,Global,Now,darari_nu,54bef081-c311-4055-8f73-a19633b60a74,鬼灯,12,888,238
2026-04-03T23:27:37.611Z,Global,Weekly,-,-,-,0,0,0
2026-04-03T23:27:37.611Z,Global,Monthly,-,-,-,0,0,0
2026-04-03T23:27:37.611Z,Global,All Time,-,-,-,0,0,0
2026-04-03T23:27:37.611Z,Japanese,Now,coban3137,413d7a37-0488-402b-9eff-e6129ed0b8f4,水脈,1,1243,312
2026-04-03T23:27:37.611Z,Japanese,Now,darari_nu,54bef081-c311-4055-8f73-a19633b60a74,鬼灯,2,888,238
2026-04-03T23:27:37.611Z,Japanese,Weekly,coban3137,413d7a37-0488-402b-9eff-e6129ed0b8f4,水脈,3,1243,312
2026-04-03T23:27:37.611Z,Japanese,Weekly,darari_nu,54bef081-c311-4055-8f73-a19633b60a74,鬼灯,17,888,238
2026-04-03T23:27:37.611Z,Japanese,Monthly,coban3137,79cf91bc-167e-481f-9a49-b581919560c4,BINARY,13,5570,709
2026-04-03T23:27:37.611Z,Japanese,All Time,-,-,-,0,0,0
2026-04-04T01:24:27.402Z,Global,Now,coban3137,413d7a37-0488-402b-9eff-e6129ed0b8f4,水脈,2,1259,314
2026-04-04T01:24:27.402Z,Global,Now,darari_nu,54bef081-c311-4055-8f73-a19633b60a74,鬼灯,12,923,241
2026-04-04T01:24:27.402Z,Global,Weekly,coban3137,413d7a37-0488-402b-9eff-e6129ed0b8f4,水脈,21,1259,314
2026-04-04T01:24:27.402Z,Global,Monthly,-,-,-,0,0,0
2026-04-04T01:24:27.402Z,Global,All Time,-,-,-,0,0,0
2026-04-04T01:24:27.402Z,Japanese,Now,coban3137,413d7a37-0488-402b-9eff-e6129ed0b8f4,水脈,1,1259,314
2026-04-04T01:24:27.402Z,Japanese,Now,darari_nu,54bef081-c311-4055-8f73-a19633b60a74,鬼灯,2,923,241
2026-04-04T01:24:27.402Z,Japanese,Weekly,coban3137,413d7a37-0488-402b-9eff-e6129ed0b8f4,水脈,1,1259,314
2026-04-04T01:24:27.402Z,Japanese,Weekly,darari_nu,54bef081-c311-4055-8f73-a19633b60a74,鬼灯,4,923,241
2026-04-04T01:24:27.402Z,Japanese,Monthly,coban3137,79cf91bc-167e-481f-9a49-b581919560c4,BINARY,13,5570,709
2026-04-04T01:24:27.402Z,Japanese,All Time,-,-,-,0,0,0
2026-04-04T04:10:37.112Z,Global,Now,-,-,-,0,0,0
2026-04-04T04:10:37.112Z,Global,Weekly,coban3137,413d7a37-0488-402b-9eff-e6129ed0b8f4,水脈,21,1259,315
2026-04-04T04:10:37.112Z,Global,Monthly,-,-,-,0,0,0
2026-04-04T04:10:37.112Z,Global,All Time,-,-,-,0,0,0
2026-04-04T04:10:37.112Z,Japanese,Now,-,-,-,0,0,0
2026-04-04T04:10:37.112Z,Japanese,Weekly,coban3137,413d7a37-0488-402b-9eff-e6129ed0b8f4,水脈,1,1259,315
2026-04-04T04:10:37.112Z,Japanese,Weekly,darari_nu,54bef081-c311-4055-8f73-a19633b60a74,鬼灯,4,959,244
2026-04-04T04:10:37.112Z,Japanese,Monthly,coban3137,79cf91bc-167e-481f-9a49-b581919560c4,BINARY,13,5570,709
2026-04-04T04:10:37.112Z,Japanese,All Time,-,-,-,0,0,0
2026-04-04T05:52:18.906Z,Global,Now,-,-,-,0,0,0
2026-04-04T05:52:18.906Z,Global,Weekly,coban3137,413d7a37-0488-402b-9eff-e6129ed0b8f4,水脈,21,1259,317
2026-04-04T05:52:18.906Z,Global,Monthly,-,-,-,0,0,0
2026-04-04T05:52:18.906Z,Global,All Time,-,-,-,0,0,0
2026-04-04T05:52:18.906Z,Japanese,Now,-,-,-,0,0,0
2026-04-04T05:52:18.906Z,Japanese,Weekly,coban3137,413d7a37-0488-402b-9eff-e6129ed0b8f4,水脈,1,1259,317
2026-04-04T05:52:18.906Z,Japanese,Weekly,darari_nu,54bef081-c311-4055-8f73-a19633b60a74,鬼灯,4,966,244
2026-04-04T05:52:18.906Z,Japanese,Monthly,coban3137,79cf91bc-167e-481f-9a49-b581919560c4,BINARY,13,5570,709
2026-04-04T05:52:18.906Z,Japanese,All Time,-,-,-,0,0,0
2026-04-04T06:51:39.715Z,Global,Now,-,-,-,0,0,0
2026-04-04T06:51:39.715Z,Global,Weekly,coban3137,413d7a37-0488-402b-9eff-e6129ed0b8f4,水脈,21,1259,319
2026-04-04T06:51:39.715Z,Global,Monthly,-,-,-,0,0,0
2026-04-04T06:51:39.715Z,Global,All Time,-,-,-,0,0,0
2026-04-04T06:51:39.715Z,Japanese,Now,-,-,-,0,0,0
2026-04-04T06:51:39.715Z,Japanese,Weekly,coban3137,413d7a37-0488-402b-9eff-e6129ed0b8f4,水脈,1,1259,319
2026-04-04T06:51:39.715Z,Japanese,Weekly,darari_nu,54bef081-c311-4055-8f73-a19633b60a74,鬼灯,4,966,244
2026-04-04T06:51:39.715Z,Japanese,Monthly,coban3137,79cf91bc-167e-481f-9a49-b581919560c4,BINARY,13,5570,709
2026-04-04T06:51:39.715Z,Japanese,All Time,-,-,-,0,0,0
2026-04-04T07:44:05.726Z,Global,Now,-,-,-,0,0,0
2026-04-04T07:44:05.726Z,Global,Weekly,coban3137,413d7a37-0488-402b-9eff-e6129ed0b8f4,水脈,21,1259,319
2026-04-04T07:44:05.726Z,Global,Monthly,-,-,-,0,0,0
2026-04-04T07:44:05.726Z,Global,All Time,-,-,-,0,0,0
2026-04-04T07:44:05.726Z,Japanese,Now,-,-,-,0,0,0
2026-04-04T07:44:05.726Z,Japanese,Weekly,coban3137,413d7a37-0488-402b-9eff-e6129ed0b8f4,水脈,1,1259,319
2026-04-04T07:44:05.726Z,Japanese,Weekly,darari_nu,54bef081-c311-4055-8f73-a19633b60a74,鬼灯,4,966,244
2026-04-04T07:44:05.726Z,Japanese,Monthly,coban3137,79cf91bc-167e-481f-9a49-b581919560c4,BINARY,13,5570,709
2026-04-04T07:44:05.726Z,Japanese,All Time,-,-,-,0,0,0
2026-04-04T08:32:47.283Z,Global,Now,-,-,-,0,0,0
2026-04-04T08:32:47.283Z,Global,Weekly,coban3137,413d7a37-0488-402b-9eff-e6129ed0b8f4,水脈,21,1259,319
2026-04-04T08:32:47.283Z,Global,Monthly,-,-,-,0,0,0
2026-04-04T08:32:47.283Z,Global,All Time,-,-,-,0,0,0
2026-04-04T08:32:47.283Z,Japanese,Now,-,-,-,0,0,0
2026-04-04T08:32:47.283Z,Japanese,Weekly,coban3137,413d7a37-0488-402b-9eff-e6129ed0b8f4,水脈,1,1259,319
2026-04-04T08:32:47.283Z,Japanese,Weekly,darari_nu,54bef081-c311-4055-8f73-a19633b60a74,鬼灯,4,966,244
2026-04-04T08:32:47.283Z,Japanese,Monthly,coban3137,79cf91bc-167e-481f-9a49-b581919560c4,BINARY,13,5570,709
2026-04-04T08:32:47.283Z,Japanese,All Time,-,-,-,0,0,0
2026-04-04T09:30:31.068Z,Global,Now,-,-,-,0,0,0
2026-04-04T09:30:31.068Z,Global,Weekly,coban3137,413d7a37-0488-402b-9eff-e6129ed0b8f4,水脈,21,1259,321
2026-04-04T09:30:31.068Z,Global,Monthly,-,-,-,0,0,0
2026-04-04T09:30:31.068Z,Global,All Time,-,-,-,0,0,0
2026-04-04T09:30:31.068Z,Japanese,Now,-,-,-,0,0,0
2026-04-04T09:30:31.068Z,Japanese,Weekly,coban3137,413d7a37-0488-402b-9eff-e6129ed0b8f4,水脈,1,1259,321
2026-04-04T09:30:31.068Z,Japanese,Weekly,darari_nu,54bef081-c311-4055-8f73-a19633b60a74,鬼灯,4,966,244
2026-04-04T09:30:31.068Z,Japanese,Monthly,coban3137,79cf91bc-167e-481f-9a49-b581919560c4,BINARY,13,5570,709
2026-04-04T09:30:31.068Z,Japanese,All Time,-,-,-,0,0,0
2026-04-04T10:26:03.052Z,Global,Now,-,-,-,0,0,0
2026-04-04T10:26:03.052Z,Global,Weekly,coban3137,413d7a37-0488-402b-9eff-e6129ed0b8f4,水脈,21,1259,323
2026-04-04T10:26:03.052Z,Global,Monthly,-,-,-,0,0,0
2026-04-04T10:26:03.052Z,Global,All Time,-,-,-,0,0,0
2026-04-04T10:26:03.052Z,Japanese,Now,-,-,-,0,0,0
2026-04-04T10:26:03.052Z,Japanese,Weekly,coban3137,413d7a37-0488-402b-9eff-e6129ed0b8f4,水脈,1,1259,323
2026-04-04T10:26:03.052Z,Japanese,Weekly,darari_nu,54bef081-c311-4055-8f73-a19633b60a74,鬼灯,4,975,244
2026-04-04T10:26:03.052Z,Japanese,Monthly,coban3137,79cf91bc-167e-481f-9a49-b581919560c4,BINARY,13,5570,709
2026-04-04T10:26:03.052Z,Japanese,All Time,-,-,-,0,0,0
2026-04-04T11:23:46.404Z,Global,Now,-,-,-,0,0,0
2026-04-04T11:23:46.404Z,Global,Weekly,coban3137,413d7a37-0488-402b-9eff-e6129ed0b8f4,水脈,21,1259,324
2026-04-04T11:23:46.404Z,Global,Monthly,-,-,-,0,0,0
2026-04-04T11:23:46.404Z,Global,All Time,-,-,-,0,0,0
2026-04-04T11:23:46.404Z,Japanese,Now,-,-,-,0,0,0
2026-04-04T11:23:46.404Z,Japanese,Weekly,coban3137,413d7a37-0488-402b-9eff-e6129ed0b8f4,水脈,1,1259,324
2026-04-04T11:23:46.404Z,Japanese,Weekly,darari_nu,54bef081-c311-4055-8f73-a19633b60a74,鬼灯,4,985,245
2026-04-04T11:23:46.404Z,Japanese,Monthly,coban3137,79cf91bc-167e-481f-9a49-b581919560c4,BINARY,13,5570,709
2026-04-04T11:23:46.404Z,Japanese,All Time,-,-,-,0,0,0
2026-04-04T12:37:02.927Z,Global,Now,-,-,-,0,0,0
2026-04-04T12:37:02.927Z,Global,Weekly,coban3137,413d7a37-0488-402b-9eff-e6129ed0b8f4,水脈,21,1268,325
2026-04-04T12:37:02.927Z,Global,Monthly,-,-,-,0,0,0
2026-04-04T12:37:02.927Z,Global,All Time,-,-,-,0,0,0
2026-04-04T12:37:02.927Z,Japanese,Now,-,-,-,0,0,0
2026-04-04T12:37:02.927Z,Japanese,Weekly,coban3137,413d7a37-0488-402b-9eff-e6129ed0b8f4,水脈,1,1268,325
2026-04-04T12:37:02.927Z,Japanese,Weekly,darari_nu,54bef081-c311-4055-8f73-a19633b60a74,鬼灯,4,1002,247
2026-04-04T12:37:02.927Z,Japanese,Monthly,coban3137,79cf91bc-167e-481f-9a49-b581919560c4,BINARY,13,5570,709
2026-04-04T12:37:02.927Z,Japanese,All Time,-,-,-,0,0,0
2026-04-04T13:47:36.460Z,Global,Now,-,-,-,0,0,0
2026-04-04T13:47:36.460Z,Global,Weekly,coban3137,413d7a37-0488-402b-9eff-e6129ed0b8f4,水脈,21,1268,325
2026-04-04T13:47:36.460Z,Global,Monthly,-,-,-,0,0,0
2026-04-04T13:47:36.460Z,Global,All Time,-,-,-,0,0,0
2026-04-04T13:47:36.460Z,Japanese,Now,-,-,-,0,0,0
2026-04-04T13:47:36.460Z,Japanese,Weekly,coban3137,413d7a37-0488-402b-9eff-e6129ed0b8f4,水脈,1,1268,325
2026-04-04T13:47:36.460Z,Japanese,Weekly,darari_nu,54bef081-c311-4055-8f73-a19633b60a74,鬼灯,4,1002,247
2026-04-04T13:47:36.460Z,Japanese,Monthly,coban3137,79cf91bc-167e-481f-9a49-b581919560c4,BINARY,13,5570,709
2026-04-04T13:47:36.460Z,Japanese,All Time,-,-,-,0,0,0
2026-04-04T14:27:38.950Z,Global,Now,-,-,-,0,0,0
2026-04-04T14:27:38.950Z,Global,Weekly,coban3137,413d7a37-0488-402b-9eff-e6129ed0b8f4,水脈,21,1268,325
2026-04-04T14:27:38.950Z,Global,Monthly,-,-,-,0,0,0
2026-04-04T14:27:38.950Z,Global,All Time,-,-,-,0,0,0
2026-04-04T14:27:38.950Z,Japanese,Now,-,-,-,0,0,0
2026-04-04T14:27:38.950Z,Japanese,Weekly,coban3137,413d7a37-0488-402b-9eff-e6129ed0b8f4,水脈,1,1268,325
2026-04-04T14:27:38.950Z,Japanese,Weekly,darari_nu,54bef081-c311-4055-8f73-a19633b60a74,鬼灯,4,1011,247
2026-04-04T14:27:38.950Z,Japanese,Monthly,coban3137,79cf91bc-167e-481f-9a49-b581919560c4,BINARY,13,5570,709
2026-04-04T14:27:38.950Z,Japanese,All Time,-,-,-,0,0,0
2026-04-04T15:24:57.905Z,Global,Now,-,-,-,0,0,0
2026-04-04T15:24:57.905Z,Global,Weekly,coban3137,413d7a37-0488-402b-9eff-e6129ed0b8f4,水脈,21,1277,326
2026-04-04T15:24:57.905Z,Global,Monthly,-,-,-,0,0,0
2026-04-04T15:24:57.905Z,Global,All Time,-,-,-,0,0,0
2026-04-04T15:24:57.905Z,Japanese,Now,-,-,-,0,0,0
2026-04-04T15:24:57.905Z,Japanese,Weekly,coban3137,413d7a37-0488-402b-9eff-e6129ed0b8f4,水脈,1,1277,326
2026-04-04T15:24:57.905Z,Japanese,Weekly,darari_nu,54bef081-c311-4055-8f73-a19633b60a74,鬼灯,4,1011,247
2026-04-04T15:24:57.905Z,Japanese,Monthly,coban3137,79cf91bc-167e-481f-9a49-b581919560c4,BINARY,13,5570,709
2026-04-04T15:24:57.905Z,Japanese,All Time,-,-,-,0,0,0
2026-04-04T16:26:53.958Z,Global,Now,-,-,-,0,0,0
2026-04-04T16:26:53.958Z,Global,Weekly,coban3137,413d7a37-0488-402b-9eff-e6129ed0b8f4,水脈,21,1290,326
2026-04-04T16:26:53.958Z,Global,Monthly,-,-,-,0,0,0
2026-04-04T16:26:53.958Z,Global,All Time,-,-,-,0,0,0
2026-04-04T16:26:53.958Z,Japanese,Now,-,-,-,0,0,0
2026-04-04T16:26:53.958Z,Japanese,Weekly,coban3137,413d7a37-0488-402b-9eff-e6129ed0b8f4,水脈,1,1290,326
2026-04-04T16:26:53.958Z,Japanese,Weekly,darari_nu,54bef081-c311-4055-8f73-a19633b60a74,鬼灯,4,1011,247
2026-04-04T16:26:53.958Z,Japanese,Monthly,coban3137,79cf91bc-167e-481f-9a49-b581919560c4,BINARY,13,5570,709
2026-04-04T16:26:53.958Z,Japanese,All Time,-,-,-,0,0,0
2026-04-04T17:23:54.506Z,Global,Now,-,-,-,0,0,0
2026-04-04T17:23:54.506Z,Global,Weekly,coban3137,413d7a37-0488-402b-9eff-e6129ed0b8f4,水脈,21,1290,326
2026-04-04T17:23:54.506Z,Global,Monthly,-,-,-,0,0,0
2026-04-04T17:23:54.506Z,Global,All Time,-,-,-,0,0,0
2026-04-04T17:23:54.506Z,Japanese,Now,-,-,-,0,0,0
2026-04-04T17:23:54.506Z,Japanese,Weekly,coban3137,413d7a37-0488-402b-9eff-e6129ed0b8f4,水脈,1,1290,326
2026-04-04T17:23:54.506Z,Japanese,Weekly,darari_nu,54bef081-c311-4055-8f73-a19633b60a74,鬼灯,4,1011,247
2026-04-04T17:23:54.506Z,Japanese,Monthly,coban3137,79cf91bc-167e-481f-9a49-b581919560c4,BINARY,13,5570,709
2026-04-04T17:23:54.506Z,Japanese,All Time,-,-,-,0,0,0
2026-04-04T18:31:50.368Z,Global,Now,-,-,-,0,0,0
2026-04-04T18:31:50.368Z,Global,Weekly,coban3137,413d7a37-0488-402b-9eff-e6129ed0b8f4,水脈,21,1290,328
2026-04-04T18:31:50.368Z,Global,Monthly,-,-,-,0,0,0
2026-04-04T18:31:50.368Z,Global,All Time,-,-,-,0,0,0
2026-04-04T18:31:50.368Z,Japanese,Now,-,-,-,0,0,0
2026-04-04T18:31:50.368Z,Japanese,Weekly,coban3137,413d7a37-0488-402b-9eff-e6129ed0b8f4,水脈,1,1290,328
2026-04-04T18:31:50.368Z,Japanese,Weekly,darari_nu,54bef081-c311-4055-8f73-a19633b60a74,鬼灯,4,1022,247
2026-04-04T18:31:50.368Z,Japanese,Monthly,coban3137,79cf91bc-167e-481f-9a49-b581919560c4,BINARY,13,5570,709
2026-04-04T18:31:50.368Z,Japanese,All Time,-,-,-,0,0,0
2026-04-04T19:25:59.748Z,Global,Now,-,-,-,0,0,0
2026-04-04T19:25:59.748Z,Global,Weekly,coban3137,413d7a37-0488-402b-9eff-e6129ed0b8f4,水脈,21,1303,329
2026-04-04T19:25:59.748Z,Global,Monthly,-,-,-,0,0,0
2026-04-04T19:25:59.748Z,Global,All Time,-,-,-,0,0,0
2026-04-04T19:25:59.748Z,Japanese,Now,-,-,-,0,0,0
2026-04-04T19:25:59.748Z,Japanese,Weekly,coban3137,413d7a37-0488-402b-9eff-e6129ed0b8f4,水脈,1,1303,329
2026-04-04T19:25:59.748Z,Japanese,Weekly,darari_nu,54bef081-c311-4055-8f73-a19633b60a74,鬼灯,4,1022,248
2026-04-04T19:25:59.748Z,Japanese,Monthly,coban3137,79cf91bc-167e-481f-9a49-b581919560c4,BINARY,13,5570,709
2026-04-04T19:25:59.748Z,Japanese,All Time,-,-,-,0,0,0
2026-04-04T20:21:23.013Z,Global,Now,-,-,-,0,0,0
2026-04-04T20:21:23.013Z,Global,Weekly,coban3137,413d7a37-0488-402b-9eff-e6129ed0b8f4,水脈,21,1311,329
2026-04-04T20:21:23.013Z,Global,Monthly,-,-,-,0,0,0
2026-04-04T20:21:23.013Z,Global,All Time,-,-,-,0,0,0
2026-04-04T20:21:23.013Z,Japanese,Now,-,-,-,0,0,0
2026-04-04T20:21:23.013Z,Japanese,Weekly,coban3137,413d7a37-0488-402b-9eff-e6129ed0b8f4,水脈,1,1311,329
2026-04-04T20:21:23.013Z,Japanese,Weekly,darari_nu,54bef081-c311-4055-8f73-a19633b60a74,鬼灯,4,1022,248
2026-04-04T20:21:23.013Z,Japanese,Monthly,coban3137,79cf91bc-167e-481f-9a49-b581919560c4,BINARY,13,5570,709
2026-04-04T20:21:23.013Z,Japanese,All Time,-,-,-,0,0,0
2026-04-04T21:24:37.954Z,Global,Now,-,-,-,0,0,0
2026-04-04T21:24:37.954Z,Global,Weekly,coban3137,413d7a37-0488-402b-9eff-e6129ed0b8f4,水脈,21,1325,330
2026-04-04T21:24:37.954Z,Global,Monthly,-,-,-,0,0,0
2026-04-04T21:24:37.954Z,Global,All Time,-,-,-,0,0,0
2026-04-04T21:24:37.954Z,Japanese,Now,-,-,-,0,0,0
2026-04-04T21:24:37.954Z,Japanese,Weekly,coban3137,413d7a37-0488-402b-9eff-e6129ed0b8f4,水脈,1,1325,330
2026-04-04T21:24:37.954Z,Japanese,Weekly,darari_nu,54bef081-c311-4055-8f73-a19633b60a74,鬼灯,4,1022,248
2026-04-04T21:24:37.954Z,Japanese,Monthly,coban3137,79cf91bc-167e-481f-9a49-b581919560c4,BINARY,13,5570,709
2026-04-04T21:24:37.954Z,Japanese,All Time,-,-,-,0,0,0
2026-04-04T22:21:39.913Z,Global,Now,-,-,-,0,0,0
2026-04-04T22:21:39.913Z,Global,Weekly,coban3137,413d7a37-0488-402b-9eff-e6129ed0b8f4,水脈,21,1346,331
2026-04-04T22:21:39.913Z,Global,Monthly,-,-,-,0,0,0
2026-04-04T22:21:39.913Z,Global,All Time,-,-,-,0,0,0
2026-04-04T22:21:39.913Z,Japanese,Now,-,-,-,0,0,0
2026-04-04T22:21:39.913Z,Japanese,Weekly,coban3137,413d7a37-0488-402b-9eff-e6129ed0b8f4,水脈,1,1346,331
2026-04-04T22:21:39.913Z,Japanese,Weekly,darari_nu,54bef081-c311-4055-8f73-a19633b60a74,鬼灯,4,1022,248
2026-04-04T22:21:39.913Z,Japanese,Monthly,coban3137,79cf91bc-167e-481f-9a49-b581919560c4,BINARY,13,5570,709
2026-04-04T22:21:39.913Z,Japanese,All Time,-,-,-,0,0,0
2026-04-04T23:24:07.534Z,Global,Now,-,-,-,0,0,0
2026-04-04T23:24:07.534Z,Global,Weekly,coban3137,413d7a37-0488-402b-9eff-e6129ed0b8f4,水脈,21,1346,331
2026-04-04T23:24:07.534Z,Global,Monthly,-,-,-,0,0,0
2026-04-04T23:24:07.534Z,Global,All Time,-,-,-,0,0,0
2026-04-04T23:24:07.534Z,Japanese,Now,-,-,-,0,0,0
2026-04-04T23:24:07.534Z,Japanese,Weekly,coban3137,413d7a37-0488-402b-9eff-e6129ed0b8f4,水脈,1,1346,331
2026-04-04T23:24:07.534Z,Japanese,Weekly,darari_nu,54bef081-c311-4055-8f73-a19633b60a74,鬼灯,4,1022,248
2026-04-04T23:24:07.534Z,Japanese,Monthly,coban3137,79cf91bc-167e-481f-9a49-b581919560c4,BINARY,13,5570,709
2026-04-04T23:24:07.534Z,Japanese,All Time,-,-,-,0,0,0
2026-04-05T01:47:54.445Z,Global,Now,-,-,-,0,0,0
2026-04-05T01:47:54.445Z,Global,Weekly,coban3137,413d7a37-0488-402b-9eff-e6129ed0b8f4,水脈,23,1346,332
2026-04-05T01:47:54.445Z,Global,Monthly,-,-,-,0,0,0
2026-04-05T01:47:54.445Z,Global,All Time,-,-,-,0,0,0
2026-04-05T01:47:54.445Z,Japanese,Now,-,-,-,0,0,0
2026-04-05T01:47:54.445Z,Japanese,Weekly,coban3137,413d7a37-0488-402b-9eff-e6129ed0b8f4,水脈,1,1346,332
2026-04-05T01:47:54.445Z,Japanese,Weekly,darari_nu,54bef081-c311-4055-8f73-a19633b60a74,鬼灯,3,1022,250
2026-04-05T01:47:54.445Z,Japanese,Monthly,coban3137,79cf91bc-167e-481f-9a49-b581919560c4,BINARY,13,5570,709
2026-04-05T01:47:54.445Z,Japanese,All Time,-,-,-,0,0,0
2026-04-05T04:31:47.521Z,Global,Now,-,-,-,0,0,0
2026-04-05T04:31:47.521Z,Global,Weekly,coban3137,413d7a37-0488-402b-9eff-e6129ed0b8f4,水脈,23,1346,333
2026-04-05T04:31:47.521Z,Global,Monthly,-,-,-,0,0,0
2026-04-05T04:31:47.521Z,Global,All Time,-,-,-,0,0,0
2026-04-05T04:31:47.521Z,Japanese,Now,-,-,-,0,0,0
2026-04-05T04:31:47.521Z,Japanese,Weekly,coban3137,413d7a37-0488-402b-9eff-e6129ed0b8f4,水脈,1,1346,333
2026-04-05T04:31:47.521Z,Japanese,Weekly,darari_nu,54bef081-c311-4055-8f73-a19633b60a74,鬼灯,3,1037,251
2026-04-05T04:31:47.521Z,Japanese,Monthly,coban3137,79cf91bc-167e-481f-9a49-b581919560c4,BINARY,13,5570,710
2026-04-05T04:31:47.521Z,Japanese,All Time,-,-,-,0,0,0
2026-04-05T06:11:19.743Z,Global,Now,-,-,-,0,0,0
2026-04-05T06:11:19.743Z,Global,Weekly,coban3137,413d7a37-0488-402b-9eff-e6129ed0b8f4,水脈,23,1346,334
2026-04-05T06:11:19.743Z,Global,Monthly,-,-,-,0,0,0
2026-04-05T06:11:19.743Z,Global,All Time,-,-,-,0,0,0
2026-04-05T06:11:19.743Z,Japanese,Now,-,-,-,0,0,0
2026-04-05T06:11:19.743Z,Japanese,Weekly,coban3137,413d7a37-0488-402b-9eff-e6129ed0b8f4,水脈,1,1346,334
2026-04-05T06:11:19.743Z,Japanese,Weekly,darari_nu,54bef081-c311-4055-8f73-a19633b60a74,鬼灯,3,1037,251
2026-04-05T06:11:19.743Z,Japanese,Monthly,coban3137,79cf91bc-167e-481f-9a49-b581919560c4,BINARY,13,5570,710
2026-04-05T06:11:19.743Z,Japanese,All Time,-,-,-,0,0,0
2026-04-05T07:51:46.253Z,Global,Now,-,-,-,0,0,0
2026-04-05T07:51:46.253Z,Global,Weekly,coban3137,413d7a37-0488-402b-9eff-e6129ed0b8f4,水脈,23,1346,334
2026-04-05T07:51:46.253Z,Global,Monthly,-,-,-,0,0,0
2026-04-05T07:51:46.253Z,Global,All Time,-,-,-,0,0,0
2026-04-05T07:51:46.253Z,Japanese,Now,-,-,-,0,0,0
2026-04-05T07:51:46.253Z,Japanese,Weekly,coban3137,413d7a37-0488-402b-9eff-e6129ed0b8f4,水脈,1,1346,334
2026-04-05T07:51:46.253Z,Japanese,Weekly,darari_nu,54bef081-c311-4055-8f73-a19633b60a74,鬼灯,3,1037,252
2026-04-05T07:51:46.253Z,Japanese,Monthly,coban3137,79cf91bc-167e-481f-9a49-b581919560c4,BINARY,13,5570,710
2026-04-05T07:51:46.253Z,Japanese,All Time,-,-,-,0,0,0
2026-04-05T08:35:20.714Z,Global,Now,-,-,-,0,0,0
2026-04-05T08:35:20.714Z,Global,Weekly,coban3137,413d7a37-0488-402b-9eff-e6129ed0b8f4,水脈,23,1355,334
2026-04-05T08:35:20.714Z,Global,Monthly,-,-,-,0,0,0
2026-04-05T08:35:20.714Z,Global,All Time,-,-,-,0,0,0
2026-04-05T08:35:20.714Z,Japanese,Now,-,-,-,0,0,0
2026-04-05T08:35:20.714Z,Japanese,Weekly,coban3137,413d7a37-0488-402b-9eff-e6129ed0b8f4,水脈,1,1355,334
2026-04-05T08:35:20.714Z,Japanese,Weekly,darari_nu,54bef081-c311-4055-8f73-a19633b60a74,鬼灯,3,1037,252
2026-04-05T08:35:20.714Z,Japanese,Monthly,coban3137,79cf91bc-167e-481f-9a49-b581919560c4,BINARY,13,5570,710
2026-04-05T08:35:20.714Z,Japanese,All Time,-,-,-,0,0,0
2026-04-05T09:32:51.595Z,Global,Now,-,-,-,0,0,0
2026-04-05T09:32:51.595Z,Global,Weekly,coban3137,413d7a37-0488-402b-9eff-e6129ed0b8f4,水脈,23,1369,334
2026-04-05T09:32:51.595Z,Global,Monthly,-,-,-,0,0,0
2026-04-05T09:32:51.595Z,Global,All Time,-,-,-,0,0,0
2026-04-05T09:32:51.595Z,Japanese,Now,-,-,-,0,0,0
2026-04-05T09:32:51.595Z,Japanese,Weekly,coban3137,413d7a37-0488-402b-9eff-e6129ed0b8f4,水脈,1,1369,334
2026-04-05T09:32:51.595Z,Japanese,Weekly,darari_nu,54bef081-c311-4055-8f73-a19633b60a74,鬼灯,3,1037,253
2026-04-05T09:32:51.595Z,Japanese,Monthly,coban3137,79cf91bc-167e-481f-9a49-b581919560c4,BINARY,13,5570,710
2026-04-05T09:32:51.595Z,Japanese,All Time,-,-,-,0,0,0
2026-04-05T10:26:01.950Z,Global,Now,-,-,-,0,0,0
2026-04-05T10:26:01.950Z,Global,Weekly,coban3137,413d7a37-0488-402b-9eff-e6129ed0b8f4,水脈,23,1383,334
2026-04-05T10:26:01.950Z,Global,Monthly,-,-,-,0,0,0
2026-04-05T10:26:01.950Z,Global,All Time,-,-,-,0,0,0
2026-04-05T10:26:01.950Z,Japanese,Now,-,-,-,0,0,0
2026-04-05T10:26:01.950Z,Japanese,Weekly,coban3137,413d7a37-0488-402b-9eff-e6129ed0b8f4,水脈,1,1383,334
2026-04-05T10:26:01.950Z,Japanese,Weekly,darari_nu,54bef081-c311-4055-8f73-a19633b60a74,鬼灯,3,1037,254
2026-04-05T10:26:01.950Z,Japanese,Monthly,coban3137,79cf91bc-167e-481f-9a49-b581919560c4,BINARY,13,5570,710
2026-04-05T10:26:01.950Z,Japanese,All Time,-,-,-,0,0,0
2026-04-05T11:23:45.075Z,Global,Now,-,-,-,0,0,0
2026-04-05T11:23:45.075Z,Global,Weekly,coban3137,413d7a37-0488-402b-9eff-e6129ed0b8f4,水脈,23,1383,334
2026-04-05T11:23:45.075Z,Global,Monthly,-,-,-,0,0,0
2026-04-05T11:23:45.075Z,Global,All Time,-,-,-,0,0,0
2026-04-05T11:23:45.075Z,Japanese,Now,-,-,-,0,0,0
2026-04-05T11:23:45.075Z,Japanese,Weekly,coban3137,413d7a37-0488-402b-9eff-e6129ed0b8f4,水脈,1,1383,334
2026-04-05T11:23:45.075Z,Japanese,Weekly,darari_nu,54bef081-c311-4055-8f73-a19633b60a74,鬼灯,3,1037,254
2026-04-05T11:23:45.075Z,Japanese,Monthly,coban3137,79cf91bc-167e-481f-9a49-b581919560c4,BINARY,13,5570,710
2026-04-05T11:23:45.075Z,Japanese,All Time,-,-,-,0,0,0
2026-04-05T12:39:20.953Z,Global,Now,-,-,-,0,0,0
2026-04-05T12:39:20.953Z,Global,Weekly,coban3137,413d7a37-0488-402b-9eff-e6129ed0b8f4,水脈,23,1405,337
2026-04-05T12:39:20.953Z,Global,Monthly,-,-,-,0,0,0
2026-04-05T12:39:20.953Z,Global,All Time,-,-,-,0,0,0
2026-04-05T12:39:20.953Z,Japanese,Now,-,-,-,0,0,0
2026-04-05T12:39:20.953Z,Japanese,Weekly,coban3137,413d7a37-0488-402b-9eff-e6129ed0b8f4,水脈,1,1405,337
2026-04-05T12:39:20.953Z,Japanese,Weekly,darari_nu,54bef081-c311-4055-8f73-a19633b60a74,鬼灯,3,1037,254
2026-04-05T12:39:20.953Z,Japanese,Monthly,coban3137,79cf91bc-167e-481f-9a49-b581919560c4,BINARY,13,5570,710
2026-04-05T12:39:20.953Z,Japanese,All Time,-,-,-,0,0,0
2026-04-05T13:49:51.603Z,Global,Now,-,-,-,0,0,0
2026-04-05T13:49:51.603Z,Global,Weekly,coban3137,413d7a37-0488-402b-9eff-e6129ed0b8f4,水脈,23,1405,338
2026-04-05T13:49:51.603Z,Global,Monthly,-,-,-,0,0,0
2026-04-05T13:49:51.603Z,Global,All Time,-,-,-,0,0,0
2026-04-05T13:49:51.603Z,Japanese,Now,-,-,-,0,0,0
2026-04-05T13:49:51.603Z,Japanese,Weekly,coban3137,413d7a37-0488-402b-9eff-e6129ed0b8f4,水脈,1,1405,338
2026-04-05T13:49:51.603Z,Japanese,Weekly,darari_nu,54bef081-c311-4055-8f73-a19633b60a74,鬼灯,3,1037,254
2026-04-05T13:49:51.603Z,Japanese,Monthly,coban3137,79cf91bc-167e-481f-9a49-b581919560c4,BINARY,13,5570,710
2026-04-05T13:49:51.603Z,Japanese,All Time,-,-,-,0,0,0
2026-04-05T14:29:39.394Z,Global,Now,-,-,-,0,0,0
2026-04-05T14:29:39.394Z,Global,Weekly,coban3137,413d7a37-0488-402b-9eff-e6129ed0b8f4,水脈,23,1405,339
2026-04-05T14:29:39.394Z,Global,Monthly,-,-,-,0,0,0
2026-04-05T14:29:39.394Z,Global,All Time,-,-,-,0,0,0
2026-04-05T14:29:39.394Z,Japanese,Now,-,-,-,0,0,0
2026-04-05T14:29:39.394Z,Japanese,Weekly,coban3137,413d7a37-0488-402b-9eff-e6129ed0b8f4,水脈,1,1405,339
2026-04-05T14:29:39.394Z,Japanese,Weekly,darari_nu,54bef081-c311-4055-8f73-a19633b60a74,鬼灯,3,1037,254
2026-04-05T14:29:39.394Z,Japanese,Monthly,coban3137,79cf91bc-167e-481f-9a49-b581919560c4,BINARY,13,5570,710
2026-04-05T14:29:39.394Z,Japanese,All Time,-,-,-,0,0,0
2026-04-05T15:24:55.949Z,Global,Now,-,-,-,0,0,0
2026-04-05T15:24:55.949Z,Global,Weekly,coban3137,413d7a37-0488-402b-9eff-e6129ed0b8f4,水脈,23,1420,341
2026-04-05T15:24:55.949Z,Global,Monthly,-,-,-,0,0,0
2026-04-05T15:24:55.949Z,Global,All Time,-,-,-,0,0,0
2026-04-05T15:24:55.949Z,Japanese,Now,-,-,-,0,0,0
2026-04-05T15:24:55.949Z,Japanese,Weekly,coban3137,413d7a37-0488-402b-9eff-e6129ed0b8f4,水脈,1,1420,341
2026-04-05T15:24:55.949Z,Japanese,Weekly,darari_nu,54bef081-c311-4055-8f73-a19633b60a74,鬼灯,3,1037,254
2026-04-05T15:24:55.949Z,Japanese,Monthly,coban3137,79cf91bc-167e-481f-9a49-b581919560c4,BINARY,13,5570,710
2026-04-05T15:24:55.949Z,Japanese,All Time,-,-,-,0,0,0
2026-04-05T16:27:58.831Z,Global,Now,-,-,-,0,0,0
2026-04-05T16:27:58.831Z,Global,Weekly,coban3137,413d7a37-0488-402b-9eff-e6129ed0b8f4,水脈,23,1420,341
2026-04-05T16:27:58.831Z,Global,Monthly,-,-,-,0,0,0
2026-04-05T16:27:58.831Z,Global,All Time,-,-,-,0,0,0
2026-04-05T16:27:58.831Z,Japanese,Now,-,-,-,0,0,0
2026-04-05T16:27:58.831Z,Japanese,Weekly,coban3137,413d7a37-0488-402b-9eff-e6129ed0b8f4,水脈,1,1420,341
2026-04-05T16:27:58.831Z,Japanese,Weekly,darari_nu,54bef081-c311-4055-8f73-a19633b60a74,鬼灯,3,1037,254
2026-04-05T16:27:58.831Z,Japanese,Monthly,coban3137,79cf91bc-167e-481f-9a49-b581919560c4,BINARY,13,5570,710
2026-04-05T16:27:58.831Z,Japanese,All Time,-,-,-,0,0,0
2026-04-05T17:24:18.494Z,Global,Now,-,-,-,0,0,0
2026-04-05T17:24:18.494Z,Global,Weekly,coban3137,413d7a37-0488-402b-9eff-e6129ed0b8f4,水脈,23,1420,340
2026-04-05T17:24:18.494Z,Global,Monthly,-,-,-,0,0,0
2026-04-05T17:24:18.494Z,Global,All Time,-,-,-,0,0,0
2026-04-05T17:24:18.494Z,Japanese,Now,-,-,-,0,0,0
2026-04-05T17:24:18.494Z,Japanese,Weekly,coban3137,413d7a37-0488-402b-9eff-e6129ed0b8f4,水脈,1,1420,340
2026-04-05T17:24:18.494Z,Japanese,Weekly,darari_nu,54bef081-c311-4055-8f73-a19633b60a74,鬼灯,3,1037,253
2026-04-05T17:24:18.494Z,Japanese,Monthly,coban3137,79cf91bc-167e-481f-9a49-b581919560c4,BINARY,13,5570,710
2026-04-05T17:24:18.494Z,Japanese,All Time,-,-,-,0,0,0
2026-04-05T18:32:28.667Z,Global,Now,-,-,-,0,0,0
2026-04-05T18:32:28.667Z,Global,Weekly,coban3137,413d7a37-0488-402b-9eff-e6129ed0b8f4,水脈,23,1435,340
2026-04-05T18:32:28.667Z,Global,Monthly,-,-,-,0,0,0
2026-04-05T18:32:28.667Z,Global,All Time,-,-,-,0,0,0
2026-04-05T18:32:28.667Z,Japanese,Now,-,-,-,0,0,0
2026-04-05T18:32:28.667Z,Japanese,Weekly,coban3137,413d7a37-0488-402b-9eff-e6129ed0b8f4,水脈,1,1435,340
2026-04-05T18:32:28.667Z,Japanese,Weekly,darari_nu,54bef081-c311-4055-8f73-a19633b60a74,鬼灯,3,1037,254
2026-04-05T18:32:28.667Z,Japanese,Monthly,coban3137,79cf91bc-167e-481f-9a49-b581919560c4,BINARY,13,5570,710
2026-04-05T18:32:28.667Z,Japanese,All Time,-,-,-,0,0,0
2026-04-05T19:29:23.492Z,Global,Now,-,-,-,0,0,0
2026-04-05T19:29:23.492Z,Global,Weekly,coban3137,413d7a37-0488-402b-9eff-e6129ed0b8f4,水脈,23,1435,340
2026-04-05T19:29:23.492Z,Global,Monthly,-,-,-,0,0,0
2026-04-05T19:29:23.492Z,Global,All Time,-,-,-,0,0,0
2026-04-05T19:29:23.492Z,Japanese,Now,-,-,-,0,0,0
2026-04-05T19:29:23.492Z,Japanese,Weekly,coban3137,413d7a37-0488-402b-9eff-e6129ed0b8f4,水脈,1,1435,340
2026-04-05T19:29:23.492Z,Japanese,Weekly,darari_nu,54bef081-c311-4055-8f73-a19633b60a74,鬼灯,3,1037,254
2026-04-05T19:29:23.492Z,Japanese,Monthly,coban3137,79cf91bc-167e-481f-9a49-b581919560c4,BINARY,13,5570,710
2026-04-05T19:29:23.492Z,Japanese,All Time,-,-,-,0,0,0
2026-04-05T20:24:41.826Z,Global,Now,-,-,-,0,0,0
2026-04-05T20:24:41.826Z,Global,Weekly,coban3137,413d7a37-0488-402b-9eff-e6129ed0b8f4,水脈,23,1435,340
2026-04-05T20:24:41.826Z,Global,Monthly,-,-,-,0,0,0
2026-04-05T20:24:41.826Z,Global,All Time,-,-,-,0,0,0
2026-04-05T20:24:41.826Z,Japanese,Now,-,-,-,0,0,0
2026-04-05T20:24:41.826Z,Japanese,Weekly,coban3137,413d7a37-0488-402b-9eff-e6129ed0b8f4,水脈,1,1435,340
2026-04-05T20:24:41.826Z,Japanese,Weekly,darari_nu,54bef081-c311-4055-8f73-a19633b60a74,鬼灯,3,1037,254
2026-04-05T20:24:41.826Z,Japanese,Monthly,coban3137,79cf91bc-167e-481f-9a49-b581919560c4,BINARY,13,5570,710
2026-04-05T20:24:41.826Z,Japanese,All Time,-,-,-,0,0,0
2026-04-05T21:24:45.114Z,Global,Now,-,-,-,0,0,0
2026-04-05T21:24:45.114Z,Global,Weekly,coban3137,413d7a37-0488-402b-9eff-e6129ed0b8f4,水脈,23,1435,340
2026-04-05T21:24:45.114Z,Global,Monthly,-,-,-,0,0,0
2026-04-05T21:24:45.114Z,Global,All Time,-,-,-,0,0,0
2026-04-05T21:24:45.114Z,Japanese,Now,-,-,-,0,0,0
2026-04-05T21:24:45.114Z,Japanese,Weekly,coban3137,413d7a37-0488-402b-9eff-e6129ed0b8f4,水脈,1,1435,340
2026-04-05T21:24:45.114Z,Japanese,Weekly,darari_nu,54bef081-c311-4055-8f73-a19633b60a74,鬼灯,3,1037,254
2026-04-05T21:24:45.114Z,Japanese,Monthly,coban3137,79cf91bc-167e-481f-9a49-b581919560c4,BINARY,13,5570,710
2026-04-05T21:24:45.114Z,Japanese,All Time,-,-,-,0,0,0
2026-04-05T22:22:43.327Z,Global,Now,-,-,-,0,0,0
2026-04-05T22:22:43.327Z,Global,Weekly,coban3137,413d7a37-0488-402b-9eff-e6129ed0b8f4,水脈,23,1435,342
2026-04-05T22:22:43.327Z,Global,Monthly,-,-,-,0,0,0
2026-04-05T22:22:43.327Z,Global,All Time,-,-,-,0,0,0
2026-04-05T22:22:43.327Z,Japanese,Now,-,-,-,0,0,0
2026-04-05T22:22:43.327Z,Japanese,Weekly,coban3137,413d7a37-0488-402b-9eff-e6129ed0b8f4,水脈,1,1435,342
2026-04-05T22:22:43.327Z,Japanese,Weekly,darari_nu,54bef081-c311-4055-8f73-a19633b60a74,鬼灯,3,1037,255
2026-04-05T22:22:43.327Z,Japanese,Monthly,coban3137,79cf91bc-167e-481f-9a49-b581919560c4,BINARY,13,5570,710
2026-04-05T22:22:43.327Z,Japanese,All Time,-,-,-,0,0,0
2026-04-05T23:26:56.783Z,Global,Now,-,-,-,0,0,0
2026-04-05T23:26:56.783Z,Global,Weekly,coban3137,413d7a37-0488-402b-9eff-e6129ed0b8f4,水脈,23,1465,342
2026-04-05T23:26:56.783Z,Global,Monthly,-,-,-,0,0,0
2026-04-05T23:26:56.783Z,Global,All Time,-,-,-,0,0,0
2026-04-05T23:26:56.783Z,Japanese,Now,-,-,-,0,0,0
2026-04-05T23:26:56.783Z,Japanese,Weekly,coban3137,413d7a37-0488-402b-9eff-e6129ed0b8f4,水脈,1,1465,342
2026-04-05T23:26:56.783Z,Japanese,Weekly,darari_nu,54bef081-c311-4055-8f73-a19633b60a74,鬼灯,3,1037,255
2026-04-05T23:26:56.783Z,Japanese,Monthly,coban3137,79cf91bc-167e-481f-9a49-b581919560c4,BINARY,13,5570,710
2026-04-05T23:26:56.783Z,Japanese,All Time,-,-,-,0,0,0
2026-04-06T01:48:34.544Z,Global,Now,-,-,-,0,0,0
2026-04-06T01:48:34.544Z,Global,Weekly,coban3137,413d7a37-0488-402b-9eff-e6129ed0b8f4,水脈,20,1473,343
2026-04-06T01:48:34.544Z,Global,Monthly,-,-,-,0,0,0
2026-04-06T01:48:34.544Z,Global,All Time,-,-,-,0,0,0
2026-04-06T01:48:34.544Z,Japanese,Now,-,-,-,0,0,0
2026-04-06T01:48:34.544Z,Japanese,Weekly,coban3137,413d7a37-0488-402b-9eff-e6129ed0b8f4,水脈,1,1473,343
2026-04-06T01:48:34.544Z,Japanese,Weekly,darari_nu,54bef081-c311-4055-8f73-a19633b60a74,鬼灯,4,1048,255
2026-04-06T01:48:34.544Z,Japanese,Monthly,coban3137,79cf91bc-167e-481f-9a49-b581919560c4,BINARY,13,5570,710
2026-04-06T01:48:34.544Z,Japanese,All Time,-,-,-,0,0,0
2026-04-06T04:39:24.389Z,Global,Now,-,-,-,0,0,0
2026-04-06T04:39:24.389Z,Global,Weekly,coban3137,413d7a37-0488-402b-9eff-e6129ed0b8f4,水脈,20,1473,343
2026-04-06T04:39:24.389Z,Global,Monthly,-,-,-,0,0,0
2026-04-06T04:39:24.389Z,Global,All Time,-,-,-,0,0,0
2026-04-06T04:39:24.389Z,Japanese,Now,-,-,-,0,0,0
2026-04-06T04:39:24.389Z,Japanese,Weekly,coban3137,413d7a37-0488-402b-9eff-e6129ed0b8f4,水脈,1,1473,343
2026-04-06T04:39:24.389Z,Japanese,Weekly,darari_nu,54bef081-c311-4055-8f73-a19633b60a74,鬼灯,4,1048,255
2026-04-06T04:39:24.389Z,Japanese,Monthly,coban3137,79cf91bc-167e-481f-9a49-b581919560c4,BINARY,13,5578,710
2026-04-06T04:39:24.389Z,Japanese,All Time,-,-,-,0,0,0
2026-04-06T06:27:07.250Z,Global,Now,-,-,-,0,0,0
2026-04-06T06:27:07.250Z,Global,Weekly,coban3137,413d7a37-0488-402b-9eff-e6129ed0b8f4,水脈,20,1503,344
2026-04-06T06:27:07.250Z,Global,Monthly,-,-,-,0,0,0
2026-04-06T06:27:07.250Z,Global,All Time,-,-,-,0,0,0
2026-04-06T06:27:07.250Z,Japanese,Now,-,-,-,0,0,0
2026-04-06T06:27:07.250Z,Japanese,Weekly,coban3137,413d7a37-0488-402b-9eff-e6129ed0b8f4,水脈,1,1503,344
2026-04-06T06:27:07.250Z,Japanese,Weekly,darari_nu,54bef081-c311-4055-8f73-a19633b60a74,鬼灯,4,1048,255
2026-04-06T06:27:07.250Z,Japanese,Monthly,coban3137,79cf91bc-167e-481f-9a49-b581919560c4,BINARY,13,5578,710
2026-04-06T06:27:07.250Z,Japanese,All Time,-,-,-,0,0,0
2026-04-06T08:19:51.110Z,Global,Now,-,-,-,0,0,0
2026-04-06T08:19:51.110Z,Global,Weekly,coban3137,413d7a37-0488-402b-9eff-e6129ed0b8f4,水脈,20,1519,344
2026-04-06T08:19:51.110Z,Global,Monthly,-,-,-,0,0,0
2026-04-06T08:19:51.110Z,Global,All Time,-,-,-,0,0,0
2026-04-06T08:19:51.110Z,Japanese,Now,-,-,-,0,0,0
2026-04-06T08:19:51.110Z,Japanese,Weekly,coban3137,413d7a37-0488-402b-9eff-e6129ed0b8f4,水脈,1,1519,344
2026-04-06T08:19:51.110Z,Japanese,Weekly,darari_nu,54bef081-c311-4055-8f73-a19633b60a74,鬼灯,4,1048,255
2026-04-06T08:19:51.110Z,Japanese,Monthly,coban3137,79cf91bc-167e-481f-9a49-b581919560c4,BINARY,13,5578,710
2026-04-06T08:19:51.110Z,Japanese,All Time,-,-,-,0,0,0
2026-04-06T10:02:18.330Z,Global,Now,-,-,-,0,0,0
2026-04-06T10:02:18.330Z,Global,Weekly,coban3137,413d7a37-0488-402b-9eff-e6129ed0b8f4,水脈,20,1519,345
2026-04-06T10:02:18.330Z,Global,Monthly,-,-,-,0,0,0
2026-04-06T10:02:18.330Z,Global,All Time,-,-,-,0,0,0
2026-04-06T10:02:18.330Z,Japanese,Now,-,-,-,0,0,0
2026-04-06T10:02:18.330Z,Japanese,Weekly,coban3137,413d7a37-0488-402b-9eff-e6129ed0b8f4,水脈,1,1519,345
2026-04-06T10:02:18.330Z,Japanese,Weekly,darari_nu,54bef081-c311-4055-8f73-a19633b60a74,鬼灯,4,1048,255
2026-04-06T10:02:18.330Z,Japanese,Monthly,coban3137,79cf91bc-167e-481f-9a49-b581919560c4,BINARY,13,5578,710
2026-04-06T10:02:18.330Z,Japanese,All Time,-,-,-,0,0,0
2026-04-06T11:42:39.090Z,Global,Now,-,-,-,0,0,0
2026-04-06T11:42:39.090Z,Global,Weekly,coban3137,413d7a37-0488-402b-9eff-e6129ed0b8f4,水脈,20,1519,345
2026-04-06T11:42:39.090Z,Global,Monthly,-,-,-,0,0,0
2026-04-06T11:42:39.090Z,Global,All Time,-,-,-,0,0,0
2026-04-06T11:42:39.090Z,Japanese,Now,-,-,-,0,0,0
2026-04-06T11:42:39.090Z,Japanese,Weekly,coban3137,413d7a37-0488-402b-9eff-e6129ed0b8f4,水脈,1,1519,345
2026-04-06T11:42:39.090Z,Japanese,Weekly,darari_nu,54bef081-c311-4055-8f73-a19633b60a74,鬼灯,4,1048,255
2026-04-06T11:42:39.090Z,Japanese,Monthly,coban3137,79cf91bc-167e-481f-9a49-b581919560c4,BINARY,13,5578,710
2026-04-06T11:42:39.090Z,Japanese,All Time,-,-,-,0,0,0
2026-04-06T12:53:22.860Z,Global,Now,-,-,-,0,0,0
2026-04-06T12:53:22.860Z,Global,Weekly,coban3137,413d7a37-0488-402b-9eff-e6129ed0b8f4,水脈,20,1519,345
2026-04-06T12:53:22.860Z,Global,Monthly,-,-,-,0,0,0
2026-04-06T12:53:22.860Z,Global,All Time,-,-,-,0,0,0
2026-04-06T12:53:22.860Z,Japanese,Now,-,-,-,0,0,0
2026-04-06T12:53:22.860Z,Japanese,Weekly,coban3137,413d7a37-0488-402b-9eff-e6129ed0b8f4,水脈,1,1519,345
2026-04-06T12:53:22.860Z,Japanese,Weekly,darari_nu,54bef081-c311-4055-8f73-a19633b60a74,鬼灯,4,1048,255
2026-04-06T12:53:22.860Z,Japanese,Monthly,coban3137,79cf91bc-167e-481f-9a49-b581919560c4,BINARY,13,5578,710
2026-04-06T12:53:22.860Z,Japanese,All Time,-,-,-,0,0,0
2026-04-06T14:07:49.054Z,Global,Now,-,-,-,0,0,0
2026-04-06T14:07:49.054Z,Global,Weekly,coban3137,413d7a37-0488-402b-9eff-e6129ed0b8f4,水脈,20,1535,346
2026-04-06T14:07:49.054Z,Global,Monthly,-,-,-,0,0,0
2026-04-06T14:07:49.054Z,Global,All Time,-,-,-,0,0,0
2026-04-06T14:07:49.054Z,Japanese,Now,-,-,-,0,0,0
2026-04-06T14:07:49.054Z,Japanese,Weekly,coban3137,413d7a37-0488-402b-9eff-e6129ed0b8f4,水脈,1,1535,346
2026-04-06T14:07:49.054Z,Japanese,Weekly,darari_nu,54bef081-c311-4055-8f73-a19633b60a74,鬼灯,4,1048,255
2026-04-06T14:07:49.054Z,Japanese,Monthly,coban3137,79cf91bc-167e-481f-9a49-b581919560c4,BINARY,13,5578,710
2026-04-06T14:07:49.054Z,Japanese,All Time,-,-,-,0,0,0
2026-04-06T15:39:42.361Z,Global,Now,-,-,-,0,0,0
2026-04-06T15:39:42.361Z,Global,Weekly,coban3137,413d7a37-0488-402b-9eff-e6129ed0b8f4,水脈,20,1535,347
2026-04-06T15:39:42.361Z,Global,Monthly,-,-,-,0,0,0
2026-04-06T15:39:42.361Z,Global,All Time,-,-,-,0,0,0
2026-04-06T15:39:42.361Z,Japanese,Now,-,-,-,0,0,0
2026-04-06T15:39:42.361Z,Japanese,Weekly,coban3137,413d7a37-0488-402b-9eff-e6129ed0b8f4,水脈,1,1535,347
2026-04-06T15:39:42.361Z,Japanese,Weekly,darari_nu,54bef081-c311-4055-8f73-a19633b60a74,鬼灯,4,1048,255
2026-04-06T15:39:42.361Z,Japanese,Monthly,coban3137,79cf91bc-167e-481f-9a49-b581919560c4,BINARY,13,5578,710
2026-04-06T15:39:42.361Z,Japanese,All Time,-,-,-,0,0,0
2026-04-06T16:38:24.691Z,Global,Now,-,-,-,0,0,0
2026-04-06T16:38:24.691Z,Global,Weekly,coban3137,413d7a37-0488-402b-9eff-e6129ed0b8f4,水脈,20,1583,348
2026-04-06T16:38:24.691Z,Global,Monthly,-,-,-,0,0,0
2026-04-06T16:38:24.691Z,Global,All Time,-,-,-,0,0,0
2026-04-06T16:38:24.691Z,Japanese,Now,-,-,-,0,0,0
2026-04-06T16:38:24.691Z,Japanese,Weekly,coban3137,413d7a37-0488-402b-9eff-e6129ed0b8f4,水脈,1,1583,348
2026-04-06T16:38:24.691Z,Japanese,Weekly,darari_nu,54bef081-c311-4055-8f73-a19633b60a74,鬼灯,4,1048,256
2026-04-06T16:38:24.691Z,Japanese,Monthly,coban3137,79cf91bc-167e-481f-9a49-b581919560c4,BINARY,13,5578,710
2026-04-06T16:38:24.691Z,Japanese,All Time,-,-,-,0,0,0
2026-04-06T17:38:58.992Z,Global,Now,-,-,-,0,0,0
2026-04-06T17:38:58.992Z,Global,Weekly,coban3137,413d7a37-0488-402b-9eff-e6129ed0b8f4,水脈,20,1583,350
2026-04-06T17:38:58.992Z,Global,Monthly,-,-,-,0,0,0
2026-04-06T17:38:58.992Z,Global,All Time,-,-,-,0,0,0
2026-04-06T17:38:58.992Z,Japanese,Now,-,-,-,0,0,0
2026-04-06T17:38:58.992Z,Japanese,Weekly,coban3137,413d7a37-0488-402b-9eff-e6129ed0b8f4,水脈,1,1583,350
2026-04-06T17:38:58.992Z,Japanese,Weekly,darari_nu,54bef081-c311-4055-8f73-a19633b60a74,鬼灯,4,1048,256
2026-04-06T17:38:58.992Z,Japanese,Monthly,coban3137,79cf91bc-167e-481f-9a49-b581919560c4,BINARY,13,5578,710
2026-04-06T17:38:58.992Z,Japanese,All Time,-,-,-,0,0,0
2026-04-06T18:46:02.216Z,Global,Now,-,-,-,0,0,0
2026-04-06T18:46:02.216Z,Global,Weekly,coban3137,413d7a37-0488-402b-9eff-e6129ed0b8f4,水脈,20,1599,353
2026-04-06T18:46:02.216Z,Global,Monthly,-,-,-,0,0,0
2026-04-06T18:46:02.216Z,Global,All Time,-,-,-,0,0,0
2026-04-06T18:46:02.216Z,Japanese,Now,-,-,-,0,0,0
2026-04-06T18:46:02.216Z,Japanese,Weekly,coban3137,413d7a37-0488-402b-9eff-e6129ed0b8f4,水脈,1,1599,353
2026-04-06T18:46:02.216Z,Japanese,Weekly,darari_nu,54bef081-c311-4055-8f73-a19633b60a74,鬼灯,4,1048,256
2026-04-06T18:46:02.216Z,Japanese,Monthly,coban3137,79cf91bc-167e-481f-9a49-b581919560c4,BINARY,13,5578,710
2026-04-06T18:46:02.216Z,Japanese,All Time,-,-,-,0,0,0
2026-04-06T19:47:23.303Z,Global,Now,-,-,-,0,0,0
2026-04-06T19:47:23.303Z,Global,Weekly,coban3137,413d7a37-0488-402b-9eff-e6129ed0b8f4,水脈,20,1615,353
2026-04-06T19:47:23.303Z,Global,Monthly,-,-,-,0,0,0
2026-04-06T19:47:23.303Z,Global,All Time,-,-,-,0,0,0
2026-04-06T19:47:23.303Z,Japanese,Now,-,-,-,0,0,0
2026-04-06T19:47:23.303Z,Japanese,Weekly,coban3137,413d7a37-0488-402b-9eff-e6129ed0b8f4,水脈,1,1615,353
2026-04-06T19:47:23.303Z,Japanese,Weekly,darari_nu,54bef081-c311-4055-8f73-a19633b60a74,鬼灯,4,1048,256
2026-04-06T19:47:23.303Z,Japanese,Monthly,coban3137,79cf91bc-167e-481f-9a49-b581919560c4,BINARY,13,5578,710
2026-04-06T19:47:23.303Z,Japanese,All Time,-,-,-,0,0,0
2026-04-06T20:31:34.222Z,Global,Now,-,-,-,0,0,0
2026-04-06T20:31:34.222Z,Global,Weekly,coban3137,413d7a37-0488-402b-9eff-e6129ed0b8f4,水脈,20,1615,353
2026-04-06T20:31:34.222Z,Global,Monthly,-,-,-,0,0,0
2026-04-06T20:31:34.222Z,Global,All Time,-,-,-,0,0,0
2026-04-06T20:31:34.222Z,Japanese,Now,-,-,-,0,0,0
2026-04-06T20:31:34.222Z,Japanese,Weekly,coban3137,413d7a37-0488-402b-9eff-e6129ed0b8f4,水脈,1,1615,353
2026-04-06T20:31:34.222Z,Japanese,Weekly,darari_nu,54bef081-c311-4055-8f73-a19633b60a74,鬼灯,4,1048,256
2026-04-06T20:31:34.222Z,Japanese,Monthly,coban3137,79cf91bc-167e-481f-9a49-b581919560c4,BINARY,13,5578,710
2026-04-06T20:31:34.222Z,Japanese,All Time,-,-,-,0,0,0
2026-04-06T21:31:48.940Z,Global,Now,-,-,-,0,0,0
2026-04-06T21:31:48.940Z,Global,Weekly,coban3137,413d7a37-0488-402b-9eff-e6129ed0b8f4,水脈,20,1615,355
2026-04-06T21:31:48.940Z,Global,Monthly,-,-,-,0,0,0
2026-04-06T21:31:48.940Z,Global,All Time,-,-,-,0,0,0
2026-04-06T21:31:48.940Z,Japanese,Now,-,-,-,0,0,0
2026-04-06T21:31:48.940Z,Japanese,Weekly,coban3137,413d7a37-0488-402b-9eff-e6129ed0b8f4,水脈,1,1615,355
2026-04-06T21:31:48.940Z,Japanese,Weekly,darari_nu,54bef081-c311-4055-8f73-a19633b60a74,鬼灯,4,1048,256
2026-04-06T21:31:48.940Z,Japanese,Monthly,coban3137,79cf91bc-167e-481f-9a49-b581919560c4,BINARY,13,5578,710
2026-04-06T21:31:48.940Z,Japanese,All Time,-,-,-,0,0,0
2026-04-06T22:28:32.226Z,Global,Now,-,-,-,0,0,0
2026-04-06T22:28:32.226Z,Global,Weekly,coban3137,413d7a37-0488-402b-9eff-e6129ed0b8f4,水脈,20,1615,355
2026-04-06T22:28:32.226Z,Global,Monthly,-,-,-,0,0,0
2026-04-06T22:28:32.226Z,Global,All Time,-,-,-,0,0,0
2026-04-06T22:28:32.226Z,Japanese,Now,-,-,-,0,0,0
2026-04-06T22:28:32.226Z,Japanese,Weekly,coban3137,413d7a37-0488-402b-9eff-e6129ed0b8f4,水脈,1,1615,355
2026-04-06T22:28:32.226Z,Japanese,Weekly,darari_nu,54bef081-c311-4055-8f73-a19633b60a74,鬼灯,4,1059,256
2026-04-06T22:28:32.226Z,Japanese,Monthly,coban3137,79cf91bc-167e-481f-9a49-b581919560c4,BINARY,13,5578,710
2026-04-06T22:28:32.226Z,Japanese,All Time,-,-,-,0,0,0
2026-04-06T23:28:54.605Z,Global,Now,-,-,-,0,0,0
2026-04-06T23:28:54.605Z,Global,Weekly,coban3137,413d7a37-0488-402b-9eff-e6129ed0b8f4,水脈,20,1615,357
2026-04-06T23:28:54.605Z,Global,Monthly,-,-,-,0,0,0
2026-04-06T23:28:54.605Z,Global,All Time,-,-,-,0,0,0
2026-04-06T23:28:54.605Z,Japanese,Now,-,-,-,0,0,0
2026-04-06T23:28:54.605Z,Japanese,Weekly,coban3137,413d7a37-0488-402b-9eff-e6129ed0b8f4,水脈,1,1615,357
2026-04-06T23:28:54.605Z,Japanese,Weekly,darari_nu,54bef081-c311-4055-8f73-a19633b60a74,鬼灯,4,1059,256
2026-04-06T23:28:54.605Z,Japanese,Monthly,coban3137,79cf91bc-167e-481f-9a49-b581919560c4,BINARY,13,5578,710
2026-04-06T23:28:54.605Z,Japanese,All Time,-,-,-,0,0,0
2026-04-07T01:45:50.261Z,Global,Now,-,-,-,0,0,0
2026-04-07T01:45:50.261Z,Global,Weekly,coban3137,413d7a37-0488-402b-9eff-e6129ed0b8f4,水脈,20,1632,359
2026-04-07T01:45:50.261Z,Global,Monthly,-,-,-,0,0,0
2026-04-07T01:45:50.261Z,Global,All Time,-,-,-,0,0,0
2026-04-07T01:45:50.261Z,Japanese,Now,-,-,-,0,0,0
2026-04-07T01:45:50.261Z,Japanese,Weekly,coban3137,413d7a37-0488-402b-9eff-e6129ed0b8f4,水脈,1,1632,359
2026-04-07T01:45:50.261Z,Japanese,Weekly,darari_nu,54bef081-c311-4055-8f73-a19633b60a74,鬼灯,4,1059,256
2026-04-07T01:45:50.261Z,Japanese,Monthly,coban3137,79cf91bc-167e-481f-9a49-b581919560c4,BINARY,13,5578,711
2026-04-07T01:45:50.261Z,Japanese,All Time,-,-,-,0,0,0
2026-04-07T04:28:20.805Z,Global,Now,-,-,-,0,0,0
2026-04-07T04:28:20.805Z,Global,Weekly,coban3137,413d7a37-0488-402b-9eff-e6129ed0b8f4,水脈,15,1649,359
2026-04-07T04:28:20.805Z,Global,Monthly,-,-,-,0,0,0
2026-04-07T04:28:20.805Z,Global,All Time,-,-,-,0,0,0
2026-04-07T04:28:20.805Z,Japanese,Now,-,-,-,0,0,0
2026-04-07T04:28:20.805Z,Japanese,Weekly,coban3137,413d7a37-0488-402b-9eff-e6129ed0b8f4,水脈,1,1649,359
2026-04-07T04:28:20.805Z,Japanese,Weekly,darari_nu,54bef081-c311-4055-8f73-a19633b60a74,鬼灯,4,1059,256
2026-04-07T04:28:20.805Z,Japanese,Monthly,coban3137,79cf91bc-167e-481f-9a49-b581919560c4,BINARY,13,5578,711
2026-04-07T04:28:20.805Z,Japanese,All Time,-,-,-,0,0,0
2026-04-07T06:15:44.077Z,Global,Now,coban3137,fae74bfb-66b9-4f40-b613-2764eddb6661,Turtleneck,34,93,65
2026-04-07T06:15:44.077Z,Global,Weekly,coban3137,413d7a37-0488-402b-9eff-e6129ed0b8f4,水脈,15,1649,360
2026-04-07T06:15:44.077Z,Global,Monthly,-,-,-,0,0,0
2026-04-07T06:15:44.077Z,Global,All Time,-,-,-,0,0,0
2026-04-07T06:15:44.077Z,Japanese,Now,-,-,-,0,0,0
2026-04-07T06:15:44.077Z,Japanese,Weekly,coban3137,413d7a37-0488-402b-9eff-e6129ed0b8f4,水脈,1,1649,360
2026-04-07T06:15:44.077Z,Japanese,Weekly,darari_nu,54bef081-c311-4055-8f73-a19633b60a74,鬼灯,4,1070,256
2026-04-07T06:15:44.077Z,Japanese,Monthly,coban3137,79cf91bc-167e-481f-9a49-b581919560c4,BINARY,13,5578,711
2026-04-07T06:15:44.077Z,Japanese,All Time,-,-,-,0,0,0
2026-04-07T08:07:39.996Z,Global,Now,coban3137,fae74bfb-66b9-4f40-b613-2764eddb6661,Turtleneck,34,100,78
2026-04-07T08:07:39.996Z,Global,Weekly,coban3137,413d7a37-0488-402b-9eff-e6129ed0b8f4,水脈,15,1649,361
2026-04-07T08:07:39.996Z,Global,Monthly,-,-,-,0,0,0
2026-04-07T08:07:39.996Z,Global,All Time,-,-,-,0,0,0
2026-04-07T08:07:39.996Z,Japanese,Now,-,-,-,0,0,0
2026-04-07T08:07:39.996Z,Japanese,Weekly,coban3137,413d7a37-0488-402b-9eff-e6129ed0b8f4,水脈,1,1649,361
2026-04-07T08:07:39.996Z,Japanese,Weekly,darari_nu,54bef081-c311-4055-8f73-a19633b60a74,鬼灯,4,1070,256
2026-04-07T08:07:39.996Z,Japanese,Monthly,coban3137,79cf91bc-167e-481f-9a49-b581919560c4,BINARY,13,5578,711
2026-04-07T08:07:39.996Z,Japanese,All Time,-,-,-,0,0,0
2026-04-07T10:01:55.074Z,Global,Now,coban3137,fae74bfb-66b9-4f40-b613-2764eddb6661,Turtleneck,34,114,90
2026-04-07T10:01:55.074Z,Global,Weekly,coban3137,413d7a37-0488-402b-9eff-e6129ed0b8f4,水脈,15,1666,361
2026-04-07T10:01:55.074Z,Global,Monthly,-,-,-,0,0,0
2026-04-07T10:01:55.074Z,Global,All Time,-,-,-,0,0,0
2026-04-07T10:01:55.074Z,Japanese,Now,-,-,-,0,0,0
2026-04-07T10:01:55.074Z,Japanese,Weekly,coban3137,413d7a37-0488-402b-9eff-e6129ed0b8f4,水脈,1,1666,361
2026-04-07T10:01:55.074Z,Japanese,Weekly,darari_nu,54bef081-c311-4055-8f73-a19633b60a74,鬼灯,4,1070,256
2026-04-07T10:01:55.074Z,Japanese,Monthly,coban3137,79cf91bc-167e-481f-9a49-b581919560c4,BINARY,13,5578,712
2026-04-07T10:01:55.074Z,Japanese,All Time,-,-,-,0,0,0
2026-04-07T11:47:14.292Z,Global,Now,coban3137,fae74bfb-66b9-4f40-b613-2764eddb6661,Turtleneck,21,199,111
2026-04-07T11:47:14.292Z,Global,Weekly,coban3137,413d7a37-0488-402b-9eff-e6129ed0b8f4,水脈,15,1683,361
2026-04-07T11:47:14.292Z,Global,Monthly,-,-,-,0,0,0
2026-04-07T11:47:14.292Z,Global,All Time,-,-,-,0,0,0
2026-04-07T11:47:14.292Z,Japanese,Now,-,-,-,0,0,0
2026-04-07T11:47:14.292Z,Japanese,Weekly,coban3137,413d7a37-0488-402b-9eff-e6129ed0b8f4,水脈,1,1683,361
2026-04-07T11:47:14.292Z,Japanese,Weekly,darari_nu,54bef081-c311-4055-8f73-a19633b60a74,鬼灯,4,1070,256
2026-04-07T11:47:14.292Z,Japanese,Monthly,coban3137,79cf91bc-167e-481f-9a49-b581919560c4,BINARY,13,5578,712
2026-04-07T11:47:14.292Z,Japanese,All Time,-,-,-,0,0,0
2026-04-07T13:06:42.611Z,Global,Now,coban3137,fae74bfb-66b9-4f40-b613-2764eddb6661,Turtleneck,21,254,115
2026-04-07T13:06:42.611Z,Global,Weekly,coban3137,413d7a37-0488-402b-9eff-e6129ed0b8f4,水脈,15,1683,361
2026-04-07T13:06:42.611Z,Global,Monthly,-,-,-,0,0,0
2026-04-07T13:06:42.611Z,Global,All Time,-,-,-,0,0,0
2026-04-07T13:06:42.611Z,Japanese,Now,-,-,-,0,0,0
2026-04-07T13:06:42.611Z,Japanese,Weekly,coban3137,413d7a37-0488-402b-9eff-e6129ed0b8f4,水脈,1,1683,361
2026-04-07T13:06:42.611Z,Japanese,Weekly,darari_nu,54bef081-c311-4055-8f73-a19633b60a74,鬼灯,4,1070,256
2026-04-07T13:06:42.611Z,Japanese,Monthly,coban3137,79cf91bc-167e-481f-9a49-b581919560c4,BINARY,13,5578,712
2026-04-07T13:06:42.611Z,Japanese,All Time,-,-,-,0,0,0
2026-04-07T15:01:58.101Z,Global,Now,coban3137,fae74bfb-66b9-4f40-b613-2764eddb6661,Turtleneck,18,434,140
2026-04-07T15:01:58.101Z,Global,Weekly,coban3137,413d7a37-0488-402b-9eff-e6129ed0b8f4,水脈,15,1725,363
2026-04-07T15:01:58.101Z,Global,Monthly,-,-,-,0,0,0
2026-04-07T15:01:58.101Z,Global,All Time,-,-,-,0,0,0
2026-04-07T15:01:58.101Z,Japanese,Now,-,-,-,0,0,0
2026-04-07T15:01:58.101Z,Japanese,Weekly,coban3137,413d7a37-0488-402b-9eff-e6129ed0b8f4,水脈,1,1725,363
2026-04-07T15:01:58.101Z,Japanese,Weekly,darari_nu,54bef081-c311-4055-8f73-a19633b60a74,鬼灯,4,1077,256
2026-04-07T15:01:58.101Z,Japanese,Monthly,coban3137,79cf91bc-167e-481f-9a49-b581919560c4,BINARY,13,5578,712
2026-04-07T15:01:58.101Z,Japanese,All Time,-,-,-,0,0,0
2026-04-07T16:48:06.614Z,Global,Now,coban3137,fae74bfb-66b9-4f40-b613-2764eddb6661,Turtleneck,18,629,160
2026-04-07T16:48:06.614Z,Global,Weekly,coban3137,413d7a37-0488-402b-9eff-e6129ed0b8f4,水脈,15,1759,366
2026-04-07T16:48:06.614Z,Global,Monthly,-,-,-,0,0,0
2026-04-07T16:48:06.614Z,Global,All Time,-,-,-,0,0,0
2026-04-07T16:48:06.614Z,Japanese,Now,-,-,-,0,0,0
2026-04-07T16:48:06.614Z,Japanese,Weekly,coban3137,413d7a37-0488-402b-9eff-e6129ed0b8f4,水脈,1,1759,366
2026-04-07T16:48:06.614Z,Japanese,Weekly,darari_nu,54bef081-c311-4055-8f73-a19633b60a74,鬼灯,4,1077,256
2026-04-07T16:48:06.614Z,Japanese,Monthly,coban3137,79cf91bc-167e-481f-9a49-b581919560c4,BINARY,13,5634,713
2026-04-07T16:48:06.614Z,Japanese,All Time,-,-,-,0,0,0
2026-04-07T17:52:48.389Z,Global,Now,coban3137,fae74bfb-66b9-4f40-b613-2764eddb6661,Turtleneck,18,737,168
2026-04-07T17:52:48.389Z,Global,Weekly,coban3137,413d7a37-0488-402b-9eff-e6129ed0b8f4,水脈,15,1759,366
2026-04-07T17:52:48.389Z,Global,Monthly,-,-,-,0,0,0
2026-04-07T17:52:48.389Z,Global,All Time,-,-,-,0,0,0
2026-04-07T17:52:48.389Z,Japanese,Now,-,-,-,0,0,0
2026-04-07T17:52:48.389Z,Japanese,Weekly,coban3137,413d7a37-0488-402b-9eff-e6129ed0b8f4,水脈,1,1759,366
2026-04-07T17:52:48.389Z,Japanese,Weekly,darari_nu,54bef081-c311-4055-8f73-a19633b60a74,鬼灯,4,1077,256
2026-04-07T17:52:48.389Z,Japanese,Monthly,coban3137,79cf91bc-167e-481f-9a49-b581919560c4,BINARY,13,5634,713
2026-04-07T17:52:48.389Z,Japanese,All Time,-,-,-,0,0,0
2026-04-07T18:53:17.970Z,Global,Now,coban3137,fae74bfb-66b9-4f40-b613-2764eddb6661,Turtleneck,14,782,176
2026-04-07T18:53:17.970Z,Global,Weekly,coban3137,413d7a37-0488-402b-9eff-e6129ed0b8f4,水脈,15,1785,366
2026-04-07T18:53:17.970Z,Global,Monthly,-,-,-,0,0,0
2026-04-07T18:53:17.970Z,Global,All Time,-,-,-,0,0,0
2026-04-07T18:53:17.970Z,Japanese,Now,-,-,-,0,0,0
2026-04-07T18:53:17.970Z,Japanese,Weekly,coban3137,413d7a37-0488-402b-9eff-e6129ed0b8f4,水脈,1,1785,366
2026-04-07T18:53:17.970Z,Japanese,Weekly,darari_nu,54bef081-c311-4055-8f73-a19633b60a74,鬼灯,4,1077,256
2026-04-07T18:53:17.970Z,Japanese,Monthly,coban3137,79cf91bc-167e-481f-9a49-b581919560c4,BINARY,13,5634,713
2026-04-07T18:53:17.970Z,Japanese,All Time,-,-,-,0,0,0
2026-04-07T19:52:58.866Z,Global,Now,coban3137,fae74bfb-66b9-4f40-b613-2764eddb6661,Turtleneck,14,844,181
2026-04-07T19:52:58.866Z,Global,Weekly,coban3137,413d7a37-0488-402b-9eff-e6129ed0b8f4,水脈,15,1794,366
2026-04-07T19:52:58.866Z,Global,Monthly,-,-,-,0,0,0
2026-04-07T19:52:58.866Z,Global,All Time,-,-,-,0,0,0
2026-04-07T19:52:58.866Z,Japanese,Now,-,-,-,0,0,0
2026-04-07T19:52:58.866Z,Japanese,Weekly,coban3137,413d7a37-0488-402b-9eff-e6129ed0b8f4,水脈,1,1794,366
2026-04-07T19:52:58.866Z,Japanese,Weekly,darari_nu,54bef081-c311-4055-8f73-a19633b60a74,鬼灯,4,1077,256
2026-04-07T19:52:58.866Z,Japanese,Monthly,coban3137,79cf91bc-167e-481f-9a49-b581919560c4,BINARY,13,5634,713
2026-04-07T19:52:58.866Z,Japanese,All Time,-,-,-,0,0,0
2026-04-07T20:39:07.947Z,Global,Now,coban3137,fae74bfb-66b9-4f40-b613-2764eddb6661,Turtleneck,14,852,189
2026-04-07T20:39:07.947Z,Global,Weekly,coban3137,413d7a37-0488-402b-9eff-e6129ed0b8f4,水脈,15,1794,366
2026-04-07T20:39:07.947Z,Global,Monthly,-,-,-,0,0,0
2026-04-07T20:39:07.947Z,Global,All Time,-,-,-,0,0,0
2026-04-07T20:39:07.947Z,Japanese,Now,-,-,-,0,0,0
2026-04-07T20:39:07.947Z,Japanese,Weekly,coban3137,413d7a37-0488-402b-9eff-e6129ed0b8f4,水脈,1,1794,366
2026-04-07T20:39:07.947Z,Japanese,Weekly,darari_nu,54bef081-c311-4055-8f73-a19633b60a74,鬼灯,4,1077,256
2026-04-07T20:39:07.947Z,Japanese,Monthly,coban3137,79cf91bc-167e-481f-9a49-b581919560c4,BINARY,13,5634,713
2026-04-07T20:39:07.947Z,Japanese,All Time,-,-,-,0,0,0
2026-04-07T21:45:09.972Z,Global,Now,coban3137,fae74bfb-66b9-4f40-b613-2764eddb6661,Turtleneck,14,909,193
2026-04-07T21:45:09.972Z,Global,Weekly,coban3137,413d7a37-0488-402b-9eff-e6129ed0b8f4,水脈,15,1794,366
2026-04-07T21:45:09.972Z,Global,Monthly,-,-,-,0,0,0
2026-04-07T21:45:09.972Z,Global,All Time,-,-,-,0,0,0
2026-04-07T21:45:09.972Z,Japanese,Now,-,-,-,0,0,0
2026-04-07T21:45:09.972Z,Japanese,Weekly,coban3137,413d7a37-0488-402b-9eff-e6129ed0b8f4,水脈,1,1794,366
2026-04-07T21:45:09.972Z,Japanese,Weekly,darari_nu,54bef081-c311-4055-8f73-a19633b60a74,鬼灯,4,1077,256
2026-04-07T21:45:09.972Z,Japanese,Monthly,coban3137,79cf91bc-167e-481f-9a49-b581919560c4,BINARY,13,5634,713
2026-04-07T21:45:09.972Z,Japanese,All Time,-,-,-,0,0,0
2026-04-07T22:31:15.284Z,Global,Now,coban3137,fae74bfb-66b9-4f40-b613-2764eddb6661,Turtleneck,14,941,197
2026-04-07T22:31:15.284Z,Global,Weekly,coban3137,413d7a37-0488-402b-9eff-e6129ed0b8f4,水脈,15,1794,367
2026-04-07T22:31:15.284Z,Global,Monthly,-,-,-,0,0,0
2026-04-07T22:31:15.284Z,Global,All Time,-,-,-,0,0,0
2026-04-07T22:31:15.284Z,Japanese,Now,-,-,-,0,0,0
2026-04-07T22:31:15.284Z,Japanese,Weekly,coban3137,413d7a37-0488-402b-9eff-e6129ed0b8f4,水脈,1,1794,367
2026-04-07T22:31:15.284Z,Japanese,Weekly,darari_nu,54bef081-c311-4055-8f73-a19633b60a74,鬼灯,4,1077,256
2026-04-07T22:31:15.284Z,Japanese,Monthly,coban3137,79cf91bc-167e-481f-9a49-b581919560c4,BINARY,13,5634,713
2026-04-07T22:31:15.284Z,Japanese,All Time,-,-,-,0,0,0
2026-04-07T23:31:44.806Z,Global,Now,coban3137,fae74bfb-66b9-4f40-b613-2764eddb6661,Turtleneck,14,956,201
2026-04-07T23:31:44.806Z,Global,Weekly,coban3137,413d7a37-0488-402b-9eff-e6129ed0b8f4,水脈,15,1794,367
2026-04-07T23:31:44.806Z,Global,Monthly,-,-,-,0,0,0
2026-04-07T23:31:44.806Z,Global,All Time,-,-,-,0,0,0
2026-04-07T23:31:44.806Z,Japanese,Now,-,-,-,0,0,0
2026-04-07T23:31:44.806Z,Japanese,Weekly,coban3137,413d7a37-0488-402b-9eff-e6129ed0b8f4,水脈,1,1794,367
2026-04-07T23:31:44.806Z,Japanese,Weekly,darari_nu,54bef081-c311-4055-8f73-a19633b60a74,鬼灯,4,1077,256
2026-04-07T23:31:44.806Z,Japanese,Monthly,coban3137,79cf91bc-167e-481f-9a49-b581919560c4,BINARY,13,5634,713
2026-04-07T23:31:44.806Z,Japanese,All Time,-,-,-,0,0,0
2026-04-08T01:46:21.065Z,Global,Now,coban3137,fae74bfb-66b9-4f40-b613-2764eddb6661,Turtleneck,14,1043,211
2026-04-08T01:46:21.065Z,Global,Weekly,coban3137,413d7a37-0488-402b-9eff-e6129ed0b8f4,水脈,20,1794,367
2026-04-08T01:46:21.065Z,Global,Monthly,-,-,-,0,0,0
2026-04-08T01:46:21.065Z,Global,All Time,-,-,-,0,0,0
2026-04-08T01:46:21.065Z,Japanese,Now,-,-,-,0,0,0
2026-04-08T01:46:21.065Z,Japanese,Weekly,coban3137,413d7a37-0488-402b-9eff-e6129ed0b8f4,水脈,1,1794,367
2026-04-08T01:46:21.065Z,Japanese,Weekly,darari_nu,54bef081-c311-4055-8f73-a19633b60a74,鬼灯,4,1077,256
2026-04-08T01:46:21.065Z,Japanese,Monthly,coban3137,79cf91bc-167e-481f-9a49-b581919560c4,BINARY,13,5634,713
2026-04-08T01:46:21.065Z,Japanese,All Time,-,-,-,0,0,0
2026-04-08T04:31:16.661Z,Global,Now,-,-,-,0,0,0
2026-04-08T04:31:16.661Z,Global,Weekly,coban3137,413d7a37-0488-402b-9eff-e6129ed0b8f4,水脈,20,1794,367
2026-04-08T04:31:16.661Z,Global,Monthly,-,-,-,0,0,0
2026-04-08T04:31:16.661Z,Global,All Time,-,-,-,0,0,0
2026-04-08T04:31:16.661Z,Japanese,Now,-,-,-,0,0,0
2026-04-08T04:31:16.661Z,Japanese,Weekly,coban3137,413d7a37-0488-402b-9eff-e6129ed0b8f4,水脈,1,1794,367
2026-04-08T04:31:16.661Z,Japanese,Weekly,darari_nu,54bef081-c311-4055-8f73-a19633b60a74,鬼灯,4,1077,256
2026-04-08T04:31:16.661Z,Japanese,Monthly,coban3137,79cf91bc-167e-481f-9a49-b581919560c4,BINARY,13,5634,713
2026-04-08T04:31:16.661Z,Japanese,All Time,-,-,-,0,0,0
2026-04-08T06:17:28.601Z,Global,Now,-,-,-,0,0,0
2026-04-08T06:17:28.601Z,Global,Weekly,coban3137,413d7a37-0488-402b-9eff-e6129ed0b8f4,水脈,20,1794,368
2026-04-08T06:17:28.601Z,Global,Monthly,-,-,-,0,0,0
2026-04-08T06:17:28.601Z,Global,All Time,-,-,-,0,0,0
2026-04-08T06:17:28.601Z,Japanese,Now,-,-,-,0,0,0
2026-04-08T06:17:28.601Z,Japanese,Weekly,coban3137,413d7a37-0488-402b-9eff-e6129ed0b8f4,水脈,1,1794,368
2026-04-08T06:17:28.601Z,Japanese,Weekly,darari_nu,54bef081-c311-4055-8f73-a19633b60a74,鬼灯,4,1077,256
2026-04-08T06:17:28.601Z,Japanese,Monthly,coban3137,79cf91bc-167e-481f-9a49-b581919560c4,BINARY,13,5634,713
2026-04-08T06:17:28.601Z,Japanese,All Time,-,-,-,0,0,0
2026-04-08T08:08:50.881Z,Global,Now,-,-,-,0,0,0
2026-04-08T08:08:50.881Z,Global,Weekly,coban3137,413d7a37-0488-402b-9eff-e6129ed0b8f4,水脈,20,1794,370
2026-04-08T08:08:50.881Z,Global,Monthly,-,-,-,0,0,0
2026-04-08T08:08:50.881Z,Global,All Time,-,-,-,0,0,0
2026-04-08T08:08:50.881Z,Japanese,Now,-,-,-,0,0,0
2026-04-08T08:08:50.881Z,Japanese,Weekly,coban3137,413d7a37-0488-402b-9eff-e6129ed0b8f4,水脈,1,1794,370
2026-04-08T08:08:50.881Z,Japanese,Weekly,darari_nu,54bef081-c311-4055-8f73-a19633b60a74,鬼灯,4,1077,256
2026-04-08T08:08:50.881Z,Japanese,Monthly,coban3137,79cf91bc-167e-481f-9a49-b581919560c4,BINARY,13,5634,713
2026-04-08T08:08:50.881Z,Japanese,All Time,-,-,-,0,0,0
2026-04-08T10:01:34.949Z,Global,Now,-,-,-,0,0,0
2026-04-08T10:01:34.949Z,Global,Weekly,coban3137,413d7a37-0488-402b-9eff-e6129ed0b8f4,水脈,20,1794,370
2026-04-08T10:01:34.949Z,Global,Monthly,-,-,-,0,0,0
2026-04-08T10:01:34.949Z,Global,All Time,-,-,-,0,0,0
2026-04-08T10:01:34.949Z,Japanese,Now,-,-,-,0,0,0
2026-04-08T10:01:34.949Z,Japanese,Weekly,coban3137,413d7a37-0488-402b-9eff-e6129ed0b8f4,水脈,1,1794,370
2026-04-08T10:01:34.949Z,Japanese,Weekly,darari_nu,54bef081-c311-4055-8f73-a19633b60a74,鬼灯,4,1077,256
2026-04-08T10:01:34.949Z,Japanese,Monthly,coban3137,79cf91bc-167e-481f-9a49-b581919560c4,BINARY,13,5634,713
2026-04-08T10:01:34.949Z,Japanese,All Time,-,-,-,0,0,0
2026-04-08T11:47:27.711Z,Global,Now,-,-,-,0,0,0
2026-04-08T11:47:27.711Z,Global,Weekly,coban3137,413d7a37-0488-402b-9eff-e6129ed0b8f4,水脈,20,1794,370
2026-04-08T11:47:27.711Z,Global,Monthly,-,-,-,0,0,0
2026-04-08T11:47:27.711Z,Global,All Time,-,-,-,0,0,0
2026-04-08T11:47:27.711Z,Japanese,Now,-,-,-,0,0,0
2026-04-08T11:47:27.711Z,Japanese,Weekly,coban3137,413d7a37-0488-402b-9eff-e6129ed0b8f4,水脈,1,1794,370
2026-04-08T11:47:27.711Z,Japanese,Weekly,darari_nu,54bef081-c311-4055-8f73-a19633b60a74,鬼灯,4,1086,256
2026-04-08T11:47:27.711Z,Japanese,Monthly,coban3137,79cf91bc-167e-481f-9a49-b581919560c4,BINARY,13,5634,713
2026-04-08T11:47:27.711Z,Japanese,All Time,-,-,-,0,0,0
2026-04-08T13:04:27.266Z,Global,Now,-,-,-,0,0,0
2026-04-08T13:04:27.266Z,Global,Weekly,coban3137,413d7a37-0488-402b-9eff-e6129ed0b8f4,水脈,20,1794,370
2026-04-08T13:04:27.266Z,Global,Monthly,-,-,-,0,0,0
2026-04-08T13:04:27.266Z,Global,All Time,-,-,-,0,0,0
2026-04-08T13:04:27.266Z,Japanese,Now,-,-,-,0,0,0
2026-04-08T13:04:27.266Z,Japanese,Weekly,coban3137,413d7a37-0488-402b-9eff-e6129ed0b8f4,水脈,1,1794,370
2026-04-08T13:04:27.266Z,Japanese,Weekly,darari_nu,54bef081-c311-4055-8f73-a19633b60a74,鬼灯,4,1086,256
2026-04-08T13:04:27.266Z,Japanese,Monthly,coban3137,79cf91bc-167e-481f-9a49-b581919560c4,BINARY,13,5634,713
2026-04-08T13:04:27.266Z,Japanese,All Time,-,-,-,0,0,0
2026-04-08T15:03:29.716Z,Global,Now,-,-,-,0,0,0
2026-04-08T15:03:29.716Z,Global,Weekly,coban3137,413d7a37-0488-402b-9eff-e6129ed0b8f4,水脈,20,1794,370
2026-04-08T15:03:29.716Z,Global,Monthly,-,-,-,0,0,0
2026-04-08T15:03:29.716Z,Global,All Time,-,-,-,0,0,0
2026-04-08T15:03:29.716Z,Japanese,Now,-,-,-,0,0,0
2026-04-08T15:03:29.716Z,Japanese,Weekly,coban3137,413d7a37-0488-402b-9eff-e6129ed0b8f4,水脈,1,1794,370
2026-04-08T15:03:29.716Z,Japanese,Weekly,darari_nu,54bef081-c311-4055-8f73-a19633b60a74,鬼灯,4,1086,257
2026-04-08T15:03:29.716Z,Japanese,Monthly,coban3137,79cf91bc-167e-481f-9a49-b581919560c4,BINARY,13,5634,713
2026-04-08T15:03:29.716Z,Japanese,All Time,-,-,-,0,0,0
2026-04-08T17:06:26.425Z,Global,Now,-,-,-,0,0,0
2026-04-08T17:06:26.425Z,Global,Weekly,coban3137,413d7a37-0488-402b-9eff-e6129ed0b8f4,水脈,20,1794,370
2026-04-08T17:06:26.425Z,Global,Monthly,-,-,-,0,0,0
2026-04-08T17:06:26.425Z,Global,All Time,-,-,-,0,0,0
2026-04-08T17:06:26.425Z,Japanese,Now,-,-,-,0,0,0
2026-04-08T17:06:26.425Z,Japanese,Weekly,coban3137,413d7a37-0488-402b-9eff-e6129ed0b8f4,水脈,1,1794,370
2026-04-08T17:06:26.425Z,Japanese,Weekly,darari_nu,54bef081-c311-4055-8f73-a19633b60a74,鬼灯,4,1086,257
2026-04-08T17:06:26.425Z,Japanese,Monthly,coban3137,79cf91bc-167e-481f-9a49-b581919560c4,BINARY,13,5634,713
2026-04-08T17:06:26.425Z,Japanese,All Time,-,-,-,0,0,0
2026-04-08T18:01:18.179Z,Global,Now,-,-,-,0,0,0
2026-04-08T18:01:18.179Z,Global,Weekly,coban3137,413d7a37-0488-402b-9eff-e6129ed0b8f4,水脈,20,1794,370
2026-04-08T18:01:18.179Z,Global,Monthly,-,-,-,0,0,0
2026-04-08T18:01:18.179Z,Global,All Time,-,-,-,0,0,0
2026-04-08T18:01:18.179Z,Japanese,Now,-,-,-,0,0,0
2026-04-08T18:01:18.179Z,Japanese,Weekly,coban3137,413d7a37-0488-402b-9eff-e6129ed0b8f4,水脈,1,1794,370
2026-04-08T18:01:18.179Z,Japanese,Weekly,darari_nu,54bef081-c311-4055-8f73-a19633b60a74,鬼灯,4,1086,257
2026-04-08T18:01:18.179Z,Japanese,Monthly,coban3137,79cf91bc-167e-481f-9a49-b581919560c4,BINARY,13,5634,713
2026-04-08T18:01:18.179Z,Japanese,All Time,-,-,-,0,0,0
2026-04-08T19:55:04.644Z,Global,Now,-,-,-,0,0,0
2026-04-08T19:55:04.644Z,Global,Weekly,coban3137,413d7a37-0488-402b-9eff-e6129ed0b8f4,水脈,20,1794,370
2026-04-08T19:55:04.644Z,Global,Monthly,-,-,-,0,0,0
2026-04-08T19:55:04.644Z,Global,All Time,-,-,-,0,0,0
2026-04-08T19:55:04.644Z,Japanese,Now,-,-,-,0,0,0
2026-04-08T19:55:04.644Z,Japanese,Weekly,coban3137,413d7a37-0488-402b-9eff-e6129ed0b8f4,水脈,1,1794,370
2026-04-08T19:55:04.644Z,Japanese,Weekly,darari_nu,54bef081-c311-4055-8f73-a19633b60a74,鬼灯,4,1086,257
2026-04-08T19:55:04.644Z,Japanese,Monthly,coban3137,79cf91bc-167e-481f-9a49-b581919560c4,BINARY,13,5634,713
2026-04-08T19:55:04.644Z,Japanese,All Time,-,-,-,0,0,0
2026-04-08T20:36:03.742Z,Global,Now,-,-,-,0,0,0
2026-04-08T20:36:03.742Z,Global,Weekly,coban3137,413d7a37-0488-402b-9eff-e6129ed0b8f4,水脈,20,1794,370
2026-04-08T20:36:03.742Z,Global,Monthly,-,-,-,0,0,0
2026-04-08T20:36:03.742Z,Global,All Time,-,-,-,0,0,0
2026-04-08T20:36:03.742Z,Japanese,Now,-,-,-,0,0,0
2026-04-08T20:36:03.742Z,Japanese,Weekly,coban3137,413d7a37-0488-402b-9eff-e6129ed0b8f4,水脈,1,1794,370
2026-04-08T20:36:03.742Z,Japanese,Weekly,darari_nu,54bef081-c311-4055-8f73-a19633b60a74,鬼灯,4,1086,257
2026-04-08T20:36:03.742Z,Japanese,Monthly,coban3137,79cf91bc-167e-481f-9a49-b581919560c4,BINARY,13,5634,713
2026-04-08T20:36:03.742Z,Japanese,All Time,-,-,-,0,0,0
2026-04-08T21:36:10.003Z,Global,Now,-,-,-,0,0,0
2026-04-08T21:36:10.003Z,Global,Weekly,coban3137,413d7a37-0488-402b-9eff-e6129ed0b8f4,水脈,20,1794,370
2026-04-08T21:36:10.003Z,Global,Monthly,-,-,-,0,0,0
2026-04-08T21:36:10.003Z,Global,All Time,-,-,-,0,0,0
2026-04-08T21:36:10.003Z,Japanese,Now,-,-,-,0,0,0
2026-04-08T21:36:10.003Z,Japanese,Weekly,coban3137,413d7a37-0488-402b-9eff-e6129ed0b8f4,水脈,1,1794,370
2026-04-08T21:36:10.003Z,Japanese,Weekly,darari_nu,54bef081-c311-4055-8f73-a19633b60a74,鬼灯,4,1086,257
2026-04-08T21:36:10.003Z,Japanese,Monthly,coban3137,79cf91bc-167e-481f-9a49-b581919560c4,BINARY,13,5634,714
2026-04-08T21:36:10.003Z,Japanese,All Time,-,-,-,0,0,0
2026-04-08T22:32:19.626Z,Global,Now,-,-,-,0,0,0
2026-04-08T22:32:19.626Z,Global,Weekly,coban3137,413d7a37-0488-402b-9eff-e6129ed0b8f4,水脈,20,1794,370
2026-04-08T22:32:19.626Z,Global,Monthly,-,-,-,0,0,0
2026-04-08T22:32:19.626Z,Global,All Time,-,-,-,0,0,0
2026-04-08T22:32:19.626Z,Japanese,Now,-,-,-,0,0,0
2026-04-08T22:32:19.626Z,Japanese,Weekly,coban3137,413d7a37-0488-402b-9eff-e6129ed0b8f4,水脈,1,1794,370
2026-04-08T22:32:19.626Z,Japanese,Weekly,darari_nu,54bef081-c311-4055-8f73-a19633b60a74,鬼灯,4,1095,257
2026-04-08T22:32:19.626Z,Japanese,Monthly,coban3137,79cf91bc-167e-481f-9a49-b581919560c4,BINARY,13,5634,714
2026-04-08T22:32:19.626Z,Japanese,All Time,-,-,-,0,0,0
2026-04-08T23:32:18.247Z,Global,Now,-,-,-,0,0,0
2026-04-08T23:32:18.247Z,Global,Weekly,coban3137,413d7a37-0488-402b-9eff-e6129ed0b8f4,水脈,20,1794,370
2026-04-08T23:32:18.247Z,Global,Monthly,-,-,-,0,0,0
2026-04-08T23:32:18.247Z,Global,All Time,-,-,-,0,0,0
2026-04-08T23:32:18.247Z,Japanese,Now,-,-,-,0,0,0
2026-04-08T23:32:18.247Z,Japanese,Weekly,coban3137,413d7a37-0488-402b-9eff-e6129ed0b8f4,水脈,1,1794,370
2026-04-08T23:32:18.247Z,Japanese,Weekly,darari_nu,54bef081-c311-4055-8f73-a19633b60a74,鬼灯,4,1095,257
2026-04-08T23:32:18.247Z,Japanese,Monthly,coban3137,79cf91bc-167e-481f-9a49-b581919560c4,BINARY,13,5634,714
2026-04-08T23:32:18.247Z,Japanese,All Time,-,-,-,0,0,0
2026-04-09T01:25:35.688Z,Global,Now,-,-,-,0,0,0
2026-04-09T01:25:35.688Z,Global,Weekly,coban3137,413d7a37-0488-402b-9eff-e6129ed0b8f4,水脈,20,1794,370
2026-04-09T01:25:35.688Z,Global,Monthly,-,-,-,0,0,0
2026-04-09T01:25:35.688Z,Global,All Time,-,-,-,0,0,0
2026-04-09T01:25:35.688Z,Japanese,Now,-,-,-,0,0,0
2026-04-09T01:25:35.688Z,Japanese,Weekly,coban3137,413d7a37-0488-402b-9eff-e6129ed0b8f4,水脈,1,1794,370
2026-04-09T01:25:35.688Z,Japanese,Weekly,darari_nu,54bef081-c311-4055-8f73-a19633b60a74,鬼灯,4,1095,257
2026-04-09T01:25:35.688Z,Japanese,Monthly,coban3137,79cf91bc-167e-481f-9a49-b581919560c4,BINARY,13,5634,714
2026-04-09T01:25:35.688Z,Japanese,All Time,-,-,-,0,0,0
2026-04-09T04:27:59.988Z,Global,Now,-,-,-,0,0,0
2026-04-09T04:27:59.988Z,Global,Weekly,coban3137,413d7a37-0488-402b-9eff-e6129ed0b8f4,水脈,22,1794,371
2026-04-09T04:27:59.988Z,Global,Monthly,-,-,-,0,0,0
2026-04-09T04:27:59.988Z,Global,All Time,-,-,-,0,0,0
2026-04-09T04:27:59.988Z,Japanese,Now,-,-,-,0,0,0
2026-04-09T04:27:59.988Z,Japanese,Weekly,coban3137,413d7a37-0488-402b-9eff-e6129ed0b8f4,水脈,3,1794,371
2026-04-09T04:27:59.988Z,Japanese,Weekly,darari_nu,54bef081-c311-4055-8f73-a19633b60a74,鬼灯,5,1095,257
2026-04-09T04:27:59.988Z,Japanese,Monthly,coban3137,79cf91bc-167e-481f-9a49-b581919560c4,BINARY,13,5634,715
2026-04-09T04:27:59.988Z,Japanese,All Time,-,-,-,0,0,0
2026-04-09T06:17:04.530Z,Global,Now,-,-,-,0,0,0
2026-04-09T06:17:04.530Z,Global,Weekly,coban3137,413d7a37-0488-402b-9eff-e6129ed0b8f4,水脈,22,1794,371
2026-04-09T06:17:04.530Z,Global,Monthly,-,-,-,0,0,0
2026-04-09T06:17:04.530Z,Global,All Time,-,-,-,0,0,0
2026-04-09T06:17:04.530Z,Japanese,Now,-,-,-,0,0,0
2026-04-09T06:17:04.530Z,Japanese,Weekly,coban3137,413d7a37-0488-402b-9eff-e6129ed0b8f4,水脈,3,1794,371
2026-04-09T06:17:04.530Z,Japanese,Weekly,darari_nu,54bef081-c311-4055-8f73-a19633b60a74,鬼灯,5,1095,257
2026-04-09T06:17:04.530Z,Japanese,Monthly,coban3137,79cf91bc-167e-481f-9a49-b581919560c4,BINARY,13,5634,715
2026-04-09T06:17:04.530Z,Japanese,All Time,-,-,-,0,0,0
2026-04-09T08:15:21.737Z,Global,Now,-,-,-,0,0,0
2026-04-09T08:15:21.737Z,Global,Weekly,coban3137,413d7a37-0488-402b-9eff-e6129ed0b8f4,水脈,22,1794,372
2026-04-09T08:15:21.737Z,Global,Monthly,-,-,-,0,0,0
2026-04-09T08:15:21.737Z,Global,All Time,-,-,-,0,0,0
2026-04-09T08:15:21.737Z,Japanese,Now,-,-,-,0,0,0
2026-04-09T08:15:21.737Z,Japanese,Weekly,coban3137,413d7a37-0488-402b-9eff-e6129ed0b8f4,水脈,3,1794,372
2026-04-09T08:15:21.737Z,Japanese,Weekly,darari_nu,54bef081-c311-4055-8f73-a19633b60a74,鬼灯,5,1095,257
2026-04-09T08:15:21.737Z,Japanese,Monthly,coban3137,79cf91bc-167e-481f-9a49-b581919560c4,BINARY,13,5634,715
2026-04-09T08:15:21.737Z,Japanese,All Time,-,-,-,0,0,0
2026-04-09T10:06:30.917Z,Global,Now,-,-,-,0,0,0
2026-04-09T10:06:30.917Z,Global,Weekly,coban3137,413d7a37-0488-402b-9eff-e6129ed0b8f4,水脈,22,1794,372
2026-04-09T10:06:30.917Z,Global,Monthly,-,-,-,0,0,0
2026-04-09T10:06:30.917Z,Global,All Time,-,-,-,0,0,0
2026-04-09T10:06:30.917Z,Japanese,Now,-,-,-,0,0,0
2026-04-09T10:06:30.917Z,Japanese,Weekly,coban3137,413d7a37-0488-402b-9eff-e6129ed0b8f4,水脈,3,1794,372
2026-04-09T10:06:30.917Z,Japanese,Weekly,darari_nu,54bef081-c311-4055-8f73-a19633b60a74,鬼灯,5,1095,257
2026-04-09T10:06:30.917Z,Japanese,Monthly,coban3137,79cf91bc-167e-481f-9a49-b581919560c4,BINARY,13,5634,715
2026-04-09T10:06:30.917Z,Japanese,All Time,-,-,-,0,0,0
2026-04-09T11:49:06.109Z,Global,Now,-,-,-,0,0,0
2026-04-09T11:49:06.109Z,Global,Weekly,coban3137,413d7a37-0488-402b-9eff-e6129ed0b8f4,水脈,22,1794,374
2026-04-09T11:49:06.109Z,Global,Monthly,-,-,-,0,0,0
2026-04-09T11:49:06.109Z,Global,All Time,-,-,-,0,0,0
2026-04-09T11:49:06.109Z,Japanese,Now,-,-,-,0,0,0
2026-04-09T11:49:06.109Z,Japanese,Weekly,coban3137,413d7a37-0488-402b-9eff-e6129ed0b8f4,水脈,3,1794,374
2026-04-09T11:49:06.109Z,Japanese,Weekly,darari_nu,54bef081-c311-4055-8f73-a19633b60a74,鬼灯,5,1095,257
2026-04-09T11:49:06.109Z,Japanese,Monthly,coban3137,79cf91bc-167e-481f-9a49-b581919560c4,BINARY,13,5634,715
2026-04-09T11:49:06.109Z,Japanese,All Time,-,-,-,0,0,0
2026-04-09T13:04:58.301Z,Global,Now,-,-,-,0,0,0
2026-04-09T13:04:58.301Z,Global,Weekly,coban3137,413d7a37-0488-402b-9eff-e6129ed0b8f4,水脈,22,1794,374
2026-04-09T13:04:58.301Z,Global,Monthly,-,-,-,0,0,0
2026-04-09T13:04:58.301Z,Global,All Time,-,-,-,0,0,0
2026-04-09T13:04:58.301Z,Japanese,Now,-,-,-,0,0,0
2026-04-09T13:04:58.301Z,Japanese,Weekly,coban3137,413d7a37-0488-402b-9eff-e6129ed0b8f4,水脈,3,1794,374
2026-04-09T13:04:58.301Z,Japanese,Weekly,darari_nu,54bef081-c311-4055-8f73-a19633b60a74,鬼灯,5,1095,257
2026-04-09T13:04:58.301Z,Japanese,Monthly,coban3137,79cf91bc-167e-481f-9a49-b581919560c4,BINARY,13,5634,715
2026-04-09T13:04:58.301Z,Japanese,All Time,-,-,-,0,0,0
2026-04-09T15:15:48.369Z,Global,Now,-,-,-,0,0,0
2026-04-09T15:15:48.369Z,Global,Weekly,coban3137,413d7a37-0488-402b-9eff-e6129ed0b8f4,水脈,22,1801,374
2026-04-09T15:15:48.369Z,Global,Monthly,-,-,-,0,0,0
2026-04-09T15:15:48.369Z,Global,All Time,-,-,-,0,0,0
2026-04-09T15:15:48.369Z,Japanese,Now,-,-,-,0,0,0
2026-04-09T15:15:48.369Z,Japanese,Weekly,coban3137,413d7a37-0488-402b-9eff-e6129ed0b8f4,水脈,3,1801,374
2026-04-09T15:15:48.369Z,Japanese,Weekly,darari_nu,54bef081-c311-4055-8f73-a19633b60a74,鬼灯,5,1095,258
2026-04-09T15:15:48.369Z,Japanese,Monthly,coban3137,79cf91bc-167e-481f-9a49-b581919560c4,BINARY,13,5634,715
2026-04-09T15:15:48.369Z,Japanese,All Time,-,-,-,0,0,0
2026-04-09T16:59:31.378Z,Global,Now,-,-,-,0,0,0
2026-04-09T16:59:31.378Z,Global,Weekly,coban3137,413d7a37-0488-402b-9eff-e6129ed0b8f4,水脈,22,1819,374
2026-04-09T16:59:31.378Z,Global,Monthly,-,-,-,0,0,0
2026-04-09T16:59:31.378Z,Global,All Time,-,-,-,0,0,0
2026-04-09T16:59:31.378Z,Japanese,Now,-,-,-,0,0,0
2026-04-09T16:59:31.378Z,Japanese,Weekly,coban3137,413d7a37-0488-402b-9eff-e6129ed0b8f4,水脈,3,1819,374
2026-04-09T16:59:31.378Z,Japanese,Weekly,darari_nu,54bef081-c311-4055-8f73-a19633b60a74,鬼灯,5,1095,258
2026-04-09T16:59:31.378Z,Japanese,Monthly,coban3137,79cf91bc-167e-481f-9a49-b581919560c4,BINARY,13,5634,715
2026-04-09T16:59:31.378Z,Japanese,All Time,-,-,-,0,0,0
2026-04-09T18:00:50.012Z,Global,Now,-,-,-,0,0,0
2026-04-09T18:00:50.012Z,Global,Weekly,coban3137,413d7a37-0488-402b-9eff-e6129ed0b8f4,水脈,22,1819,374
2026-04-09T18:00:50.012Z,Global,Monthly,-,-,-,0,0,0
2026-04-09T18:00:50.012Z,Global,All Time,-,-,-,0,0,0
2026-04-09T18:00:50.012Z,Japanese,Now,-,-,-,0,0,0
2026-04-09T18:00:50.012Z,Japanese,Weekly,coban3137,413d7a37-0488-402b-9eff-e6129ed0b8f4,水脈,3,1819,374
2026-04-09T18:00:50.012Z,Japanese,Weekly,darari_nu,54bef081-c311-4055-8f73-a19633b60a74,鬼灯,5,1095,258
2026-04-09T18:00:50.012Z,Japanese,Monthly,coban3137,79cf91bc-167e-481f-9a49-b581919560c4,BINARY,13,5634,715
2026-04-09T18:00:50.012Z,Japanese,All Time,-,-,-,0,0,0
2026-04-09T19:59:46.357Z,Global,Now,-,-,-,0,0,0
2026-04-09T19:59:46.357Z,Global,Weekly,coban3137,413d7a37-0488-402b-9eff-e6129ed0b8f4,水脈,22,1819,374
2026-04-09T19:59:46.357Z,Global,Monthly,-,-,-,0,0,0
2026-04-09T19:59:46.357Z,Global,All Time,-,-,-,0,0,0
2026-04-09T19:59:46.357Z,Japanese,Now,-,-,-,0,0,0
2026-04-09T19:59:46.357Z,Japanese,Weekly,coban3137,413d7a37-0488-402b-9eff-e6129ed0b8f4,水脈,3,1819,374
2026-04-09T19:59:46.357Z,Japanese,Weekly,darari_nu,54bef081-c311-4055-8f73-a19633b60a74,鬼灯,5,1095,258
2026-04-09T19:59:46.357Z,Japanese,Monthly,coban3137,79cf91bc-167e-481f-9a49-b581919560c4,BINARY,13,5634,715
2026-04-09T19:59:46.357Z,Japanese,All Time,-,-,-,0,0,0
2026-04-09T20:56:37.150Z,Global,Now,-,-,-,0,0,0
2026-04-09T20:56:37.150Z,Global,Weekly,coban3137,413d7a37-0488-402b-9eff-e6129ed0b8f4,水脈,22,1819,375
2026-04-09T20:56:37.150Z,Global,Monthly,-,-,-,0,0,0
2026-04-09T20:56:37.150Z,Global,All Time,-,-,-,0,0,0
2026-04-09T20:56:37.150Z,Japanese,Now,-,-,-,0,0,0
2026-04-09T20:56:37.150Z,Japanese,Weekly,coban3137,413d7a37-0488-402b-9eff-e6129ed0b8f4,水脈,3,1819,375
2026-04-09T20:56:37.150Z,Japanese,Weekly,darari_nu,54bef081-c311-4055-8f73-a19633b60a74,鬼灯,5,1095,258
2026-04-09T20:56:37.150Z,Japanese,Monthly,coban3137,79cf91bc-167e-481f-9a49-b581919560c4,BINARY,13,5634,715
2026-04-09T20:56:37.150Z,Japanese,All Time,-,-,-,0,0,0
2026-04-09T21:41:34.960Z,Global,Now,-,-,-,0,0,0
2026-04-09T21:41:34.960Z,Global,Weekly,coban3137,413d7a37-0488-402b-9eff-e6129ed0b8f4,水脈,22,1819,375
2026-04-09T21:41:34.960Z,Global,Monthly,-,-,-,0,0,0
2026-04-09T21:41:34.960Z,Global,All Time,-,-,-,0,0,0
2026-04-09T21:41:34.960Z,Japanese,Now,-,-,-,0,0,0
2026-04-09T21:41:34.960Z,Japanese,Weekly,coban3137,413d7a37-0488-402b-9eff-e6129ed0b8f4,水脈,3,1819,375
2026-04-09T21:41:34.960Z,Japanese,Weekly,darari_nu,54bef081-c311-4055-8f73-a19633b60a74,鬼灯,5,1095,258
2026-04-09T21:41:34.960Z,Japanese,Monthly,coban3137,79cf91bc-167e-481f-9a49-b581919560c4,BINARY,13,5634,715
2026-04-09T21:41:34.960Z,Japanese,All Time,-,-,-,0,0,0
2026-04-09T22:34:16.366Z,Global,Now,-,-,-,0,0,0
2026-04-09T22:34:16.366Z,Global,Weekly,coban3137,413d7a37-0488-402b-9eff-e6129ed0b8f4,水脈,22,1819,375
2026-04-09T22:34:16.366Z,Global,Monthly,-,-,-,0,0,0
2026-04-09T22:34:16.366Z,Global,All Time,-,-,-,0,0,0
2026-04-09T22:34:16.366Z,Japanese,Now,-,-,-,0,0,0
2026-04-09T22:34:16.366Z,Japanese,Weekly,coban3137,413d7a37-0488-402b-9eff-e6129ed0b8f4,水脈,3,1819,375
2026-04-09T22:34:16.366Z,Japanese,Weekly,darari_nu,54bef081-c311-4055-8f73-a19633b60a74,鬼灯,5,1095,258
2026-04-09T22:34:16.366Z,Japanese,Monthly,coban3137,79cf91bc-167e-481f-9a49-b581919560c4,BINARY,13,5634,715
2026-04-09T22:34:16.366Z,Japanese,All Time,-,-,-,0,0,0
2026-04-09T23:38:24.464Z,Global,Now,-,-,-,0,0,0
2026-04-09T23:38:24.464Z,Global,Weekly,coban3137,413d7a37-0488-402b-9eff-e6129ed0b8f4,水脈,22,1819,375
2026-04-09T23:38:24.464Z,Global,Monthly,-,-,-,0,0,0
2026-04-09T23:38:24.464Z,Global,All Time,-,-,-,0,0,0
2026-04-09T23:38:24.464Z,Japanese,Now,-,-,-,0,0,0
2026-04-09T23:38:24.464Z,Japanese,Weekly,coban3137,413d7a37-0488-402b-9eff-e6129ed0b8f4,水脈,3,1819,375
2026-04-09T23:38:24.464Z,Japanese,Weekly,darari_nu,54bef081-c311-4055-8f73-a19633b60a74,鬼灯,5,1095,258
2026-04-09T23:38:24.464Z,Japanese,Monthly,coban3137,79cf91bc-167e-481f-9a49-b581919560c4,BINARY,13,5634,715
2026-04-09T23:38:24.464Z,Japanese,All Time,-,-,-,0,0,0
2026-04-10T01:49:23.664Z,Global,Now,-,-,-,0,0,0
2026-04-10T01:49:23.664Z,Global,Weekly,-,-,-,0,0,0
2026-04-10T01:49:23.664Z,Global,Monthly,-,-,-,0,0,0
2026-04-10T01:49:23.664Z,Global,All Time,-,-,-,0,0,0
2026-04-10T01:49:23.664Z,Japanese,Now,-,-,-,0,0,0
2026-04-10T01:49:23.664Z,Japanese,Weekly,-,-,-,0,0,0
2026-04-10T01:49:23.664Z,Japanese,Monthly,coban3137,79cf91bc-167e-481f-9a49-b581919560c4,BINARY,13,5634,715
2026-04-10T01:49:23.664Z,Japanese,All Time,-,-,-,0,0,0
2026-04-10T04:41:50.996Z,Global,Now,-,-,-,0,0,0
2026-04-10T04:41:50.996Z,Global,Weekly,-,-,-,0,0,0
2026-04-10T04:41:50.996Z,Global,Monthly,-,-,-,0,0,0
2026-04-10T04:41:50.996Z,Global,All Time,-,-,-,0,0,0
2026-04-10T04:41:50.996Z,Japanese,Now,-,-,-,0,0,0
2026-04-10T04:41:50.996Z,Japanese,Weekly,-,-,-,0,0,0
2026-04-10T04:41:50.996Z,Japanese,Monthly,coban3137,79cf91bc-167e-481f-9a49-b581919560c4,BINARY,13,5634,715
2026-04-10T04:41:50.996Z,Japanese,All Time,-,-,-,0,0,0
2026-04-10T06:33:21.189Z,Global,Now,-,-,-,0,0,0
2026-04-10T06:33:21.189Z,Global,Weekly,-,-,-,0,0,0
2026-04-10T06:33:21.189Z,Global,Monthly,-,-,-,0,0,0
2026-04-10T06:33:21.189Z,Global,All Time,-,-,-,0,0,0
2026-04-10T06:33:21.189Z,Japanese,Now,-,-,-,0,0,0
2026-04-10T06:33:21.189Z,Japanese,Weekly,-,-,-,0,0,0
2026-04-10T06:33:21.189Z,Japanese,Monthly,coban3137,79cf91bc-167e-481f-9a49-b581919560c4,BINARY,13,5634,715
2026-04-10T06:33:21.189Z,Japanese,All Time,-,-,-,0,0,0
2026-04-10T08:18:17.196Z,Global,Now,-,-,-,0,0,0
2026-04-10T08:18:17.196Z,Global,Weekly,-,-,-,0,0,0
2026-04-10T08:18:17.196Z,Global,Monthly,-,-,-,0,0,0
2026-04-10T08:18:17.196Z,Global,All Time,-,-,-,0,0,0
2026-04-10T08:18:17.196Z,Japanese,Now,-,-,-,0,0,0
2026-04-10T08:18:17.196Z,Japanese,Weekly,-,-,-,0,0,0
2026-04-10T08:18:17.196Z,Japanese,Monthly,coban3137,79cf91bc-167e-481f-9a49-b581919560c4,BINARY,13,5634,715
2026-04-10T08:18:17.196Z,Japanese,All Time,-,-,-,0,0,0
2026-04-10T10:03:06.723Z,Global,Now,-,-,-,0,0,0
2026-04-10T10:03:06.723Z,Global,Weekly,-,-,-,0,0,0
2026-04-10T10:03:06.723Z,Global,Monthly,-,-,-,0,0,0
2026-04-10T10:03:06.723Z,Global,All Time,-,-,-,0,0,0
2026-04-10T10:03:06.723Z,Japanese,Now,-,-,-,0,0,0
2026-04-10T10:03:06.723Z,Japanese,Weekly,-,-,-,0,0,0
2026-04-10T10:03:06.723Z,Japanese,Monthly,coban3137,79cf91bc-167e-481f-9a49-b581919560c4,BINARY,13,5634,715
2026-04-10T10:03:06.723Z,Japanese,All Time,-,-,-,0,0,0
2026-04-10T11:41:49.311Z,Global,Now,-,-,-,0,0,0
2026-04-10T11:41:49.311Z,Global,Weekly,-,-,-,0,0,0
2026-04-10T11:41:49.311Z,Global,Monthly,-,-,-,0,0,0
2026-04-10T11:41:49.311Z,Global,All Time,-,-,-,0,0,0
2026-04-10T11:41:49.311Z,Japanese,Now,-,-,-,0,0,0
2026-04-10T11:41:49.311Z,Japanese,Weekly,-,-,-,0,0,0
2026-04-10T11:41:49.311Z,Japanese,Monthly,coban3137,79cf91bc-167e-481f-9a49-b581919560c4,BINARY,13,5634,715
2026-04-10T11:41:49.311Z,Japanese,All Time,-,-,-,0,0,0
2026-04-10T12:52:28.354Z,Global,Now,-,-,-,0,0,0
2026-04-10T12:52:28.354Z,Global,Weekly,-,-,-,0,0,0
2026-04-10T12:52:28.354Z,Global,Monthly,-,-,-,0,0,0
2026-04-10T12:52:28.354Z,Global,All Time,-,-,-,0,0,0
2026-04-10T12:52:28.354Z,Japanese,Now,-,-,-,0,0,0
2026-04-10T12:52:28.354Z,Japanese,Weekly,-,-,-,0,0,0
2026-04-10T12:52:28.354Z,Japanese,Monthly,coban3137,79cf91bc-167e-481f-9a49-b581919560c4,BINARY,13,5634,715
2026-04-10T12:52:28.354Z,Japanese,All Time,-,-,-,0,0,0
2026-04-10T14:14:07.047Z,Global,Now,-,-,-,0,0,0
2026-04-10T14:14:07.047Z,Global,Weekly,-,-,-,0,0,0
2026-04-10T14:14:07.047Z,Global,Monthly,-,-,-,0,0,0
2026-04-10T14:14:07.047Z,Global,All Time,-,-,-,0,0,0
2026-04-10T14:14:07.047Z,Japanese,Now,-,-,-,0,0,0
2026-04-10T14:14:07.047Z,Japanese,Weekly,-,-,-,0,0,0
2026-04-10T14:14:07.047Z,Japanese,Monthly,coban3137,79cf91bc-167e-481f-9a49-b581919560c4,BINARY,13,5634,715
2026-04-10T14:14:07.047Z,Japanese,All Time,-,-,-,0,0,0
2026-04-10T15:43:24.078Z,Global,Now,-,-,-,0,0,0
2026-04-10T15:43:24.078Z,Global,Weekly,-,-,-,0,0,0
2026-04-10T15:43:24.078Z,Global,Monthly,-,-,-,0,0,0
2026-04-10T15:43:24.078Z,Global,All Time,-,-,-,0,0,0
2026-04-10T15:43:24.078Z,Japanese,Now,-,-,-,0,0,0
2026-04-10T15:43:24.078Z,Japanese,Weekly,-,-,-,0,0,0
2026-04-10T15:43:24.078Z,Japanese,Monthly,coban3137,79cf91bc-167e-481f-9a49-b581919560c4,BINARY,13,5634,715
2026-04-10T15:43:24.078Z,Japanese,All Time,-,-,-,0,0,0
2026-04-10T16:42:22.131Z,Global,Now,-,-,-,0,0,0
2026-04-10T16:42:22.131Z,Global,Weekly,-,-,-,0,0,0
2026-04-10T16:42:22.131Z,Global,Monthly,-,-,-,0,0,0
2026-04-10T16:42:22.131Z,Global,All Time,-,-,-,0,0,0
2026-04-10T16:42:22.131Z,Japanese,Now,-,-,-,0,0,0
2026-04-10T16:42:22.131Z,Japanese,Weekly,-,-,-,0,0,0
2026-04-10T16:42:22.131Z,Japanese,Monthly,coban3137,79cf91bc-167e-481f-9a49-b581919560c4,BINARY,13,5634,715
2026-04-10T16:42:22.131Z,Japanese,All Time,-,-,-,0,0,0
2026-04-10T17:41:59.867Z,Global,Now,-,-,-,0,0,0
2026-04-10T17:41:59.867Z,Global,Weekly,-,-,-,0,0,0
2026-04-10T17:41:59.867Z,Global,Monthly,-,-,-,0,0,0
2026-04-10T17:41:59.867Z,Global,All Time,-,-,-,0,0,0
2026-04-10T17:41:59.867Z,Japanese,Now,-,-,-,0,0,0
2026-04-10T17:41:59.867Z,Japanese,Weekly,-,-,-,0,0,0
2026-04-10T17:41:59.867Z,Japanese,Monthly,coban3137,79cf91bc-167e-481f-9a49-b581919560c4,BINARY,13,5634,715
2026-04-10T17:41:59.867Z,Japanese,All Time,-,-,-,0,0,0
2026-04-10T18:41:43.608Z,Global,Now,-,-,-,0,0,0
2026-04-10T18:41:43.608Z,Global,Weekly,-,-,-,0,0,0
2026-04-10T18:41:43.608Z,Global,Monthly,-,-,-,0,0,0
2026-04-10T18:41:43.608Z,Global,All Time,-,-,-,0,0,0
2026-04-10T18:41:43.608Z,Japanese,Now,-,-,-,0,0,0
2026-04-10T18:41:43.608Z,Japanese,Weekly,-,-,-,0,0,0
2026-04-10T18:41:43.608Z,Japanese,Monthly,coban3137,79cf91bc-167e-481f-9a49-b581919560c4,BINARY,13,5634,715
2026-04-10T18:41:43.608Z,Japanese,All Time,-,-,-,0,0,0
2026-04-10T19:48:05.394Z,Global,Now,-,-,-,0,0,0
2026-04-10T19:48:05.394Z,Global,Weekly,-,-,-,0,0,0
2026-04-10T19:48:05.394Z,Global,Monthly,-,-,-,0,0,0
2026-04-10T19:48:05.394Z,Global,All Time,-,-,-,0,0,0
2026-04-10T19:48:05.394Z,Japanese,Now,-,-,-,0,0,0
2026-04-10T19:48:05.394Z,Japanese,Weekly,-,-,-,0,0,0
2026-04-10T19:48:05.394Z,Japanese,Monthly,coban3137,79cf91bc-167e-481f-9a49-b581919560c4,BINARY,13,5634,715
2026-04-10T19:48:05.394Z,Japanese,All Time,-,-,-,0,0,0
2026-04-10T20:27:53.965Z,Global,Now,-,-,-,0,0,0
2026-04-10T20:27:53.965Z,Global,Weekly,-,-,-,0,0,0
2026-04-10T20:27:53.965Z,Global,Monthly,-,-,-,0,0,0
2026-04-10T20:27:53.965Z,Global,All Time,-,-,-,0,0,0
2026-04-10T20:27:53.965Z,Japanese,Now,-,-,-,0,0,0
2026-04-10T20:27:53.965Z,Japanese,Weekly,-,-,-,0,0,0
2026-04-10T20:27:53.965Z,Japanese,Monthly,coban3137,79cf91bc-167e-481f-9a49-b581919560c4,BINARY,13,5634,715
2026-04-10T20:27:53.965Z,Japanese,All Time,-,-,-,0,0,0
2026-04-10T21:31:02.076Z,Global,Now,-,-,-,0,0,0
2026-04-10T21:31:02.076Z,Global,Weekly,-,-,-,0,0,0
2026-04-10T21:31:02.076Z,Global,Monthly,-,-,-,0,0,0
2026-04-10T21:31:02.076Z,Global,All Time,-,-,-,0,0,0
2026-04-10T21:31:02.076Z,Japanese,Now,-,-,-,0,0,0
2026-04-10T21:31:02.076Z,Japanese,Weekly,-,-,-,0,0,0
2026-04-10T21:31:02.076Z,Japanese,Monthly,coban3137,79cf91bc-167e-481f-9a49-b581919560c4,BINARY,13,5634,715
2026-04-10T21:31:02.076Z,Japanese,All Time,-,-,-,0,0,0
2026-04-10T22:35:57.509Z,Global,Now,-,-,-,0,0,0
2026-04-10T22:35:57.509Z,Global,Weekly,-,-,-,0,0,0
2026-04-10T22:35:57.509Z,Global,Monthly,-,-,-,0,0,0
2026-04-10T22:35:57.509Z,Global,All Time,-,-,-,0,0,0
2026-04-10T22:35:57.509Z,Japanese,Now,-,-,-,0,0,0
2026-04-10T22:35:57.509Z,Japanese,Weekly,-,-,-,0,0,0
2026-04-10T22:35:57.509Z,Japanese,Monthly,coban3137,79cf91bc-167e-481f-9a49-b581919560c4,BINARY,13,5634,715
2026-04-10T22:35:57.509Z,Japanese,All Time,-,-,-,0,0,0
2026-04-10T23:28:42.593Z,Global,Now,-,-,-,0,0,0
2026-04-10T23:28:42.593Z,Global,Weekly,-,-,-,0,0,0
2026-04-10T23:28:42.593Z,Global,Monthly,-,-,-,0,0,0
2026-04-10T23:28:42.593Z,Global,All Time,-,-,-,0,0,0
2026-04-10T23:28:42.593Z,Japanese,Now,-,-,-,0,0,0
2026-04-10T23:28:42.593Z,Japanese,Weekly,-,-,-,0,0,0
2026-04-10T23:28:42.593Z,Japanese,Monthly,coban3137,79cf91bc-167e-481f-9a49-b581919560c4,BINARY,13,5634,715
2026-04-10T23:28:42.593Z,Japanese,All Time,-,-,-,0,0,0
2026-04-11T01:27:32.269Z,Global,Now,-,-,-,0,0,0
2026-04-11T01:27:32.269Z,Global,Weekly,coban3137,fae74bfb-66b9-4f40-b613-2764eddb6661,Turtleneck,29,1197,236
2026-04-11T01:27:32.269Z,Global,Monthly,-,-,-,0,0,0
2026-04-11T01:27:32.269Z,Global,All Time,-,-,-,0,0,0
2026-04-11T01:27:32.269Z,Japanese,Now,-,-,-,0,0,0
2026-04-11T01:27:32.269Z,Japanese,Weekly,-,-,-,0,0,0
2026-04-11T01:27:32.269Z,Japanese,Monthly,coban3137,79cf91bc-167e-481f-9a49-b581919560c4,BINARY,13,5634,715
2026-04-11T01:27:32.269Z,Japanese,All Time,-,-,-,0,0,0
2026-04-11T04:14:46.707Z,Global,Now,-,-,-,0,0,0
2026-04-11T04:14:46.707Z,Global,Weekly,coban3137,fae74bfb-66b9-4f40-b613-2764eddb6661,Turtleneck,29,1197,236
2026-04-11T04:14:46.707Z,Global,Monthly,-,-,-,0,0,0
2026-04-11T04:14:46.707Z,Global,All Time,-,-,-,0,0,0
2026-04-11T04:14:46.707Z,Japanese,Now,-,-,-,0,0,0
2026-04-11T04:14:46.707Z,Japanese,Weekly,-,-,-,0,0,0
2026-04-11T04:14:46.707Z,Japanese,Monthly,coban3137,79cf91bc-167e-481f-9a49-b581919560c4,BINARY,13,5634,715
2026-04-11T04:14:46.707Z,Japanese,All Time,-,-,-,0,0,0
2026-04-11T05:55:40.890Z,Global,Now,-,-,-,0,0,0
2026-04-11T05:55:40.890Z,Global,Weekly,coban3137,fae74bfb-66b9-4f40-b613-2764eddb6661,Turtleneck,29,1197,237
2026-04-11T05:55:40.890Z,Global,Monthly,-,-,-,0,0,0
2026-04-11T05:55:40.890Z,Global,All Time,-,-,-,0,0,0
2026-04-11T05:55:40.890Z,Japanese,Now,-,-,-,0,0,0
2026-04-11T05:55:40.890Z,Japanese,Weekly,-,-,-,0,0,0
2026-04-11T05:55:40.890Z,Japanese,Monthly,coban3137,79cf91bc-167e-481f-9a49-b581919560c4,BINARY,13,5634,715
2026-04-11T05:55:40.890Z,Japanese,All Time,-,-,-,0,0,0
2026-04-11T06:53:04.453Z,Global,Now,-,-,-,0,0,0
2026-04-11T06:53:04.453Z,Global,Weekly,coban3137,fae74bfb-66b9-4f40-b613-2764eddb6661,Turtleneck,29,1197,237
2026-04-11T06:53:04.453Z,Global,Monthly,-,-,-,0,0,0
2026-04-11T06:53:04.453Z,Global,All Time,-,-,-,0,0,0
2026-04-11T06:53:04.453Z,Japanese,Now,-,-,-,0,0,0
2026-04-11T06:53:04.453Z,Japanese,Weekly,-,-,-,0,0,0
2026-04-11T06:53:04.453Z,Japanese,Monthly,coban3137,79cf91bc-167e-481f-9a49-b581919560c4,BINARY,13,5634,715
2026-04-11T06:53:04.453Z,Japanese,All Time,-,-,-,0,0,0
2026-04-11T07:45:22.680Z,Global,Now,-,-,-,0,0,0
2026-04-11T07:45:22.680Z,Global,Weekly,coban3137,fae74bfb-66b9-4f40-b613-2764eddb6661,Turtleneck,29,1197,238
2026-04-11T07:45:22.680Z,Global,Monthly,-,-,-,0,0,0
2026-04-11T07:45:22.680Z,Global,All Time,-,-,-,0,0,0
2026-04-11T07:45:22.680Z,Japanese,Now,-,-,-,0,0,0
2026-04-11T07:45:22.680Z,Japanese,Weekly,-,-,-,0,0,0
2026-04-11T07:45:22.680Z,Japanese,Monthly,coban3137,79cf91bc-167e-481f-9a49-b581919560c4,BINARY,13,5634,715
2026-04-11T07:45:22.680Z,Japanese,All Time,-,-,-,0,0,0
2026-04-11T08:34:17.921Z,Global,Now,-,-,-,0,0,0
2026-04-11T08:34:17.921Z,Global,Weekly,coban3137,fae74bfb-66b9-4f40-b613-2764eddb6661,Turtleneck,29,1197,238
2026-04-11T08:34:17.921Z,Global,Monthly,-,-,-,0,0,0
2026-04-11T08:34:17.921Z,Global,All Time,-,-,-,0,0,0
2026-04-11T08:34:17.921Z,Japanese,Now,-,-,-,0,0,0
2026-04-11T08:34:17.921Z,Japanese,Weekly,-,-,-,0,0,0
2026-04-11T08:34:17.921Z,Japanese,Monthly,coban3137,79cf91bc-167e-481f-9a49-b581919560c4,BINARY,13,5634,715
2026-04-11T08:34:17.921Z,Japanese,All Time,-,-,-,0,0,0
2026-04-11T09:33:21.745Z,Global,Now,-,-,-,0,0,0
2026-04-11T09:33:21.745Z,Global,Weekly,coban3137,fae74bfb-66b9-4f40-b613-2764eddb6661,Turtleneck,29,1197,238
2026-04-11T09:33:21.745Z,Global,Monthly,-,-,-,0,0,0
2026-04-11T09:33:21.745Z,Global,All Time,-,-,-,0,0,0
2026-04-11T09:33:21.745Z,Japanese,Now,-,-,-,0,0,0
2026-04-11T09:33:21.745Z,Japanese,Weekly,-,-,-,0,0,0
2026-04-11T09:33:21.745Z,Japanese,Monthly,coban3137,79cf91bc-167e-481f-9a49-b581919560c4,BINARY,13,5634,715
2026-04-11T09:33:21.745Z,Japanese,All Time,-,-,-,0,0,0
2026-04-11T10:26:57.302Z,Global,Now,-,-,-,0,0,0
2026-04-11T10:26:57.302Z,Global,Weekly,coban3137,fae74bfb-66b9-4f40-b613-2764eddb6661,Turtleneck,29,1197,239
2026-04-11T10:26:57.302Z,Global,Monthly,-,-,-,0,0,0
2026-04-11T10:26:57.302Z,Global,All Time,-,-,-,0,0,0
2026-04-11T10:26:57.302Z,Japanese,Now,-,-,-,0,0,0
2026-04-11T10:26:57.302Z,Japanese,Weekly,-,-,-,0,0,0
2026-04-11T10:26:57.302Z,Japanese,Monthly,coban3137,79cf91bc-167e-481f-9a49-b581919560c4,BINARY,13,5634,715
2026-04-11T10:26:57.302Z,Japanese,All Time,-,-,-,0,0,0
2026-04-11T11:24:47.944Z,Global,Now,-,-,-,0,0,0
2026-04-11T11:24:47.944Z,Global,Weekly,coban3137,fae74bfb-66b9-4f40-b613-2764eddb6661,Turtleneck,29,1197,239
2026-04-11T11:24:47.944Z,Global,Monthly,-,-,-,0,0,0
2026-04-11T11:24:47.944Z,Global,All Time,-,-,-,0,0,0
2026-04-11T11:24:47.944Z,Japanese,Now,-,-,-,0,0,0
2026-04-11T11:24:47.944Z,Japanese,Weekly,-,-,-,0,0,0
2026-04-11T11:24:47.944Z,Japanese,Monthly,coban3137,79cf91bc-167e-481f-9a49-b581919560c4,BINARY,13,5634,715
2026-04-11T11:24:47.944Z,Japanese,All Time,-,-,-,0,0,0
2026-04-11T12:39:28.476Z,Global,Now,-,-,-,0,0,0
2026-04-11T12:39:28.476Z,Global,Weekly,coban3137,fae74bfb-66b9-4f40-b613-2764eddb6661,Turtleneck,29,1197,239
2026-04-11T12:39:28.476Z,Global,Monthly,-,-,-,0,0,0
2026-04-11T12:39:28.476Z,Global,All Time,-,-,-,0,0,0
2026-04-11T12:39:28.476Z,Japanese,Now,-,-,-,0,0,0
2026-04-11T12:39:28.476Z,Japanese,Weekly,-,-,-,0,0,0
2026-04-11T12:39:28.476Z,Japanese,Monthly,coban3137,79cf91bc-167e-481f-9a49-b581919560c4,BINARY,13,5634,715
2026-04-11T12:39:28.476Z,Japanese,All Time,-,-,-,0,0,0
2026-04-11T13:50:29.316Z,Global,Now,-,-,-,0,0,0
2026-04-11T13:50:29.316Z,Global,Weekly,coban3137,fae74bfb-66b9-4f40-b613-2764eddb6661,Turtleneck,29,1197,239
2026-04-11T13:50:29.316Z,Global,Monthly,-,-,-,0,0,0
2026-04-11T13:50:29.316Z,Global,All Time,-,-,-,0,0,0
2026-04-11T13:50:29.316Z,Japanese,Now,-,-,-,0,0,0
2026-04-11T13:50:29.316Z,Japanese,Weekly,-,-,-,0,0,0
2026-04-11T13:50:29.316Z,Japanese,Monthly,coban3137,79cf91bc-167e-481f-9a49-b581919560c4,BINARY,13,5634,715
2026-04-11T13:50:29.316Z,Japanese,All Time,-,-,-,0,0,0
2026-04-11T14:31:01.736Z,Global,Now,-,-,-,0,0,0
2026-04-11T14:31:01.736Z,Global,Weekly,coban3137,fae74bfb-66b9-4f40-b613-2764eddb6661,Turtleneck,29,1197,239
2026-04-11T14:31:01.736Z,Global,Monthly,-,-,-,0,0,0
2026-04-11T14:31:01.736Z,Global,All Time,-,-,-,0,0,0
2026-04-11T14:31:01.736Z,Japanese,Now,-,-,-,0,0,0
2026-04-11T14:31:01.736Z,Japanese,Weekly,-,-,-,0,0,0
2026-04-11T14:31:01.736Z,Japanese,Monthly,coban3137,79cf91bc-167e-481f-9a49-b581919560c4,BINARY,13,5634,715
2026-04-11T14:31:01.736Z,Japanese,All Time,-,-,-,0,0,0
2026-04-11T15:26:46.427Z,Global,Now,-,-,-,0,0,0
2026-04-11T15:26:46.427Z,Global,Weekly,coban3137,fae74bfb-66b9-4f40-b613-2764eddb6661,Turtleneck,29,1197,240
2026-04-11T15:26:46.427Z,Global,Monthly,-,-,-,0,0,0
2026-04-11T15:26:46.427Z,Global,All Time,-,-,-,0,0,0
2026-04-11T15:26:46.427Z,Japanese,Now,-,-,-,0,0,0
2026-04-11T15:26:46.427Z,Japanese,Weekly,-,-,-,0,0,0
2026-04-11T15:26:46.427Z,Japanese,Monthly,coban3137,79cf91bc-167e-481f-9a49-b581919560c4,BINARY,13,5634,715
2026-04-11T15:26:46.427Z,Japanese,All Time,-,-,-,0,0,0
2026-04-11T16:28:16.242Z,Global,Now,-,-,-,0,0,0
2026-04-11T16:28:16.242Z,Global,Weekly,coban3137,fae74bfb-66b9-4f40-b613-2764eddb6661,Turtleneck,29,1197,240
2026-04-11T16:28:16.242Z,Global,Monthly,-,-,-,0,0,0
2026-04-11T16:28:16.242Z,Global,All Time,-,-,-,0,0,0
2026-04-11T16:28:16.242Z,Japanese,Now,-,-,-,0,0,0
2026-04-11T16:28:16.242Z,Japanese,Weekly,-,-,-,0,0,0
2026-04-11T16:28:16.242Z,Japanese,Monthly,coban3137,79cf91bc-167e-481f-9a49-b581919560c4,BINARY,13,5634,715
2026-04-11T16:28:16.242Z,Japanese,All Time,-,-,-,0,0,0
2026-04-11T17:25:26.273Z,Global,Now,-,-,-,0,0,0
2026-04-11T17:25:26.273Z,Global,Weekly,coban3137,fae74bfb-66b9-4f40-b613-2764eddb6661,Turtleneck,29,1197,241
2026-04-11T17:25:26.273Z,Global,Monthly,-,-,-,0,0,0
2026-04-11T17:25:26.273Z,Global,All Time,-,-,-,0,0,0
2026-04-11T17:25:26.273Z,Japanese,Now,-,-,-,0,0,0
2026-04-11T17:25:26.273Z,Japanese,Weekly,-,-,-,0,0,0
2026-04-11T17:25:26.273Z,Japanese,Monthly,coban3137,79cf91bc-167e-481f-9a49-b581919560c4,BINARY,13,5634,715
2026-04-11T17:25:26.273Z,Japanese,All Time,-,-,-,0,0,0
2026-04-11T18:33:27.270Z,Global,Now,-,-,-,0,0,0
2026-04-11T18:33:27.270Z,Global,Weekly,coban3137,fae74bfb-66b9-4f40-b613-2764eddb6661,Turtleneck,29,1197,242
2026-04-11T18:33:27.270Z,Global,Monthly,-,-,-,0,0,0
2026-04-11T18:33:27.270Z,Global,All Time,-,-,-,0,0,0
2026-04-11T18:33:27.270Z,Japanese,Now,-,-,-,0,0,0
2026-04-11T18:33:27.270Z,Japanese,Weekly,-,-,-,0,0,0
2026-04-11T18:33:27.270Z,Japanese,Monthly,coban3137,79cf91bc-167e-481f-9a49-b581919560c4,BINARY,13,5634,715
2026-04-11T18:33:27.270Z,Japanese,All Time,-,-,-,0,0,0
2026-04-11T19:30:18.915Z,Global,Now,-,-,-,0,0,0
2026-04-11T19:30:18.915Z,Global,Weekly,coban3137,fae74bfb-66b9-4f40-b613-2764eddb6661,Turtleneck,29,1197,242
2026-04-11T19:30:18.915Z,Global,Monthly,-,-,-,0,0,0
2026-04-11T19:30:18.915Z,Global,All Time,-,-,-,0,0,0
2026-04-11T19:30:18.915Z,Japanese,Now,-,-,-,0,0,0
2026-04-11T19:30:18.915Z,Japanese,Weekly,-,-,-,0,0,0
2026-04-11T19:30:18.915Z,Japanese,Monthly,coban3137,79cf91bc-167e-481f-9a49-b581919560c4,BINARY,13,5634,715
2026-04-11T19:30:18.915Z,Japanese,All Time,-,-,-,0,0,0
2026-04-11T20:24:05.920Z,Global,Now,-,-,-,0,0,0
2026-04-11T20:24:05.920Z,Global,Weekly,coban3137,fae74bfb-66b9-4f40-b613-2764eddb6661,Turtleneck,29,1197,243
2026-04-11T20:24:05.920Z,Global,Monthly,-,-,-,0,0,0
2026-04-11T20:24:05.920Z,Global,All Time,-,-,-,0,0,0
2026-04-11T20:24:05.920Z,Japanese,Now,-,-,-,0,0,0
2026-04-11T20:24:05.920Z,Japanese,Weekly,-,-,-,0,0,0
2026-04-11T20:24:05.920Z,Japanese,Monthly,coban3137,79cf91bc-167e-481f-9a49-b581919560c4,BINARY,13,5634,715
2026-04-11T20:24:05.920Z,Japanese,All Time,-,-,-,0,0,0
2026-04-11T21:25:29.865Z,Global,Now,-,-,-,0,0,0
2026-04-11T21:25:29.865Z,Global,Weekly,coban3137,fae74bfb-66b9-4f40-b613-2764eddb6661,Turtleneck,29,1197,243
2026-04-11T21:25:29.865Z,Global,Monthly,-,-,-,0,0,0
2026-04-11T21:25:29.865Z,Global,All Time,-,-,-,0,0,0
2026-04-11T21:25:29.865Z,Japanese,Now,-,-,-,0,0,0
2026-04-11T21:25:29.865Z,Japanese,Weekly,-,-,-,0,0,0
2026-04-11T21:25:29.865Z,Japanese,Monthly,coban3137,79cf91bc-167e-481f-9a49-b581919560c4,BINARY,13,5634,715
2026-04-11T21:25:29.865Z,Japanese,All Time,-,-,-,0,0,0
2026-04-11T22:24:24.567Z,Global,Now,-,-,-,0,0,0
2026-04-11T22:24:24.567Z,Global,Weekly,coban3137,fae74bfb-66b9-4f40-b613-2764eddb6661,Turtleneck,29,1197,243
2026-04-11T22:24:24.567Z,Global,Monthly,-,-,-,0,0,0
2026-04-11T22:24:24.567Z,Global,All Time,-,-,-,0,0,0
2026-04-11T22:24:24.567Z,Japanese,Now,-,-,-,0,0,0
2026-04-11T22:24:24.567Z,Japanese,Weekly,-,-,-,0,0,0
2026-04-11T22:24:24.567Z,Japanese,Monthly,coban3137,79cf91bc-167e-481f-9a49-b581919560c4,BINARY,13,5634,715
2026-04-11T22:24:24.567Z,Japanese,All Time,-,-,-,0,0,0
2026-04-11T23:26:11.798Z,Global,Now,-,-,-,0,0,0
2026-04-11T23:26:11.798Z,Global,Weekly,coban3137,fae74bfb-66b9-4f40-b613-2764eddb6661,Turtleneck,29,1197,244
2026-04-11T23:26:11.798Z,Global,Monthly,-,-,-,0,0,0
2026-04-11T23:26:11.798Z,Global,All Time,-,-,-,0,0,0
2026-04-11T23:26:11.798Z,Japanese,Now,-,-,-,0,0,0
2026-04-11T23:26:11.798Z,Japanese,Weekly,-,-,-,0,0,0
2026-04-11T23:26:11.798Z,Japanese,Monthly,coban3137,79cf91bc-167e-481f-9a49-b581919560c4,BINARY,13,5634,715
2026-04-11T23:26:11.798Z,Japanese,All Time,-,-,-,0,0,0
2026-04-12T01:51:49.863Z,Global,Now,-,-,-,0,0,0
2026-04-12T01:51:49.863Z,Global,Weekly,coban3137,fae74bfb-66b9-4f40-b613-2764eddb6661,Turtleneck,29,1197,244
2026-04-12T01:51:49.863Z,Global,Monthly,-,-,-,0,0,0
2026-04-12T01:51:49.863Z,Global,All Time,-,-,-,0,0,0
2026-04-12T01:51:49.863Z,Japanese,Now,-,-,-,0,0,0
2026-04-12T01:51:49.863Z,Japanese,Weekly,-,-,-,0,0,0
2026-04-12T01:51:49.863Z,Japanese,Monthly,coban3137,79cf91bc-167e-481f-9a49-b581919560c4,BINARY,13,5634,715
2026-04-12T01:51:49.863Z,Japanese,All Time,-,-,-,0,0,0
2026-04-12T04:42:14.783Z,Global,Now,-,-,-,0,0,0
2026-04-12T04:42:14.783Z,Global,Weekly,coban3137,fae74bfb-66b9-4f40-b613-2764eddb6661,Turtleneck,26,1197,244
2026-04-12T04:42:14.783Z,Global,Monthly,-,-,-,0,0,0
2026-04-12T04:42:14.783Z,Global,All Time,-,-,-,0,0,0
2026-04-12T04:42:14.783Z,Japanese,Now,-,-,-,0,0,0
2026-04-12T04:42:14.783Z,Japanese,Weekly,-,-,-,0,0,0
2026-04-12T04:42:14.783Z,Japanese,Monthly,coban3137,79cf91bc-167e-481f-9a49-b581919560c4,BINARY,13,5634,715
2026-04-12T04:42:14.783Z,Japanese,All Time,-,-,-,0,0,0
2026-04-12T06:20:39.069Z,Global,Now,-,-,-,0,0,0
2026-04-12T06:20:39.069Z,Global,Weekly,coban3137,fae74bfb-66b9-4f40-b613-2764eddb6661,Turtleneck,26,1197,244
2026-04-12T06:20:39.069Z,Global,Monthly,-,-,-,0,0,0
2026-04-12T06:20:39.069Z,Global,All Time,-,-,-,0,0,0
2026-04-12T06:20:39.069Z,Japanese,Now,-,-,-,0,0,0
2026-04-12T06:20:39.069Z,Japanese,Weekly,-,-,-,0,0,0
2026-04-12T06:20:39.069Z,Japanese,Monthly,coban3137,79cf91bc-167e-481f-9a49-b581919560c4,BINARY,13,5634,715
2026-04-12T06:20:39.069Z,Japanese,All Time,-,-,-,0,0,0
2026-04-12T07:59:27.868Z,Global,Now,-,-,-,0,0,0
2026-04-12T07:59:27.868Z,Global,Weekly,coban3137,fae74bfb-66b9-4f40-b613-2764eddb6661,Turtleneck,26,1197,244
2026-04-12T07:59:27.868Z,Global,Monthly,-,-,-,0,0,0
2026-04-12T07:59:27.868Z,Global,All Time,-,-,-,0,0,0
2026-04-12T07:59:27.868Z,Japanese,Now,-,-,-,0,0,0
2026-04-12T07:59:27.868Z,Japanese,Weekly,-,-,-,0,0,0
2026-04-12T07:59:27.868Z,Japanese,Monthly,coban3137,79cf91bc-167e-481f-9a49-b581919560c4,BINARY,13,5634,715
2026-04-12T07:59:27.868Z,Japanese,All Time,-,-,-,0,0,0
2026-04-12T08:54:11.379Z,Global,Now,-,-,-,0,0,0
2026-04-12T08:54:11.379Z,Global,Weekly,coban3137,fae74bfb-66b9-4f40-b613-2764eddb6661,Turtleneck,26,1197,244
2026-04-12T08:54:11.379Z,Global,Monthly,-,-,-,0,0,0
2026-04-12T08:54:11.379Z,Global,All Time,-,-,-,0,0,0
2026-04-12T08:54:11.379Z,Japanese,Now,-,-,-,0,0,0
2026-04-12T08:54:11.379Z,Japanese,Weekly,-,-,-,0,0,0
2026-04-12T08:54:11.379Z,Japanese,Monthly,coban3137,79cf91bc-167e-481f-9a49-b581919560c4,BINARY,13,5634,715
2026-04-12T08:54:11.379Z,Japanese,All Time,-,-,-,0,0,0
2026-04-12T09:39:19.984Z,Global,Now,-,-,-,0,0,0
2026-04-12T09:39:19.984Z,Global,Weekly,coban3137,fae74bfb-66b9-4f40-b613-2764eddb6661,Turtleneck,26,1197,245
2026-04-12T09:39:19.984Z,Global,Monthly,-,-,-,0,0,0
2026-04-12T09:39:19.984Z,Global,All Time,-,-,-,0,0,0
2026-04-12T09:39:19.984Z,Japanese,Now,-,-,-,0,0,0
2026-04-12T09:39:19.984Z,Japanese,Weekly,-,-,-,0,0,0
2026-04-12T09:39:19.984Z,Japanese,Monthly,coban3137,79cf91bc-167e-481f-9a49-b581919560c4,BINARY,13,5634,715
2026-04-12T09:39:19.984Z,Japanese,All Time,-,-,-,0,0,0
2026-04-12T10:32:12.433Z,Global,Now,-,-,-,0,0,0
2026-04-12T10:32:12.433Z,Global,Weekly,coban3137,fae74bfb-66b9-4f40-b613-2764eddb6661,Turtleneck,26,1197,245
2026-04-12T10:32:12.433Z,Global,Monthly,-,-,-,0,0,0
2026-04-12T10:32:12.433Z,Global,All Time,-,-,-,0,0,0
2026-04-12T10:32:12.433Z,Japanese,Now,-,-,-,0,0,0
2026-04-12T10:32:12.433Z,Japanese,Weekly,-,-,-,0,0,0
2026-04-12T10:32:12.433Z,Japanese,Monthly,coban3137,79cf91bc-167e-481f-9a49-b581919560c4,BINARY,13,5634,715
2026-04-12T10:32:12.433Z,Japanese,All Time,-,-,-,0,0,0
2026-04-12T11:28:48.064Z,Global,Now,-,-,-,0,0,0
2026-04-12T11:28:48.064Z,Global,Weekly,coban3137,fae74bfb-66b9-4f40-b613-2764eddb6661,Turtleneck,26,1197,245
2026-04-12T11:28:48.064Z,Global,Monthly,-,-,-,0,0,0
2026-04-12T11:28:48.064Z,Global,All Time,-,-,-,0,0,0
2026-04-12T11:28:48.064Z,Japanese,Now,-,-,-,0,0,0
2026-04-12T11:28:48.064Z,Japanese,Weekly,-,-,-,0,0,0
2026-04-12T11:28:48.064Z,Japanese,Monthly,coban3137,79cf91bc-167e-481f-9a49-b581919560c4,BINARY,13,5634,715
2026-04-12T11:28:48.064Z,Japanese,All Time,-,-,-,0,0,0
2026-04-12T12:42:51.940Z,Global,Now,-,-,-,0,0,0
2026-04-12T12:42:51.940Z,Global,Weekly,coban3137,fae74bfb-66b9-4f40-b613-2764eddb6661,Turtleneck,26,1197,246
2026-04-12T12:42:51.940Z,Global,Monthly,-,-,-,0,0,0
2026-04-12T12:42:51.940Z,Global,All Time,-,-,-,0,0,0
2026-04-12T12:42:51.940Z,Japanese,Now,-,-,-,0,0,0
2026-04-12T12:42:51.940Z,Japanese,Weekly,-,-,-,0,0,0
2026-04-12T12:42:51.940Z,Japanese,Monthly,coban3137,79cf91bc-167e-481f-9a49-b581919560c4,BINARY,13,5634,715
2026-04-12T12:42:51.940Z,Japanese,All Time,-,-,-,0,0,0
2026-04-12T13:56:09.326Z,Global,Now,-,-,-,0,0,0
2026-04-12T13:56:09.326Z,Global,Weekly,coban3137,fae74bfb-66b9-4f40-b613-2764eddb6661,Turtleneck,26,1197,246
2026-04-12T13:56:09.326Z,Global,Monthly,-,-,-,0,0,0
2026-04-12T13:56:09.326Z,Global,All Time,-,-,-,0,0,0
2026-04-12T13:56:09.326Z,Japanese,Now,-,-,-,0,0,0
2026-04-12T13:56:09.326Z,Japanese,Weekly,-,-,-,0,0,0
2026-04-12T13:56:09.326Z,Japanese,Monthly,coban3137,79cf91bc-167e-481f-9a49-b581919560c4,BINARY,13,5634,715
2026-04-12T13:56:09.326Z,Japanese,All Time,-,-,-,0,0,0
2026-04-12T14:36:44.086Z,Global,Now,-,-,-,0,0,0
2026-04-12T14:36:44.086Z,Global,Weekly,coban3137,fae74bfb-66b9-4f40-b613-2764eddb6661,Turtleneck,25,1197,246
2026-04-12T14:36:44.086Z,Global,Monthly,-,-,-,0,0,0
2026-04-12T14:36:44.086Z,Global,All Time,-,-,-,0,0,0
2026-04-12T14:36:44.086Z,Japanese,Now,-,-,-,0,0,0
2026-04-12T14:36:44.086Z,Japanese,Weekly,-,-,-,0,0,0
2026-04-12T14:36:44.086Z,Japanese,Monthly,coban3137,79cf91bc-167e-481f-9a49-b581919560c4,BINARY,13,5634,715
2026-04-12T14:36:44.086Z,Japanese,All Time,-,-,-,0,0,0
2026-04-12T15:30:04.673Z,Global,Now,-,-,-,0,0,0
2026-04-12T15:30:04.673Z,Global,Weekly,coban3137,fae74bfb-66b9-4f40-b613-2764eddb6661,Turtleneck,20,1197,246
2026-04-12T15:30:04.673Z,Global,Monthly,-,-,-,0,0,0
2026-04-12T15:30:04.673Z,Global,All Time,-,-,-,0,0,0
2026-04-12T15:30:04.673Z,Japanese,Now,-,-,-,0,0,0
2026-04-12T15:30:04.673Z,Japanese,Weekly,-,-,-,0,0,0
2026-04-12T15:30:04.673Z,Japanese,Monthly,coban3137,79cf91bc-167e-481f-9a49-b581919560c4,BINARY,13,5634,715
2026-04-12T15:30:04.673Z,Japanese,All Time,-,-,-,0,0,0
2026-04-12T16:29:40.824Z,Global,Now,-,-,-,0,0,0
2026-04-12T16:29:40.824Z,Global,Weekly,coban3137,fae74bfb-66b9-4f40-b613-2764eddb6661,Turtleneck,20,1211,248
2026-04-12T16:29:40.824Z,Global,Monthly,-,-,-,0,0,0
2026-04-12T16:29:40.824Z,Global,All Time,-,-,-,0,0,0
2026-04-12T16:29:40.824Z,Japanese,Now,-,-,-,0,0,0
2026-04-12T16:29:40.824Z,Japanese,Weekly,-,-,-,0,0,0
2026-04-12T16:29:40.824Z,Japanese,Monthly,coban3137,79cf91bc-167e-481f-9a49-b581919560c4,BINARY,13,5634,715
2026-04-12T16:29:40.824Z,Japanese,All Time,-,-,-,0,0,0
2026-04-12T17:28:27.629Z,Global,Now,-,-,-,0,0,0
2026-04-12T17:28:27.629Z,Global,Weekly,coban3137,fae74bfb-66b9-4f40-b613-2764eddb6661,Turtleneck,20,1224,249
2026-04-12T17:28:27.629Z,Global,Monthly,-,-,-,0,0,0
2026-04-12T17:28:27.629Z,Global,All Time,-,-,-,0,0,0
2026-04-12T17:28:27.629Z,Japanese,Now,-,-,-,0,0,0
2026-04-12T17:28:27.629Z,Japanese,Weekly,-,-,-,0,0,0
2026-04-12T17:28:27.629Z,Japanese,Monthly,coban3137,79cf91bc-167e-481f-9a49-b581919560c4,BINARY,13,5634,715
2026-04-12T17:28:27.629Z,Japanese,All Time,-,-,-,0,0,0
2026-04-12T18:36:43.398Z,Global,Now,-,-,-,0,0,0
2026-04-12T18:36:43.398Z,Global,Weekly,coban3137,fae74bfb-66b9-4f40-b613-2764eddb6661,Turtleneck,20,1224,250
2026-04-12T18:36:43.398Z,Global,Monthly,-,-,-,0,0,0
2026-04-12T18:36:43.398Z,Global,All Time,-,-,-,0,0,0
2026-04-12T18:36:43.398Z,Japanese,Now,-,-,-,0,0,0
2026-04-12T18:36:43.398Z,Japanese,Weekly,-,-,-,0,0,0
2026-04-12T18:36:43.398Z,Japanese,Monthly,coban3137,79cf91bc-167e-481f-9a49-b581919560c4,BINARY,13,5634,715
2026-04-12T18:36:43.398Z,Japanese,All Time,-,-,-,0,0,0
2026-04-12T19:34:36.422Z,Global,Now,-,-,-,0,0,0
2026-04-12T19:34:36.422Z,Global,Weekly,coban3137,fae74bfb-66b9-4f40-b613-2764eddb6661,Turtleneck,20,1224,250
2026-04-12T19:34:36.422Z,Global,Monthly,-,-,-,0,0,0
2026-04-12T19:34:36.422Z,Global,All Time,-,-,-,0,0,0
2026-04-12T19:34:36.422Z,Japanese,Now,-,-,-,0,0,0
2026-04-12T19:34:36.422Z,Japanese,Weekly,-,-,-,0,0,0
2026-04-12T19:34:36.422Z,Japanese,Monthly,coban3137,79cf91bc-167e-481f-9a49-b581919560c4,BINARY,13,5634,715
2026-04-12T19:34:36.422Z,Japanese,All Time,-,-,-,0,0,0
2026-04-12T20:27:45.243Z,Global,Now,-,-,-,0,0,0
2026-04-12T20:27:45.243Z,Global,Weekly,coban3137,fae74bfb-66b9-4f40-b613-2764eddb6661,Turtleneck,20,1224,250
2026-04-12T20:27:45.243Z,Global,Monthly,-,-,-,0,0,0
2026-04-12T20:27:45.243Z,Global,All Time,-,-,-,0,0,0
2026-04-12T20:27:45.243Z,Japanese,Now,-,-,-,0,0,0
2026-04-12T20:27:45.243Z,Japanese,Weekly,-,-,-,0,0,0
2026-04-12T20:27:45.243Z,Japanese,Monthly,coban3137,79cf91bc-167e-481f-9a49-b581919560c4,BINARY,13,5634,715
2026-04-12T20:27:45.243Z,Japanese,All Time,-,-,-,0,0,0
2026-04-12T21:27:02.489Z,Global,Now,-,-,-,0,0,0
2026-04-12T21:27:02.489Z,Global,Weekly,coban3137,fae74bfb-66b9-4f40-b613-2764eddb6661,Turtleneck,20,1224,250
2026-04-12T21:27:02.489Z,Global,Monthly,-,-,-,0,0,0
2026-04-12T21:27:02.489Z,Global,All Time,-,-,-,0,0,0
2026-04-12T21:27:02.489Z,Japanese,Now,-,-,-,0,0,0
2026-04-12T21:27:02.489Z,Japanese,Weekly,-,-,-,0,0,0
2026-04-12T21:27:02.489Z,Japanese,Monthly,coban3137,79cf91bc-167e-481f-9a49-b581919560c4,BINARY,13,5634,715
2026-04-12T21:27:02.489Z,Japanese,All Time,-,-,-,0,0,0
2026-04-12T22:26:26.199Z,Global,Now,-,-,-,0,0,0
2026-04-12T22:26:26.199Z,Global,Weekly,coban3137,fae74bfb-66b9-4f40-b613-2764eddb6661,Turtleneck,20,1224,250
2026-04-12T22:26:26.199Z,Global,Monthly,-,-,-,0,0,0
2026-04-12T22:26:26.199Z,Global,All Time,-,-,-,0,0,0
2026-04-12T22:26:26.199Z,Japanese,Now,-,-,-,0,0,0
2026-04-12T22:26:26.199Z,Japanese,Weekly,-,-,-,0,0,0
2026-04-12T22:26:26.199Z,Japanese,Monthly,coban3137,79cf91bc-167e-481f-9a49-b581919560c4,BINARY,13,5634,715
2026-04-12T22:26:26.199Z,Japanese,All Time,-,-,-,0,0,0
2026-04-12T23:27:39.976Z,Global,Now,-,-,-,0,0,0
2026-04-12T23:27:39.976Z,Global,Weekly,coban3137,fae74bfb-66b9-4f40-b613-2764eddb6661,Turtleneck,20,1224,250
2026-04-12T23:27:39.976Z,Global,Monthly,-,-,-,0,0,0
2026-04-12T23:27:39.976Z,Global,All Time,-,-,-,0,0,0
2026-04-12T23:27:39.976Z,Japanese,Now,-,-,-,0,0,0
2026-04-12T23:27:39.976Z,Japanese,Weekly,-,-,-,0,0,0
2026-04-12T23:27:39.976Z,Japanese,Monthly,coban3137,79cf91bc-167e-481f-9a49-b581919560c4,BINARY,13,5634,715
2026-04-12T23:27:39.976Z,Japanese,All Time,-,-,-,0,0,0
2026-04-13T01:57:00.161Z,Global,Now,-,-,-,0,0,0
2026-04-13T01:57:00.161Z,Global,Weekly,coban3137,fae74bfb-66b9-4f40-b613-2764eddb6661,Turtleneck,16,1224,250
2026-04-13T01:57:00.161Z,Global,Monthly,-,-,-,0,0,0
2026-04-13T01:57:00.161Z,Global,All Time,-,-,-,0,0,0
2026-04-13T01:57:00.161Z,Japanese,Now,-,-,-,0,0,0
2026-04-13T01:57:00.161Z,Japanese,Weekly,darari_nu,bb8dc65c-a5f6-4399-9aaf-9b9640dbf08c,Beast,18,188,97
2026-04-13T01:57:00.161Z,Japanese,Monthly,coban3137,79cf91bc-167e-481f-9a49-b581919560c4,BINARY,13,5634,716
2026-04-13T01:57:00.161Z,Japanese,All Time,-,-,-,0,0,0
2026-04-13T04:56:00.663Z,Global,Now,darari_nu,bb8dc65c-a5f6-4399-9aaf-9b9640dbf08c,Beast,5,240,130
2026-04-13T04:56:00.663Z,Global,Weekly,coban3137,fae74bfb-66b9-4f40-b613-2764eddb6661,Turtleneck,16,1224,252
2026-04-13T04:56:00.663Z,Global,Monthly,-,-,-,0,0,0
2026-04-13T04:56:00.663Z,Global,All Time,-,-,-,0,0,0
2026-04-13T04:56:00.663Z,Japanese,Now,darari_nu,bb8dc65c-a5f6-4399-9aaf-9b9640dbf08c,Beast,2,240,130
2026-04-13T04:56:00.663Z,Japanese,Weekly,darari_nu,bb8dc65c-a5f6-4399-9aaf-9b9640dbf08c,Beast,18,240,130
2026-04-13T04:56:00.663Z,Japanese,Monthly,coban3137,79cf91bc-167e-481f-9a49-b581919560c4,BINARY,13,5634,716
2026-04-13T04:56:00.663Z,Japanese,All Time,-,-,-,0,0,0
2026-04-13T07:11:30.457Z,Global,Now,darari_nu,bb8dc65c-a5f6-4399-9aaf-9b9640dbf08c,Beast,6,284,152
2026-04-13T07:11:30.457Z,Global,Weekly,coban3137,fae74bfb-66b9-4f40-b613-2764eddb6661,Turtleneck,16,1224,253
2026-04-13T07:11:30.457Z,Global,Monthly,-,-,-,0,0,0
2026-04-13T07:11:30.457Z,Global,All Time,-,-,-,0,0,0
2026-04-13T07:11:30.457Z,Japanese,Now,darari_nu,bb8dc65c-a5f6-4399-9aaf-9b9640dbf08c,Beast,2,284,152
2026-04-13T07:11:30.457Z,Japanese,Weekly,darari_nu,bb8dc65c-a5f6-4399-9aaf-9b9640dbf08c,Beast,18,284,152
2026-04-13T07:11:30.457Z,Japanese,Monthly,coban3137,79cf91bc-167e-481f-9a49-b581919560c4,BINARY,13,5634,716
2026-04-13T07:11:30.457Z,Japanese,All Time,-,-,-,0,0,0
2026-04-13T09:29:53.130Z,Global,Now,darari_nu,bb8dc65c-a5f6-4399-9aaf-9b9640dbf08c,Beast,6,341,172
2026-04-13T09:29:53.130Z,Global,Weekly,coban3137,fae74bfb-66b9-4f40-b613-2764eddb6661,Turtleneck,16,1224,253
2026-04-13T09:29:53.130Z,Global,Monthly,-,-,-,0,0,0
2026-04-13T09:29:53.130Z,Global,All Time,-,-,-,0,0,0
2026-04-13T09:29:53.130Z,Japanese,Now,darari_nu,bb8dc65c-a5f6-4399-9aaf-9b9640dbf08c,Beast,2,341,172
2026-04-13T09:29:53.130Z,Japanese,Weekly,darari_nu,bb8dc65c-a5f6-4399-9aaf-9b9640dbf08c,Beast,18,341,172
2026-04-13T09:29:53.130Z,Japanese,Monthly,coban3137,79cf91bc-167e-481f-9a49-b581919560c4,BINARY,13,5634,716
2026-04-13T09:29:53.130Z,Japanese,All Time,-,-,-,0,0,0
2026-04-13T11:24:39.403Z,Global,Now,darari_nu,bb8dc65c-a5f6-4399-9aaf-9b9640dbf08c,Beast,4,362,183
2026-04-13T11:24:39.403Z,Global,Weekly,coban3137,fae74bfb-66b9-4f40-b613-2764eddb6661,Turtleneck,16,1224,253
2026-04-13T11:24:39.403Z,Global,Monthly,-,-,-,0,0,0
2026-04-13T11:24:39.403Z,Global,All Time,-,-,-,0,0,0
2026-04-13T11:24:39.403Z,Japanese,Now,darari_nu,bb8dc65c-a5f6-4399-9aaf-9b9640dbf08c,Beast,1,362,183
2026-04-13T11:24:39.403Z,Japanese,Weekly,darari_nu,bb8dc65c-a5f6-4399-9aaf-9b9640dbf08c,Beast,18,362,183
2026-04-13T11:24:39.403Z,Japanese,Monthly,coban3137,79cf91bc-167e-481f-9a49-b581919560c4,BINARY,13,5634,716
2026-04-13T11:24:39.403Z,Japanese,All Time,-,-,-,0,0,0
2026-04-13T13:10:33.544Z,Global,Now,darari_nu,bb8dc65c-a5f6-4399-9aaf-9b9640dbf08c,Beast,4,426,198
2026-04-13T13:10:33.544Z,Global,Weekly,coban3137,fae74bfb-66b9-4f40-b613-2764eddb6661,Turtleneck,16,1224,253
2026-04-13T13:10:33.544Z,Global,Monthly,-,-,-,0,0,0
2026-04-13T13:10:33.544Z,Global,All Time,-,-,-,0,0,0
2026-04-13T13:10:33.544Z,Japanese,Now,darari_nu,bb8dc65c-a5f6-4399-9aaf-9b9640dbf08c,Beast,1,426,198
2026-04-13T13:10:33.544Z,Japanese,Weekly,darari_nu,bb8dc65c-a5f6-4399-9aaf-9b9640dbf08c,Beast,18,426,198
2026-04-13T13:10:33.544Z,Japanese,Monthly,coban3137,79cf91bc-167e-481f-9a49-b581919560c4,BINARY,13,5634,716
2026-04-13T13:10:33.544Z,Japanese,All Time,-,-,-,0,0,0
2026-04-13T15:10:20.604Z,Global,Now,darari_nu,bb8dc65c-a5f6-4399-9aaf-9b9640dbf08c,Beast,2,466,224
2026-04-13T15:10:20.604Z,Global,Weekly,coban3137,fae74bfb-66b9-4f40-b613-2764eddb6661,Turtleneck,16,1224,254
2026-04-13T15:10:20.604Z,Global,Monthly,-,-,-,0,0,0
2026-04-13T15:10:20.604Z,Global,All Time,-,-,-,0,0,0
2026-04-13T15:10:20.604Z,Japanese,Now,darari_nu,bb8dc65c-a5f6-4399-9aaf-9b9640dbf08c,Beast,1,466,224
2026-04-13T15:10:20.604Z,Japanese,Weekly,darari_nu,bb8dc65c-a5f6-4399-9aaf-9b9640dbf08c,Beast,18,466,224
2026-04-13T15:10:20.604Z,Japanese,Monthly,coban3137,79cf91bc-167e-481f-9a49-b581919560c4,BINARY,13,5634,716
2026-04-13T15:10:20.604Z,Japanese,All Time,-,-,-,0,0,0
2026-04-13T16:56:28.220Z,Global,Now,darari_nu,bb8dc65c-a5f6-4399-9aaf-9b9640dbf08c,Beast,2,506,229
2026-04-13T16:56:28.220Z,Global,Weekly,coban3137,fae74bfb-66b9-4f40-b613-2764eddb6661,Turtleneck,16,1224,255
2026-04-13T16:56:28.220Z,Global,Monthly,-,-,-,0,0,0
2026-04-13T16:56:28.220Z,Global,All Time,-,-,-,0,0,0
2026-04-13T16:56:28.220Z,Japanese,Now,darari_nu,bb8dc65c-a5f6-4399-9aaf-9b9640dbf08c,Beast,1,506,229
2026-04-13T16:56:28.220Z,Japanese,Weekly,darari_nu,bb8dc65c-a5f6-4399-9aaf-9b9640dbf08c,Beast,18,506,229
2026-04-13T16:56:28.220Z,Japanese,Monthly,coban3137,79cf91bc-167e-481f-9a49-b581919560c4,BINARY,13,5634,717
2026-04-13T16:56:28.220Z,Japanese,All Time,-,-,-,0,0,0
2026-04-13T17:57:07.379Z,Global,Now,darari_nu,bb8dc65c-a5f6-4399-9aaf-9b9640dbf08c,Beast,2,545,239
2026-04-13T17:57:07.379Z,Global,Weekly,coban3137,fae74bfb-66b9-4f40-b613-2764eddb6661,Turtleneck,16,1224,255
2026-04-13T17:57:07.379Z,Global,Monthly,-,-,-,0,0,0
2026-04-13T17:57:07.379Z,Global,All Time,-,-,-,0,0,0
2026-04-13T17:57:07.379Z,Japanese,Now,darari_nu,bb8dc65c-a5f6-4399-9aaf-9b9640dbf08c,Beast,1,545,239
2026-04-13T17:57:07.379Z,Japanese,Weekly,darari_nu,bb8dc65c-a5f6-4399-9aaf-9b9640dbf08c,Beast,18,545,239
2026-04-13T17:57:07.379Z,Japanese,Monthly,coban3137,79cf91bc-167e-481f-9a49-b581919560c4,BINARY,13,5634,717
2026-04-13T17:57:07.379Z,Japanese,All Time,-,-,-,0,0,0
2026-04-13T19:09:47.293Z,Global,Now,darari_nu,bb8dc65c-a5f6-4399-9aaf-9b9640dbf08c,Beast,2,552,243
2026-04-13T19:09:47.293Z,Global,Weekly,coban3137,fae74bfb-66b9-4f40-b613-2764eddb6661,Turtleneck,16,1224,255
2026-04-13T19:09:47.293Z,Global,Monthly,-,-,-,0,0,0
2026-04-13T19:09:47.293Z,Global,All Time,-,-,-,0,0,0
2026-04-13T19:09:47.293Z,Japanese,Now,darari_nu,bb8dc65c-a5f6-4399-9aaf-9b9640dbf08c,Beast,1,552,243
2026-04-13T19:09:47.293Z,Japanese,Weekly,darari_nu,bb8dc65c-a5f6-4399-9aaf-9b9640dbf08c,Beast,18,552,243
2026-04-13T19:09:47.293Z,Japanese,Monthly,coban3137,79cf91bc-167e-481f-9a49-b581919560c4,BINARY,13,5634,717
2026-04-13T19:09:47.293Z,Japanese,All Time,-,-,-,0,0,0
2026-04-13T20:45:22.940Z,Global,Now,darari_nu,bb8dc65c-a5f6-4399-9aaf-9b9640dbf08c,Beast,2,583,249
2026-04-13T20:45:22.940Z,Global,Weekly,coban3137,fae74bfb-66b9-4f40-b613-2764eddb6661,Turtleneck,16,1224,255
2026-04-13T20:45:22.940Z,Global,Monthly,-,-,-,0,0,0
2026-04-13T20:45:22.940Z,Global,All Time,-,-,-,0,0,0
2026-04-13T20:45:22.940Z,Japanese,Now,darari_nu,bb8dc65c-a5f6-4399-9aaf-9b9640dbf08c,Beast,1,583,249
2026-04-13T20:45:22.940Z,Japanese,Weekly,darari_nu,bb8dc65c-a5f6-4399-9aaf-9b9640dbf08c,Beast,18,583,249
2026-04-13T20:45:22.940Z,Japanese,Monthly,coban3137,79cf91bc-167e-481f-9a49-b581919560c4,BINARY,13,5634,717
2026-04-13T20:45:22.940Z,Japanese,All Time,-,-,-,0,0,0
2026-04-13T21:41:17.437Z,Global,Now,darari_nu,bb8dc65c-a5f6-4399-9aaf-9b9640dbf08c,Beast,2,590,250
2026-04-13T21:41:17.437Z,Global,Weekly,coban3137,fae74bfb-66b9-4f40-b613-2764eddb6661,Turtleneck,16,1224,255
2026-04-13T21:41:17.437Z,Global,Monthly,-,-,-,0,0,0
2026-04-13T21:41:17.437Z,Global,All Time,-,-,-,0,0,0
2026-04-13T21:41:17.437Z,Japanese,Now,darari_nu,bb8dc65c-a5f6-4399-9aaf-9b9640dbf08c,Beast,1,590,250
2026-04-13T21:41:17.437Z,Japanese,Weekly,darari_nu,bb8dc65c-a5f6-4399-9aaf-9b9640dbf08c,Beast,18,590,250
2026-04-13T21:41:17.437Z,Japanese,Monthly,coban3137,79cf91bc-167e-481f-9a49-b581919560c4,BINARY,13,5634,717
2026-04-13T21:41:17.437Z,Japanese,All Time,-,-,-,0,0,0
2026-04-13T22:37:40.745Z,Global,Now,darari_nu,bb8dc65c-a5f6-4399-9aaf-9b9640dbf08c,Beast,2,590,253
2026-04-13T22:37:40.745Z,Global,Weekly,coban3137,fae74bfb-66b9-4f40-b613-2764eddb6661,Turtleneck,16,1224,257
2026-04-13T22:37:40.745Z,Global,Monthly,-,-,-,0,0,0
2026-04-13T22:37:40.745Z,Global,All Time,-,-,-,0,0,0
2026-04-13T22:37:40.745Z,Japanese,Now,darari_nu,bb8dc65c-a5f6-4399-9aaf-9b9640dbf08c,Beast,1,590,253
2026-04-13T22:37:40.745Z,Japanese,Weekly,darari_nu,bb8dc65c-a5f6-4399-9aaf-9b9640dbf08c,Beast,18,590,253
2026-04-13T22:37:40.745Z,Japanese,Monthly,coban3137,79cf91bc-167e-481f-9a49-b581919560c4,BINARY,13,5634,717
2026-04-13T22:37:40.745Z,Japanese,All Time,-,-,-,0,0,0
2026-04-13T23:36:26.433Z,Global,Now,darari_nu,bb8dc65c-a5f6-4399-9aaf-9b9640dbf08c,Beast,2,605,254
2026-04-13T23:36:26.433Z,Global,Weekly,coban3137,fae74bfb-66b9-4f40-b613-2764eddb6661,Turtleneck,16,1224,257
2026-04-13T23:36:26.433Z,Global,Monthly,-,-,-,0,0,0
2026-04-13T23:36:26.433Z,Global,All Time,-,-,-,0,0,0
2026-04-13T23:36:26.433Z,Japanese,Now,darari_nu,bb8dc65c-a5f6-4399-9aaf-9b9640dbf08c,Beast,1,605,254
2026-04-13T23:36:26.433Z,Japanese,Weekly,darari_nu,bb8dc65c-a5f6-4399-9aaf-9b9640dbf08c,Beast,18,605,254
2026-04-13T23:36:26.433Z,Japanese,Monthly,coban3137,79cf91bc-167e-481f-9a49-b581919560c4,BINARY,13,5634,717
2026-04-13T23:36:26.433Z,Japanese,All Time,-,-,-,0,0,0
2026-04-14T01:51:50.889Z,Global,Now,darari_nu,bb8dc65c-a5f6-4399-9aaf-9b9640dbf08c,Beast,2,629,256
2026-04-14T01:51:50.889Z,Global,Weekly,coban3137,fae74bfb-66b9-4f40-b613-2764eddb6661,Turtleneck,16,1224,257
2026-04-14T01:51:50.889Z,Global,Monthly,-,-,-,0,0,0
2026-04-14T01:51:50.889Z,Global,All Time,-,-,-,0,0,0
2026-04-14T01:51:50.889Z,Japanese,Now,darari_nu,bb8dc65c-a5f6-4399-9aaf-9b9640dbf08c,Beast,1,629,256
2026-04-14T01:51:50.889Z,Japanese,Weekly,darari_nu,bb8dc65c-a5f6-4399-9aaf-9b9640dbf08c,Beast,18,629,256
2026-04-14T01:51:50.889Z,Japanese,Monthly,coban3137,79cf91bc-167e-481f-9a49-b581919560c4,BINARY,13,5634,717
2026-04-14T01:51:50.889Z,Japanese,All Time,-,-,-,0,0,0
2026-04-14T04:40:42.643Z,Global,Now,darari_nu,bb8dc65c-a5f6-4399-9aaf-9b9640dbf08c,Beast,4,652,259
2026-04-14T04:40:42.643Z,Global,Weekly,-,-,-,0,0,0
2026-04-14T04:40:42.643Z,Global,Monthly,-,-,-,0,0,0
2026-04-14T04:40:42.643Z,Global,All Time,-,-,-,0,0,0
2026-04-14T04:40:42.643Z,Japanese,Now,darari_nu,bb8dc65c-a5f6-4399-9aaf-9b9640dbf08c,Beast,1,652,259
2026-04-14T04:40:42.643Z,Japanese,Weekly,darari_nu,bb8dc65c-a5f6-4399-9aaf-9b9640dbf08c,Beast,3,652,259
2026-04-14T04:40:42.643Z,Japanese,Monthly,coban3137,79cf91bc-167e-481f-9a49-b581919560c4,BINARY,13,5634,717
2026-04-14T04:40:42.643Z,Japanese,All Time,-,-,-,0,0,0
2026-04-14T06:27:44.220Z,Global,Now,darari_nu,bb8dc65c-a5f6-4399-9aaf-9b9640dbf08c,Beast,2,681,261
2026-04-14T06:27:44.220Z,Global,Weekly,-,-,-,0,0,0
2026-04-14T06:27:44.220Z,Global,Monthly,-,-,-,0,0,0
2026-04-14T06:27:44.220Z,Global,All Time,-,-,-,0,0,0
2026-04-14T06:27:44.220Z,Japanese,Now,darari_nu,bb8dc65c-a5f6-4399-9aaf-9b9640dbf08c,Beast,1,681,261
2026-04-14T06:27:44.220Z,Japanese,Weekly,darari_nu,bb8dc65c-a5f6-4399-9aaf-9b9640dbf08c,Beast,3,681,261
2026-04-14T06:27:44.220Z,Japanese,Monthly,coban3137,79cf91bc-167e-481f-9a49-b581919560c4,BINARY,13,5634,717
2026-04-14T06:27:44.220Z,Japanese,All Time,-,-,-,0,0,0
2026-04-14T08:23:10.056Z,Global,Now,darari_nu,bb8dc65c-a5f6-4399-9aaf-9b9640dbf08c,Beast,2,760,264
2026-04-14T08:23:10.056Z,Global,Weekly,-,-,-,0,0,0
2026-04-14T08:23:10.056Z,Global,Monthly,-,-,-,0,0,0
2026-04-14T08:23:10.056Z,Global,All Time,-,-,-,0,0,0
2026-04-14T08:23:10.056Z,Japanese,Now,darari_nu,bb8dc65c-a5f6-4399-9aaf-9b9640dbf08c,Beast,1,760,264
2026-04-14T08:23:10.056Z,Japanese,Weekly,darari_nu,bb8dc65c-a5f6-4399-9aaf-9b9640dbf08c,Beast,3,760,264
2026-04-14T08:23:10.056Z,Japanese,Monthly,coban3137,79cf91bc-167e-481f-9a49-b581919560c4,BINARY,13,5634,717
2026-04-14T08:23:10.056Z,Japanese,All Time,-,-,-,0,0,0
2026-04-14T10:09:31.148Z,Global,Now,darari_nu,bb8dc65c-a5f6-4399-9aaf-9b9640dbf08c,Beast,2,802,273
2026-04-14T10:09:31.148Z,Global,Weekly,-,-,-,0,0,0
2026-04-14T10:09:31.148Z,Global,Monthly,-,-,-,0,0,0
2026-04-14T10:09:31.148Z,Global,All Time,-,-,-,0,0,0
2026-04-14T10:09:31.148Z,Japanese,Now,darari_nu,bb8dc65c-a5f6-4399-9aaf-9b9640dbf08c,Beast,1,802,273
2026-04-14T10:09:31.148Z,Japanese,Weekly,darari_nu,bb8dc65c-a5f6-4399-9aaf-9b9640dbf08c,Beast,3,802,273
2026-04-14T10:09:31.148Z,Japanese,Monthly,coban3137,79cf91bc-167e-481f-9a49-b581919560c4,BINARY,13,5634,717
2026-04-14T10:09:31.148Z,Japanese,All Time,-,-,-,0,0,0
2026-04-14T11:54:04.143Z,Global,Now,darari_nu,bb8dc65c-a5f6-4399-9aaf-9b9640dbf08c,Beast,2,811,278
2026-04-14T11:54:04.143Z,Global,Weekly,-,-,-,0,0,0
2026-04-14T11:54:04.143Z,Global,Monthly,-,-,-,0,0,0
2026-04-14T11:54:04.143Z,Global,All Time,-,-,-,0,0,0
2026-04-14T11:54:04.143Z,Japanese,Now,darari_nu,bb8dc65c-a5f6-4399-9aaf-9b9640dbf08c,Beast,1,811,278
2026-04-14T11:54:04.143Z,Japanese,Weekly,darari_nu,bb8dc65c-a5f6-4399-9aaf-9b9640dbf08c,Beast,3,811,278
2026-04-14T11:54:04.143Z,Japanese,Monthly,coban3137,79cf91bc-167e-481f-9a49-b581919560c4,BINARY,13,5634,717
2026-04-14T11:54:04.143Z,Japanese,All Time,-,-,-,0,0,0
2026-04-14T13:07:39.823Z,Global,Now,darari_nu,bb8dc65c-a5f6-4399-9aaf-9b9640dbf08c,Beast,2,827,282
2026-04-14T13:07:39.823Z,Global,Weekly,-,-,-,0,0,0
2026-04-14T13:07:39.823Z,Global,Monthly,-,-,-,0,0,0
2026-04-14T13:07:39.823Z,Global,All Time,-,-,-,0,0,0
2026-04-14T13:07:39.823Z,Japanese,Now,darari_nu,bb8dc65c-a5f6-4399-9aaf-9b9640dbf08c,Beast,1,827,282
2026-04-14T13:07:39.823Z,Japanese,Weekly,darari_nu,bb8dc65c-a5f6-4399-9aaf-9b9640dbf08c,Beast,3,827,282
2026-04-14T13:07:39.823Z,Japanese,Monthly,coban3137,79cf91bc-167e-481f-9a49-b581919560c4,BINARY,13,5634,717
2026-04-14T13:07:39.823Z,Japanese,All Time,-,-,-,0,0,0
2026-04-14T15:08:08.014Z,Global,Now,darari_nu,bb8dc65c-a5f6-4399-9aaf-9b9640dbf08c,Beast,3,854,295
2026-04-14T15:08:08.014Z,Global,Weekly,-,-,-,0,0,0
2026-04-14T15:08:08.014Z,Global,Monthly,-,-,-,0,0,0
2026-04-14T15:08:08.014Z,Global,All Time,-,-,-,0,0,0
2026-04-14T15:08:08.014Z,Japanese,Now,darari_nu,bb8dc65c-a5f6-4399-9aaf-9b9640dbf08c,Beast,1,854,295
2026-04-14T15:08:08.014Z,Japanese,Weekly,darari_nu,bb8dc65c-a5f6-4399-9aaf-9b9640dbf08c,Beast,3,854,295
2026-04-14T15:08:08.014Z,Japanese,Monthly,coban3137,79cf91bc-167e-481f-9a49-b581919560c4,BINARY,13,5634,717
2026-04-14T15:08:08.014Z,Japanese,All Time,-,-,-,0,0,0
2026-04-14T17:09:16.951Z,Global,Now,darari_nu,bb8dc65c-a5f6-4399-9aaf-9b9640dbf08c,Beast,2,879,301
2026-04-14T17:09:16.951Z,Global,Weekly,-,-,-,0,0,0
2026-04-14T17:09:16.951Z,Global,Monthly,-,-,-,0,0,0
2026-04-14T17:09:16.951Z,Global,All Time,-,-,-,0,0,0
2026-04-14T17:09:16.951Z,Japanese,Now,darari_nu,bb8dc65c-a5f6-4399-9aaf-9b9640dbf08c,Beast,1,879,301
2026-04-14T17:09:16.951Z,Japanese,Weekly,darari_nu,bb8dc65c-a5f6-4399-9aaf-9b9640dbf08c,Beast,3,879,301
2026-04-14T17:09:16.951Z,Japanese,Monthly,coban3137,79cf91bc-167e-481f-9a49-b581919560c4,BINARY,13,5634,717
2026-04-14T17:09:16.951Z,Japanese,All Time,-,-,-,0,0,0
2026-04-14T18:04:31.864Z,Global,Now,darari_nu,bb8dc65c-a5f6-4399-9aaf-9b9640dbf08c,Beast,2,906,302
2026-04-14T18:04:31.864Z,Global,Weekly,-,-,-,0,0,0
2026-04-14T18:04:31.864Z,Global,Monthly,-,-,-,0,0,0
2026-04-14T18:04:31.864Z,Global,All Time,-,-,-,0,0,0
2026-04-14T18:04:31.864Z,Japanese,Now,darari_nu,bb8dc65c-a5f6-4399-9aaf-9b9640dbf08c,Beast,1,906,302
2026-04-14T18:04:31.864Z,Japanese,Weekly,darari_nu,bb8dc65c-a5f6-4399-9aaf-9b9640dbf08c,Beast,3,906,302
2026-04-14T18:04:31.864Z,Japanese,Monthly,coban3137,79cf91bc-167e-481f-9a49-b581919560c4,BINARY,13,5634,717
2026-04-14T18:04:31.864Z,Japanese,All Time,-,-,-,0,0,0
2026-04-14T20:07:21.959Z,Global,Now,darari_nu,bb8dc65c-a5f6-4399-9aaf-9b9640dbf08c,Beast,2,978,306
2026-04-14T20:07:21.959Z,Global,Weekly,-,-,-,0,0,0
2026-04-14T20:07:21.959Z,Global,Monthly,-,-,-,0,0,0
2026-04-14T20:07:21.959Z,Global,All Time,-,-,-,0,0,0
2026-04-14T20:07:21.959Z,Japanese,Now,darari_nu,bb8dc65c-a5f6-4399-9aaf-9b9640dbf08c,Beast,1,978,306
2026-04-14T20:07:21.959Z,Japanese,Weekly,darari_nu,bb8dc65c-a5f6-4399-9aaf-9b9640dbf08c,Beast,3,978,306
2026-04-14T20:07:21.959Z,Japanese,Monthly,coban3137,79cf91bc-167e-481f-9a49-b581919560c4,BINARY,13,5634,717
2026-04-14T20:07:21.959Z,Japanese,All Time,-,-,-,0,0,0
2026-04-14T21:43:41.977Z,Global,Now,darari_nu,bb8dc65c-a5f6-4399-9aaf-9b9640dbf08c,Beast,2,996,308
2026-04-14T21:43:41.977Z,Global,Weekly,-,-,-,0,0,0
2026-04-14T21:43:41.977Z,Global,Monthly,-,-,-,0,0,0
2026-04-14T21:43:41.977Z,Global,All Time,-,-,-,0,0,0
2026-04-14T21:43:41.977Z,Japanese,Now,darari_nu,bb8dc65c-a5f6-4399-9aaf-9b9640dbf08c,Beast,1,996,308
2026-04-14T21:43:41.977Z,Japanese,Weekly,darari_nu,bb8dc65c-a5f6-4399-9aaf-9b9640dbf08c,Beast,3,996,308
2026-04-14T21:43:41.977Z,Japanese,Monthly,coban3137,79cf91bc-167e-481f-9a49-b581919560c4,BINARY,13,5634,717
2026-04-14T21:43:41.977Z,Japanese,All Time,-,-,-,0,0,0
2026-04-14T22:38:58.756Z,Global,Now,darari_nu,bb8dc65c-a5f6-4399-9aaf-9b9640dbf08c,Beast,4,1006,309
2026-04-14T22:38:58.756Z,Global,Weekly,-,-,-,0,0,0
2026-04-14T22:38:58.756Z,Global,Monthly,-,-,-,0,0,0
2026-04-14T22:38:58.756Z,Global,All Time,-,-,-,0,0,0
2026-04-14T22:38:58.756Z,Japanese,Now,darari_nu,bb8dc65c-a5f6-4399-9aaf-9b9640dbf08c,Beast,1,1006,309
2026-04-14T22:38:58.756Z,Japanese,Weekly,darari_nu,bb8dc65c-a5f6-4399-9aaf-9b9640dbf08c,Beast,3,1006,309
2026-04-14T22:38:58.756Z,Japanese,Monthly,coban3137,79cf91bc-167e-481f-9a49-b581919560c4,BINARY,13,5634,717
2026-04-14T22:38:58.756Z,Japanese,All Time,-,-,-,0,0,0
2026-04-14T23:36:54.295Z,Global,Now,darari_nu,bb8dc65c-a5f6-4399-9aaf-9b9640dbf08c,Beast,4,1033,310
2026-04-14T23:36:54.295Z,Global,Weekly,-,-,-,0,0,0
2026-04-14T23:36:54.295Z,Global,Monthly,-,-,-,0,0,0
2026-04-14T23:36:54.295Z,Global,All Time,-,-,-,0,0,0
2026-04-14T23:36:54.295Z,Japanese,Now,darari_nu,bb8dc65c-a5f6-4399-9aaf-9b9640dbf08c,Beast,1,1033,310
2026-04-14T23:36:54.295Z,Japanese,Weekly,darari_nu,bb8dc65c-a5f6-4399-9aaf-9b9640dbf08c,Beast,3,1033,310
2026-04-14T23:36:54.295Z,Japanese,Monthly,coban3137,79cf91bc-167e-481f-9a49-b581919560c4,BINARY,13,5634,717
2026-04-14T23:36:54.295Z,Japanese,All Time,-,-,-,0,0,0
2026-04-15T01:48:02.548Z,Global,Now,darari_nu,bb8dc65c-a5f6-4399-9aaf-9b9640dbf08c,Beast,4,1058,316
2026-04-15T01:48:02.548Z,Global,Weekly,-,-,-,0,0,0
2026-04-15T01:48:02.548Z,Global,Monthly,-,-,-,0,0,0
2026-04-15T01:48:02.548Z,Global,All Time,-,-,-,0,0,0
2026-04-15T01:48:02.548Z,Japanese,Now,darari_nu,bb8dc65c-a5f6-4399-9aaf-9b9640dbf08c,Beast,1,1058,316
2026-04-15T01:48:02.548Z,Japanese,Weekly,darari_nu,bb8dc65c-a5f6-4399-9aaf-9b9640dbf08c,Beast,3,1058,316
2026-04-15T01:48:02.548Z,Japanese,Monthly,coban3137,79cf91bc-167e-481f-9a49-b581919560c4,BINARY,13,5634,717
2026-04-15T01:48:02.548Z,Japanese,All Time,-,-,-,0,0,0
2026-04-15T04:40:53.199Z,Global,Now,-,-,-,0,0,0
2026-04-15T04:40:53.199Z,Global,Weekly,darari_nu,bb8dc65c-a5f6-4399-9aaf-9b9640dbf08c,Beast,11,1067,316
2026-04-15T04:40:53.199Z,Global,Monthly,-,-,-,0,0,0
2026-04-15T04:40:53.199Z,Global,All Time,-,-,-,0,0,0
2026-04-15T04:40:53.199Z,Japanese,Now,-,-,-,0,0,0
2026-04-15T04:40:53.199Z,Japanese,Weekly,darari_nu,bb8dc65c-a5f6-4399-9aaf-9b9640dbf08c,Beast,1,1067,316
2026-04-15T04:40:53.199Z,Japanese,Monthly,coban3137,79cf91bc-167e-481f-9a49-b581919560c4,BINARY,13,5634,718
2026-04-15T04:40:53.199Z,Japanese,All Time,-,-,-,0,0,0
2026-04-15T06:29:19.565Z,Global,Now,-,-,-,0,0,0
2026-04-15T06:29:19.565Z,Global,Weekly,darari_nu,bb8dc65c-a5f6-4399-9aaf-9b9640dbf08c,Beast,11,1067,318
2026-04-15T06:29:19.565Z,Global,Monthly,-,-,-,0,0,0
2026-04-15T06:29:19.565Z,Global,All Time,-,-,-,0,0,0
2026-04-15T06:29:19.565Z,Japanese,Now,-,-,-,0,0,0
2026-04-15T06:29:19.565Z,Japanese,Weekly,darari_nu,bb8dc65c-a5f6-4399-9aaf-9b9640dbf08c,Beast,1,1067,318
2026-04-15T06:29:19.565Z,Japanese,Monthly,coban3137,79cf91bc-167e-481f-9a49-b581919560c4,BINARY,13,5634,718
2026-04-15T06:29:19.565Z,Japanese,All Time,-,-,-,0,0,0
2026-04-15T08:24:09.279Z,Global,Now,-,-,-,0,0,0
2026-04-15T08:24:09.279Z,Global,Weekly,darari_nu,bb8dc65c-a5f6-4399-9aaf-9b9640dbf08c,Beast,11,1097,317
2026-04-15T08:24:09.279Z,Global,Monthly,-,-,-,0,0,0
2026-04-15T08:24:09.279Z,Global,All Time,-,-,-,0,0,0
2026-04-15T08:24:09.279Z,Japanese,Now,-,-,-,0,0,0
2026-04-15T08:24:09.279Z,Japanese,Weekly,darari_nu,bb8dc65c-a5f6-4399-9aaf-9b9640dbf08c,Beast,1,1097,317
2026-04-15T08:24:09.279Z,Japanese,Monthly,coban3137,79cf91bc-167e-481f-9a49-b581919560c4,BINARY,13,5634,718
2026-04-15T08:24:09.279Z,Japanese,All Time,-,-,-,0,0,0
2026-04-15T10:10:54.660Z,Global,Now,-,-,-,0,0,0
2026-04-15T10:10:54.660Z,Global,Weekly,darari_nu,bb8dc65c-a5f6-4399-9aaf-9b9640dbf08c,Beast,11,1132,318
2026-04-15T10:10:54.660Z,Global,Monthly,-,-,-,0,0,0
2026-04-15T10:10:54.660Z,Global,All Time,-,-,-,0,0,0
2026-04-15T10:10:54.660Z,Japanese,Now,-,-,-,0,0,0
2026-04-15T10:10:54.660Z,Japanese,Weekly,darari_nu,bb8dc65c-a5f6-4399-9aaf-9b9640dbf08c,Beast,1,1132,318
2026-04-15T10:10:54.660Z,Japanese,Monthly,coban3137,79cf91bc-167e-481f-9a49-b581919560c4,BINARY,13,5634,718
2026-04-15T10:10:54.660Z,Japanese,All Time,-,-,-,0,0,0
2026-04-15T11:51:29.969Z,Global,Now,-,-,-,0,0,0
2026-04-15T11:51:29.969Z,Global,Weekly,darari_nu,bb8dc65c-a5f6-4399-9aaf-9b9640dbf08c,Beast,11,1132,318
2026-04-15T11:51:29.969Z,Global,Monthly,-,-,-,0,0,0
2026-04-15T11:51:29.969Z,Global,All Time,-,-,-,0,0,0
2026-04-15T11:51:29.969Z,Japanese,Now,-,-,-,0,0,0
2026-04-15T11:51:29.969Z,Japanese,Weekly,darari_nu,bb8dc65c-a5f6-4399-9aaf-9b9640dbf08c,Beast,1,1132,318
2026-04-15T11:51:29.969Z,Japanese,Monthly,coban3137,79cf91bc-167e-481f-9a49-b581919560c4,BINARY,13,5642,718
2026-04-15T11:51:29.969Z,Japanese,All Time,-,-,-,0,0,0
2026-04-15T13:06:04.146Z,Global,Now,-,-,-,0,0,0
2026-04-15T13:06:04.146Z,Global,Weekly,darari_nu,bb8dc65c-a5f6-4399-9aaf-9b9640dbf08c,Beast,11,1132,319
2026-04-15T13:06:04.146Z,Global,Monthly,-,-,-,0,0,0
2026-04-15T13:06:04.146Z,Global,All Time,-,-,-,0,0,0
2026-04-15T13:06:04.146Z,Japanese,Now,-,-,-,0,0,0
2026-04-15T13:06:04.146Z,Japanese,Weekly,darari_nu,bb8dc65c-a5f6-4399-9aaf-9b9640dbf08c,Beast,1,1132,319
2026-04-15T13:06:04.146Z,Japanese,Monthly,coban3137,79cf91bc-167e-481f-9a49-b581919560c4,BINARY,13,5642,718
2026-04-15T13:06:04.146Z,Japanese,All Time,-,-,-,0,0,0
2026-04-15T15:01:13.560Z,Global,Now,-,-,-,0,0,0
2026-04-15T15:01:13.560Z,Global,Weekly,darari_nu,bb8dc65c-a5f6-4399-9aaf-9b9640dbf08c,Beast,11,1132,320
2026-04-15T15:01:13.560Z,Global,Monthly,-,-,-,0,0,0
2026-04-15T15:01:13.560Z,Global,All Time,-,-,-,0,0,0
2026-04-15T15:01:13.560Z,Japanese,Now,-,-,-,0,0,0
2026-04-15T15:01:13.560Z,Japanese,Weekly,darari_nu,bb8dc65c-a5f6-4399-9aaf-9b9640dbf08c,Beast,1,1132,320
2026-04-15T15:01:13.560Z,Japanese,Monthly,coban3137,79cf91bc-167e-481f-9a49-b581919560c4,BINARY,13,5642,717
2026-04-15T15:01:13.560Z,Japanese,All Time,-,-,-,0,0,0
2026-04-15T16:55:00.643Z,Global,Now,-,-,-,0,0,0
2026-04-15T16:55:00.643Z,Global,Weekly,darari_nu,bb8dc65c-a5f6-4399-9aaf-9b9640dbf08c,Beast,11,1132,321
2026-04-15T16:55:00.643Z,Global,Monthly,-,-,-,0,0,0
2026-04-15T16:55:00.643Z,Global,All Time,-,-,-,0,0,0
2026-04-15T16:55:00.643Z,Japanese,Now,-,-,-,0,0,0
2026-04-15T16:55:00.643Z,Japanese,Weekly,darari_nu,bb8dc65c-a5f6-4399-9aaf-9b9640dbf08c,Beast,1,1132,321
2026-04-15T16:55:00.643Z,Japanese,Monthly,coban3137,79cf91bc-167e-481f-9a49-b581919560c4,BINARY,13,5642,717
2026-04-15T16:55:00.643Z,Japanese,All Time,-,-,-,0,0,0
2026-04-15T18:01:23.750Z,Global,Now,-,-,-,0,0,0
2026-04-15T18:01:23.750Z,Global,Weekly,darari_nu,bb8dc65c-a5f6-4399-9aaf-9b9640dbf08c,Beast,11,1132,321
2026-04-15T18:01:23.750Z,Global,Monthly,-,-,-,0,0,0
2026-04-15T18:01:23.750Z,Global,All Time,-,-,-,0,0,0
2026-04-15T18:01:23.750Z,Japanese,Now,-,-,-,0,0,0
2026-04-15T18:01:23.750Z,Japanese,Weekly,darari_nu,bb8dc65c-a5f6-4399-9aaf-9b9640dbf08c,Beast,1,1132,321
2026-04-15T18:01:23.750Z,Japanese,Monthly,coban3137,79cf91bc-167e-481f-9a49-b581919560c4,BINARY,13,5642,717
2026-04-15T18:01:23.750Z,Japanese,All Time,-,-,-,0,0,0
2026-04-15T19:58:58.568Z,Global,Now,-,-,-,0,0,0
2026-04-15T19:58:58.568Z,Global,Weekly,darari_nu,bb8dc65c-a5f6-4399-9aaf-9b9640dbf08c,Beast,11,1132,322
2026-04-15T19:58:58.568Z,Global,Monthly,-,-,-,0,0,0
2026-04-15T19:58:58.568Z,Global,All Time,-,-,-,0,0,0
2026-04-15T19:58:58.568Z,Japanese,Now,-,-,-,0,0,0
2026-04-15T19:58:58.568Z,Japanese,Weekly,darari_nu,bb8dc65c-a5f6-4399-9aaf-9b9640dbf08c,Beast,1,1132,322
2026-04-15T19:58:58.568Z,Japanese,Monthly,coban3137,79cf91bc-167e-481f-9a49-b581919560c4,BINARY,13,5642,717
2026-04-15T19:58:58.568Z,Japanese,All Time,-,-,-,0,0,0
2026-04-15T20:52:31.725Z,Global,Now,-,-,-,0,0,0
2026-04-15T20:52:31.725Z,Global,Weekly,darari_nu,bb8dc65c-a5f6-4399-9aaf-9b9640dbf08c,Beast,11,1132,323
2026-04-15T20:52:31.725Z,Global,Monthly,-,-,-,0,0,0
2026-04-15T20:52:31.725Z,Global,All Time,-,-,-,0,0,0
2026-04-15T20:52:31.725Z,Japanese,Now,-,-,-,0,0,0
2026-04-15T20:52:31.725Z,Japanese,Weekly,darari_nu,bb8dc65c-a5f6-4399-9aaf-9b9640dbf08c,Beast,1,1132,323
2026-04-15T20:52:31.725Z,Japanese,Monthly,coban3137,79cf91bc-167e-481f-9a49-b581919560c4,BINARY,13,5642,717
2026-04-15T20:52:31.725Z,Japanese,All Time,-,-,-,0,0,0
2026-04-15T21:44:44.350Z,Global,Now,-,-,-,0,0,0
2026-04-15T21:44:44.350Z,Global,Weekly,darari_nu,bb8dc65c-a5f6-4399-9aaf-9b9640dbf08c,Beast,11,1132,323
2026-04-15T21:44:44.350Z,Global,Monthly,-,-,-,0,0,0
2026-04-15T21:44:44.350Z,Global,All Time,-,-,-,0,0,0
2026-04-15T21:44:44.350Z,Japanese,Now,-,-,-,0,0,0
2026-04-15T21:44:44.350Z,Japanese,Weekly,darari_nu,bb8dc65c-a5f6-4399-9aaf-9b9640dbf08c,Beast,1,1132,323
2026-04-15T21:44:44.350Z,Japanese,Monthly,coban3137,79cf91bc-167e-481f-9a49-b581919560c4,BINARY,13,5642,717
2026-04-15T21:44:44.350Z,Japanese,All Time,-,-,-,0,0,0
2026-04-15T22:35:58.444Z,Global,Now,-,-,-,0,0,0
2026-04-15T22:35:58.444Z,Global,Weekly,darari_nu,bb8dc65c-a5f6-4399-9aaf-9b9640dbf08c,Beast,11,1132,323
2026-04-15T22:35:58.444Z,Global,Monthly,-,-,-,0,0,0
2026-04-15T22:35:58.444Z,Global,All Time,-,-,-,0,0,0
2026-04-15T22:35:58.444Z,Japanese,Now,-,-,-,0,0,0
2026-04-15T22:35:58.444Z,Japanese,Weekly,darari_nu,bb8dc65c-a5f6-4399-9aaf-9b9640dbf08c,Beast,1,1132,323
2026-04-15T22:35:58.444Z,Japanese,Monthly,coban3137,79cf91bc-167e-481f-9a49-b581919560c4,BINARY,13,5642,717
2026-04-15T22:35:58.444Z,Japanese,All Time,-,-,-,0,0,0
2026-04-15T23:36:07.285Z,Global,Now,-,-,-,0,0,0
2026-04-15T23:36:07.285Z,Global,Weekly,darari_nu,bb8dc65c-a5f6-4399-9aaf-9b9640dbf08c,Beast,11,1144,323
2026-04-15T23:36:07.285Z,Global,Monthly,-,-,-,0,0,0
2026-04-15T23:36:07.285Z,Global,All Time,-,-,-,0,0,0
2026-04-15T23:36:07.285Z,Japanese,Now,-,-,-,0,0,0
2026-04-15T23:36:07.285Z,Japanese,Weekly,darari_nu,bb8dc65c-a5f6-4399-9aaf-9b9640dbf08c,Beast,1,1144,323
2026-04-15T23:36:07.285Z,Japanese,Monthly,coban3137,79cf91bc-167e-481f-9a49-b581919560c4,BINARY,13,5642,717
2026-04-15T23:36:07.285Z,Japanese,All Time,-,-,-,0,0,0
2026-04-16T01:56:22.966Z,Global,Now,-,-,-,0,0,0
2026-04-16T01:56:22.966Z,Global,Weekly,darari_nu,bb8dc65c-a5f6-4399-9aaf-9b9640dbf08c,Beast,11,1144,322
2026-04-16T01:56:22.966Z,Global,Monthly,-,-,-,0,0,0
2026-04-16T01:56:22.966Z,Global,All Time,-,-,-,0,0,0
2026-04-16T01:56:22.966Z,Japanese,Now,-,-,-,0,0,0
2026-04-16T01:56:22.966Z,Japanese,Weekly,darari_nu,bb8dc65c-a5f6-4399-9aaf-9b9640dbf08c,Beast,1,1144,322
2026-04-16T01:56:22.966Z,Japanese,Monthly,coban3137,79cf91bc-167e-481f-9a49-b581919560c4,BINARY,13,5642,717
2026-04-16T01:56:22.966Z,Japanese,All Time,-,-,-,0,0,0
2026-04-16T04:48:24.482Z,Global,Now,-,-,-,0,0,0
2026-04-16T04:48:24.482Z,Global,Weekly,darari_nu,bb8dc65c-a5f6-4399-9aaf-9b9640dbf08c,Beast,8,1156,323
2026-04-16T04:48:24.482Z,Global,Monthly,-,-,-,0,0,0
2026-04-16T04:48:24.482Z,Global,All Time,-,-,-,0,0,0
2026-04-16T04:48:24.482Z,Japanese,Now,-,-,-,0,0,0
2026-04-16T04:48:24.482Z,Japanese,Weekly,darari_nu,bb8dc65c-a5f6-4399-9aaf-9b9640dbf08c,Beast,1,1156,323
2026-04-16T04:48:24.482Z,Japanese,Monthly,coban3137,79cf91bc-167e-481f-9a49-b581919560c4,BINARY,13,5642,717
2026-04-16T04:48:24.482Z,Japanese,All Time,-,-,-,0,0,0
2026-04-16T06:53:45.094Z,Global,Now,-,-,-,0,0,0
2026-04-16T06:53:45.094Z,Global,Weekly,darari_nu,bb8dc65c-a5f6-4399-9aaf-9b9640dbf08c,Beast,8,1156,323
2026-04-16T06:53:45.094Z,Global,Monthly,-,-,-,0,0,0
2026-04-16T06:53:45.094Z,Global,All Time,-,-,-,0,0,0
2026-04-16T06:53:45.094Z,Japanese,Now,-,-,-,0,0,0
2026-04-16T06:53:45.094Z,Japanese,Weekly,darari_nu,bb8dc65c-a5f6-4399-9aaf-9b9640dbf08c,Beast,1,1156,323
2026-04-16T06:53:45.094Z,Japanese,Monthly,coban3137,79cf91bc-167e-481f-9a49-b581919560c4,BINARY,13,5642,717
2026-04-16T06:53:45.094Z,Japanese,All Time,-,-,-,0,0,0
2026-04-16T08:24:41.519Z,Global,Now,-,-,-,0,0,0
2026-04-16T08:24:41.519Z,Global,Weekly,darari_nu,bb8dc65c-a5f6-4399-9aaf-9b9640dbf08c,Beast,8,1156,323
2026-04-16T08:24:41.519Z,Global,Monthly,-,-,-,0,0,0
2026-04-16T08:24:41.519Z,Global,All Time,-,-,-,0,0,0
2026-04-16T08:24:41.519Z,Japanese,Now,-,-,-,0,0,0
2026-04-16T08:24:41.519Z,Japanese,Weekly,darari_nu,bb8dc65c-a5f6-4399-9aaf-9b9640dbf08c,Beast,1,1156,323
2026-04-16T08:24:41.519Z,Japanese,Monthly,coban3137,79cf91bc-167e-481f-9a49-b581919560c4,BINARY,13,5642,717
2026-04-16T08:24:41.519Z,Japanese,All Time,-,-,-,0,0,0
2026-04-16T10:10:15.050Z,Global,Now,-,-,-,0,0,0
2026-04-16T10:10:15.050Z,Global,Weekly,darari_nu,bb8dc65c-a5f6-4399-9aaf-9b9640dbf08c,Beast,8,1156,323
2026-04-16T10:10:15.050Z,Global,Monthly,-,-,-,0,0,0
2026-04-16T10:10:15.050Z,Global,All Time,-,-,-,0,0,0
2026-04-16T10:10:15.050Z,Japanese,Now,-,-,-,0,0,0
2026-04-16T10:10:15.050Z,Japanese,Weekly,darari_nu,bb8dc65c-a5f6-4399-9aaf-9b9640dbf08c,Beast,1,1156,323
2026-04-16T10:10:15.050Z,Japanese,Monthly,coban3137,79cf91bc-167e-481f-9a49-b581919560c4,BINARY,13,5642,717
2026-04-16T10:10:15.050Z,Japanese,All Time,-,-,-,0,0,0
2026-04-16T13:26:48.661Z,Global,Now,-,-,-,0,0,0
2026-04-16T13:26:48.661Z,Global,Weekly,darari_nu,bb8dc65c-a5f6-4399-9aaf-9b9640dbf08c,Beast,8,1156,323
2026-04-16T13:26:48.661Z,Global,Monthly,-,-,-,0,0,0
2026-04-16T13:26:48.661Z,Global,All Time,-,-,-,0,0,0
2026-04-16T13:26:48.661Z,Japanese,Now,-,-,-,0,0,0
2026-04-16T13:26:48.661Z,Japanese,Weekly,darari_nu,bb8dc65c-a5f6-4399-9aaf-9b9640dbf08c,Beast,1,1156,323
2026-04-16T13:26:48.661Z,Japanese,Monthly,coban3137,79cf91bc-167e-481f-9a49-b581919560c4,BINARY,13,5642,717
2026-04-16T13:26:48.661Z,Japanese,All Time,-,-,-,0,0,0
2026-04-16T15:21:08.183Z,Global,Now,-,-,-,0,0,0
2026-04-16T15:21:08.183Z,Global,Weekly,darari_nu,bb8dc65c-a5f6-4399-9aaf-9b9640dbf08c,Beast,8,1156,323
2026-04-16T15:21:08.183Z,Global,Monthly,-,-,-,0,0,0
2026-04-16T15:21:08.183Z,Global,All Time,-,-,-,0,0,0
2026-04-16T15:21:08.183Z,Japanese,Now,-,-,-,0,0,0
2026-04-16T15:21:08.183Z,Japanese,Weekly,darari_nu,bb8dc65c-a5f6-4399-9aaf-9b9640dbf08c,Beast,1,1156,323
2026-04-16T15:21:08.183Z,Japanese,Monthly,coban3137,79cf91bc-167e-481f-9a49-b581919560c4,BINARY,13,5642,717
2026-04-16T15:21:08.183Z,Japanese,All Time,-,-,-,0,0,0
2026-04-16T17:05:54.098Z,Global,Now,-,-,-,0,0,0
2026-04-16T17:05:54.098Z,Global,Weekly,darari_nu,bb8dc65c-a5f6-4399-9aaf-9b9640dbf08c,Beast,8,1168,323
2026-04-16T17:05:54.098Z,Global,Monthly,-,-,-,0,0,0
2026-04-16T17:05:54.098Z,Global,All Time,-,-,-,0,0,0
2026-04-16T17:05:54.098Z,Japanese,Now,-,-,-,0,0,0
2026-04-16T17:05:54.098Z,Japanese,Weekly,darari_nu,bb8dc65c-a5f6-4399-9aaf-9b9640dbf08c,Beast,1,1168,323
2026-04-16T17:05:54.098Z,Japanese,Monthly,coban3137,79cf91bc-167e-481f-9a49-b581919560c4,BINARY,13,5642,717
2026-04-16T17:05:54.098Z,Japanese,All Time,-,-,-,0,0,0
2026-04-16T19:01:54.346Z,Global,Now,-,-,-,0,0,0
2026-04-16T19:01:54.346Z,Global,Weekly,darari_nu,bb8dc65c-a5f6-4399-9aaf-9b9640dbf08c,Beast,8,1168,324
2026-04-16T19:01:54.346Z,Global,Monthly,-,-,-,0,0,0
2026-04-16T19:01:54.346Z,Global,All Time,-,-,-,0,0,0
2026-04-16T19:01:54.346Z,Japanese,Now,-,-,-,0,0,0
2026-04-16T19:01:54.346Z,Japanese,Weekly,darari_nu,bb8dc65c-a5f6-4399-9aaf-9b9640dbf08c,Beast,1,1168,324
2026-04-16T19:01:54.346Z,Japanese,Monthly,coban3137,79cf91bc-167e-481f-9a49-b581919560c4,BINARY,13,5642,717
2026-04-16T19:01:54.346Z,Japanese,All Time,-,-,-,0,0,0
2026-04-16T20:41:06.285Z,Global,Now,-,-,-,0,0,0
2026-04-16T20:41:06.285Z,Global,Weekly,darari_nu,bb8dc65c-a5f6-4399-9aaf-9b9640dbf08c,Beast,8,1180,324
2026-04-16T20:41:06.285Z,Global,Monthly,-,-,-,0,0,0
2026-04-16T20:41:06.285Z,Global,All Time,-,-,-,0,0,0
2026-04-16T20:41:06.285Z,Japanese,Now,-,-,-,0,0,0
2026-04-16T20:41:06.285Z,Japanese,Weekly,darari_nu,bb8dc65c-a5f6-4399-9aaf-9b9640dbf08c,Beast,1,1180,324
2026-04-16T20:41:06.285Z,Japanese,Monthly,coban3137,79cf91bc-167e-481f-9a49-b581919560c4,BINARY,13,5642,717
2026-04-16T20:41:06.285Z,Japanese,All Time,-,-,-,0,0,0
2026-04-16T21:36:50.502Z,Global,Now,-,-,-,0,0,0
2026-04-16T21:36:50.502Z,Global,Weekly,darari_nu,bb8dc65c-a5f6-4399-9aaf-9b9640dbf08c,Beast,8,1180,324
2026-04-16T21:36:50.502Z,Global,Monthly,-,-,-,0,0,0
2026-04-16T21:36:50.502Z,Global,All Time,-,-,-,0,0,0
2026-04-16T21:36:50.502Z,Japanese,Now,-,-,-,0,0,0
2026-04-16T21:36:50.502Z,Japanese,Weekly,darari_nu,bb8dc65c-a5f6-4399-9aaf-9b9640dbf08c,Beast,1,1180,324
2026-04-16T21:36:50.502Z,Japanese,Monthly,coban3137,79cf91bc-167e-481f-9a49-b581919560c4,BINARY,13,5642,717
2026-04-16T21:36:50.502Z,Japanese,All Time,-,-,-,0,0,0
2026-04-16T22:32:55.469Z,Global,Now,-,-,-,0,0,0
2026-04-16T22:32:55.469Z,Global,Weekly,darari_nu,bb8dc65c-a5f6-4399-9aaf-9b9640dbf08c,Beast,8,1180,324
2026-04-16T22:32:55.469Z,Global,Monthly,-,-,-,0,0,0
2026-04-16T22:32:55.469Z,Global,All Time,-,-,-,0,0,0
2026-04-16T22:32:55.469Z,Japanese,Now,-,-,-,0,0,0
2026-04-16T22:32:55.469Z,Japanese,Weekly,darari_nu,bb8dc65c-a5f6-4399-9aaf-9b9640dbf08c,Beast,1,1180,324
2026-04-16T22:32:55.469Z,Japanese,Monthly,coban3137,79cf91bc-167e-481f-9a49-b581919560c4,BINARY,13,5642,717
2026-04-16T22:32:55.469Z,Japanese,All Time,-,-,-,0,0,0
2026-04-16T23:38:00.898Z,Global,Now,-,-,-,0,0,0
2026-04-16T23:38:00.898Z,Global,Weekly,darari_nu,bb8dc65c-a5f6-4399-9aaf-9b9640dbf08c,Beast,8,1180,325
2026-04-16T23:38:00.898Z,Global,Monthly,-,-,-,0,0,0
2026-04-16T23:38:00.898Z,Global,All Time,-,-,-,0,0,0
2026-04-16T23:38:00.898Z,Japanese,Now,-,-,-,0,0,0
2026-04-16T23:38:00.898Z,Japanese,Weekly,darari_nu,bb8dc65c-a5f6-4399-9aaf-9b9640dbf08c,Beast,1,1180,325
2026-04-16T23:38:00.898Z,Japanese,Monthly,coban3137,79cf91bc-167e-481f-9a49-b581919560c4,BINARY,13,5642,717
2026-04-16T23:38:00.898Z,Japanese,All Time,-,-,-,0,0,0
2026-04-17T01:52:06.390Z,Global,Now,-,-,-,0,0,0
2026-04-17T01:52:06.390Z,Global,Weekly,darari_nu,bb8dc65c-a5f6-4399-9aaf-9b9640dbf08c,Beast,8,1187,325
2026-04-17T01:52:06.390Z,Global,Monthly,-,-,-,0,0,0
2026-04-17T01:52:06.390Z,Global,All Time,-,-,-,0,0,0
2026-04-17T01:52:06.390Z,Japanese,Now,-,-,-,0,0,0
2026-04-17T01:52:06.390Z,Japanese,Weekly,darari_nu,bb8dc65c-a5f6-4399-9aaf-9b9640dbf08c,Beast,1,1187,325
2026-04-17T01:52:06.390Z,Japanese,Monthly,coban3137,79cf91bc-167e-481f-9a49-b581919560c4,BINARY,13,5642,717
2026-04-17T01:52:06.390Z,Japanese,All Time,-,-,-,0,0,0
2026-04-17T04:44:18.462Z,Global,Now,-,-,-,0,0,0
2026-04-17T04:44:18.462Z,Global,Weekly,darari_nu,bb8dc65c-a5f6-4399-9aaf-9b9640dbf08c,Beast,9,1237,327
2026-04-17T04:44:18.462Z,Global,Monthly,-,-,-,0,0,0
2026-04-17T04:44:18.462Z,Global,All Time,-,-,-,0,0,0
2026-04-17T04:44:18.462Z,Japanese,Now,coban3137,413d7a37-0488-402b-9eff-e6129ed0b8f4,水脈,15,1863,382
2026-04-17T04:44:18.462Z,Japanese,Now,darari_nu,bb8dc65c-a5f6-4399-9aaf-9b9640dbf08c,Beast,25,1237,327
2026-04-17T04:44:18.462Z,Japanese,Weekly,darari_nu,bb8dc65c-a5f6-4399-9aaf-9b9640dbf08c,Beast,1,1237,327
2026-04-17T04:44:18.462Z,Japanese,Monthly,coban3137,79cf91bc-167e-481f-9a49-b581919560c4,BINARY,13,5642,717
2026-04-17T04:44:18.462Z,Japanese,All Time,-,-,-,0,0,0
2026-04-17T06:54:15.172Z,Global,Now,-,-,-,0,0,0
2026-04-17T06:54:15.172Z,Global,Weekly,darari_nu,bb8dc65c-a5f6-4399-9aaf-9b9640dbf08c,Beast,9,1263,327
2026-04-17T06:54:15.172Z,Global,Monthly,-,-,-,0,0,0
2026-04-17T06:54:15.172Z,Global,All Time,-,-,-,0,0,0
2026-04-17T06:54:15.172Z,Japanese,Now,coban3137,413d7a37-0488-402b-9eff-e6129ed0b8f4,水脈,15,1863,383
2026-04-17T06:54:15.172Z,Japanese,Now,darari_nu,bb8dc65c-a5f6-4399-9aaf-9b9640dbf08c,Beast,25,1263,327
2026-04-17T06:54:15.172Z,Japanese,Weekly,darari_nu,bb8dc65c-a5f6-4399-9aaf-9b9640dbf08c,Beast,1,1263,327
2026-04-17T06:54:15.172Z,Japanese,Monthly,coban3137,79cf91bc-167e-481f-9a49-b581919560c4,BINARY,13,5642,717
2026-04-17T06:54:15.172Z,Japanese,All Time,-,-,-,0,0,0
2026-04-17T08:23:31.647Z,Global,Now,-,-,-,0,0,0
2026-04-17T08:23:31.647Z,Global,Weekly,darari_nu,bb8dc65c-a5f6-4399-9aaf-9b9640dbf08c,Beast,9,1276,327
2026-04-17T08:23:31.647Z,Global,Monthly,-,-,-,0,0,0
2026-04-17T08:23:31.647Z,Global,All Time,-,-,-,0,0,0
2026-04-17T08:23:31.647Z,Japanese,Now,coban3137,413d7a37-0488-402b-9eff-e6129ed0b8f4,水脈,15,1863,383
2026-04-17T08:23:31.647Z,Japanese,Now,darari_nu,bb8dc65c-a5f6-4399-9aaf-9b9640dbf08c,Beast,25,1276,327
2026-04-17T08:23:31.647Z,Japanese,Weekly,darari_nu,bb8dc65c-a5f6-4399-9aaf-9b9640dbf08c,Beast,1,1276,327
2026-04-17T08:23:31.647Z,Japanese,Monthly,coban3137,79cf91bc-167e-481f-9a49-b581919560c4,BINARY,13,5642,717
2026-04-17T08:23:31.647Z,Japanese,All Time,-,-,-,0,0,0
2026-04-17T10:07:54.485Z,Global,Now,-,-,-,0,0,0
2026-04-17T10:07:54.485Z,Global,Weekly,darari_nu,bb8dc65c-a5f6-4399-9aaf-9b9640dbf08c,Beast,9,1276,327
2026-04-17T10:07:54.485Z,Global,Monthly,-,-,-,0,0,0
2026-04-17T10:07:54.485Z,Global,All Time,-,-,-,0,0,0
2026-04-17T10:07:54.485Z,Japanese,Now,coban3137,413d7a37-0488-402b-9eff-e6129ed0b8f4,水脈,15,1863,383
2026-04-17T10:07:54.485Z,Japanese,Now,darari_nu,bb8dc65c-a5f6-4399-9aaf-9b9640dbf08c,Beast,25,1276,327
2026-04-17T10:07:54.485Z,Japanese,Weekly,darari_nu,bb8dc65c-a5f6-4399-9aaf-9b9640dbf08c,Beast,1,1276,327
2026-04-17T10:07:54.485Z,Japanese,Monthly,coban3137,79cf91bc-167e-481f-9a49-b581919560c4,BINARY,13,5642,717
2026-04-17T10:07:54.485Z,Japanese,All Time,-,-,-,0,0,0
2026-04-17T11:44:13.013Z,Global,Now,-,-,-,0,0,0
2026-04-17T11:44:13.013Z,Global,Weekly,darari_nu,bb8dc65c-a5f6-4399-9aaf-9b9640dbf08c,Beast,9,1276,327
2026-04-17T11:44:13.013Z,Global,Monthly,-,-,-,0,0,0
2026-04-17T11:44:13.013Z,Global,All Time,-,-,-,0,0,0
2026-04-17T11:44:13.013Z,Japanese,Now,coban3137,413d7a37-0488-402b-9eff-e6129ed0b8f4,水脈,15,1863,382
2026-04-17T11:44:13.013Z,Japanese,Now,darari_nu,bb8dc65c-a5f6-4399-9aaf-9b9640dbf08c,Beast,25,1276,327
2026-04-17T11:44:13.013Z,Japanese,Weekly,darari_nu,bb8dc65c-a5f6-4399-9aaf-9b9640dbf08c,Beast,1,1276,327
2026-04-17T11:44:13.013Z,Japanese,Monthly,coban3137,79cf91bc-167e-481f-9a49-b581919560c4,BINARY,13,5642,717
2026-04-17T11:44:13.013Z,Japanese,All Time,-,-,-,0,0,0
2026-04-17T13:00:35.587Z,Global,Now,-,-,-,0,0,0
2026-04-17T13:00:35.587Z,Global,Weekly,darari_nu,bb8dc65c-a5f6-4399-9aaf-9b9640dbf08c,Beast,9,1276,327
2026-04-17T13:00:35.587Z,Global,Monthly,-,-,-,0,0,0
2026-04-17T13:00:35.587Z,Global,All Time,-,-,-,0,0,0
2026-04-17T13:00:35.587Z,Japanese,Now,coban3137,413d7a37-0488-402b-9eff-e6129ed0b8f4,水脈,15,1872,382
2026-04-17T13:00:35.587Z,Japanese,Now,darari_nu,bb8dc65c-a5f6-4399-9aaf-9b9640dbf08c,Beast,25,1276,327
2026-04-17T13:00:35.587Z,Japanese,Weekly,darari_nu,bb8dc65c-a5f6-4399-9aaf-9b9640dbf08c,Beast,1,1276,327
2026-04-17T13:00:35.587Z,Japanese,Monthly,coban3137,79cf91bc-167e-481f-9a49-b581919560c4,BINARY,13,5642,717
2026-04-17T13:00:35.587Z,Japanese,All Time,-,-,-,0,0,0
2026-04-17T14:23:15.629Z,Global,Now,-,-,-,0,0,0
2026-04-17T14:23:15.629Z,Global,Weekly,darari_nu,bb8dc65c-a5f6-4399-9aaf-9b9640dbf08c,Beast,9,1284,328
2026-04-17T14:23:15.629Z,Global,Monthly,-,-,-,0,0,0
2026-04-17T14:23:15.629Z,Global,All Time,-,-,-,0,0,0
2026-04-17T14:23:15.629Z,Japanese,Now,coban3137,413d7a37-0488-402b-9eff-e6129ed0b8f4,水脈,15,1872,382
2026-04-17T14:23:15.629Z,Japanese,Now,darari_nu,bb8dc65c-a5f6-4399-9aaf-9b9640dbf08c,Beast,25,1284,328
2026-04-17T14:23:15.629Z,Japanese,Weekly,darari_nu,bb8dc65c-a5f6-4399-9aaf-9b9640dbf08c,Beast,1,1284,328
2026-04-17T14:23:15.629Z,Japanese,Monthly,coban3137,79cf91bc-167e-481f-9a49-b581919560c4,BINARY,13,5642,717
2026-04-17T14:23:15.629Z,Japanese,All Time,-,-,-,0,0,0
2026-04-17T15:53:18.891Z,Global,Now,-,-,-,0,0,0
2026-04-17T15:53:18.891Z,Global,Weekly,darari_nu,bb8dc65c-a5f6-4399-9aaf-9b9640dbf08c,Beast,9,1284,328
2026-04-17T15:53:18.891Z,Global,Monthly,-,-,-,0,0,0
2026-04-17T15:53:18.891Z,Global,All Time,-,-,-,0,0,0
2026-04-17T15:53:18.891Z,Japanese,Now,coban3137,413d7a37-0488-402b-9eff-e6129ed0b8f4,水脈,14,1872,383
2026-04-17T15:53:18.891Z,Japanese,Now,darari_nu,bb8dc65c-a5f6-4399-9aaf-9b9640dbf08c,Beast,24,1284,328
2026-04-17T15:53:18.891Z,Japanese,Weekly,darari_nu,bb8dc65c-a5f6-4399-9aaf-9b9640dbf08c,Beast,1,1284,328
2026-04-17T15:53:18.891Z,Japanese,Monthly,coban3137,79cf91bc-167e-481f-9a49-b581919560c4,BINARY,13,5642,718
2026-04-17T15:53:18.891Z,Japanese,All Time,-,-,-,0,0,0
2026-04-17T16:46:27.390Z,Global,Now,-,-,-,0,0,0
2026-04-17T16:46:27.390Z,Global,Weekly,darari_nu,bb8dc65c-a5f6-4399-9aaf-9b9640dbf08c,Beast,9,1284,328
2026-04-17T16:46:27.390Z,Global,Monthly,-,-,-,0,0,0
2026-04-17T16:46:27.390Z,Global,All Time,-,-,-,0,0,0
2026-04-17T16:46:27.390Z,Japanese,Now,coban3137,413d7a37-0488-402b-9eff-e6129ed0b8f4,水脈,14,1872,383
2026-04-17T16:46:27.390Z,Japanese,Now,darari_nu,bb8dc65c-a5f6-4399-9aaf-9b9640dbf08c,Beast,24,1284,328
2026-04-17T16:46:27.390Z,Japanese,Weekly,darari_nu,bb8dc65c-a5f6-4399-9aaf-9b9640dbf08c,Beast,1,1284,328
2026-04-17T16:46:27.390Z,Japanese,Monthly,coban3137,79cf91bc-167e-481f-9a49-b581919560c4,BINARY,13,5642,718
2026-04-17T16:46:27.390Z,Japanese,All Time,-,-,-,0,0,0
2026-04-17T17:42:32.214Z,Global,Now,-,-,-,0,0,0
2026-04-17T17:42:32.214Z,Global,Weekly,darari_nu,bb8dc65c-a5f6-4399-9aaf-9b9640dbf08c,Beast,9,1297,328
2026-04-17T17:42:32.214Z,Global,Monthly,-,-,-,0,0,0
2026-04-17T17:42:32.214Z,Global,All Time,-,-,-,0,0,0
2026-04-17T17:42:32.214Z,Japanese,Now,coban3137,413d7a37-0488-402b-9eff-e6129ed0b8f4,水脈,14,1872,383
2026-04-17T17:42:32.214Z,Japanese,Now,darari_nu,bb8dc65c-a5f6-4399-9aaf-9b9640dbf08c,Beast,24,1297,328
2026-04-17T17:42:32.214Z,Japanese,Weekly,darari_nu,bb8dc65c-a5f6-4399-9aaf-9b9640dbf08c,Beast,1,1297,328
2026-04-17T17:42:32.214Z,Japanese,Monthly,coban3137,79cf91bc-167e-481f-9a49-b581919560c4,BINARY,13,5642,718
2026-04-17T17:42:32.214Z,Japanese,All Time,-,-,-,0,0,0
2026-04-17T18:47:21.328Z,Global,Now,-,-,-,0,0,0
2026-04-17T18:47:21.328Z,Global,Weekly,darari_nu,bb8dc65c-a5f6-4399-9aaf-9b9640dbf08c,Beast,9,1297,329
2026-04-17T18:47:21.328Z,Global,Monthly,-,-,-,0,0,0
2026-04-17T18:47:21.328Z,Global,All Time,-,-,-,0,0,0
2026-04-17T18:47:21.328Z,Japanese,Now,coban3137,413d7a37-0488-402b-9eff-e6129ed0b8f4,水脈,14,1872,383
2026-04-17T18:47:21.328Z,Japanese,Now,darari_nu,bb8dc65c-a5f6-4399-9aaf-9b9640dbf08c,Beast,24,1297,329
2026-04-17T18:47:21.328Z,Japanese,Weekly,darari_nu,bb8dc65c-a5f6-4399-9aaf-9b9640dbf08c,Beast,1,1297,329
2026-04-17T18:47:21.328Z,Japanese,Monthly,coban3137,79cf91bc-167e-481f-9a49-b581919560c4,BINARY,13,5642,718
2026-04-17T18:47:21.328Z,Japanese,All Time,-,-,-,0,0,0
2026-04-17T19:53:55.304Z,Global,Now,-,-,-,0,0,0
2026-04-17T19:53:55.304Z,Global,Weekly,darari_nu,bb8dc65c-a5f6-4399-9aaf-9b9640dbf08c,Beast,9,1297,329
2026-04-17T19:53:55.304Z,Global,Monthly,-,-,-,0,0,0
2026-04-17T19:53:55.304Z,Global,All Time,-,-,-,0,0,0
2026-04-17T19:53:55.304Z,Japanese,Now,coban3137,413d7a37-0488-402b-9eff-e6129ed0b8f4,水脈,14,1872,383
2026-04-17T19:53:55.304Z,Japanese,Now,darari_nu,bb8dc65c-a5f6-4399-9aaf-9b9640dbf08c,Beast,24,1297,329
2026-04-17T19:53:55.304Z,Japanese,Weekly,darari_nu,bb8dc65c-a5f6-4399-9aaf-9b9640dbf08c,Beast,1,1297,329
2026-04-17T19:53:55.304Z,Japanese,Monthly,coban3137,79cf91bc-167e-481f-9a49-b581919560c4,BINARY,13,5642,718
2026-04-17T19:53:55.304Z,Japanese,All Time,-,-,-,0,0,0
2026-04-17T20:37:48.698Z,Global,Now,-,-,-,0,0,0
2026-04-17T20:37:48.698Z,Global,Weekly,darari_nu,bb8dc65c-a5f6-4399-9aaf-9b9640dbf08c,Beast,9,1297,330
2026-04-17T20:37:48.698Z,Global,Monthly,-,-,-,0,0,0
2026-04-17T20:37:48.698Z,Global,All Time,-,-,-,0,0,0
2026-04-17T20:37:48.698Z,Japanese,Now,coban3137,413d7a37-0488-402b-9eff-e6129ed0b8f4,水脈,14,1872,383
2026-04-17T20:37:48.698Z,Japanese,Now,darari_nu,bb8dc65c-a5f6-4399-9aaf-9b9640dbf08c,Beast,24,1297,330
2026-04-17T20:37:48.698Z,Japanese,Weekly,darari_nu,bb8dc65c-a5f6-4399-9aaf-9b9640dbf08c,Beast,1,1297,330
2026-04-17T20:37:48.698Z,Japanese,Monthly,coban3137,79cf91bc-167e-481f-9a49-b581919560c4,BINARY,13,5642,718
2026-04-17T20:37:48.698Z,Japanese,All Time,-,-,-,0,0,0
2026-04-17T21:35:52.721Z,Global,Now,-,-,-,0,0,0
2026-04-17T21:35:52.721Z,Global,Weekly,darari_nu,bb8dc65c-a5f6-4399-9aaf-9b9640dbf08c,Beast,9,1324,330
2026-04-17T21:35:52.721Z,Global,Monthly,-,-,-,0,0,0
2026-04-17T21:35:52.721Z,Global,All Time,-,-,-,0,0,0
2026-04-17T21:35:52.721Z,Japanese,Now,coban3137,413d7a37-0488-402b-9eff-e6129ed0b8f4,水脈,14,1872,383
2026-04-17T21:35:52.721Z,Japanese,Now,darari_nu,bb8dc65c-a5f6-4399-9aaf-9b9640dbf08c,Beast,24,1324,330
2026-04-17T21:35:52.721Z,Japanese,Weekly,darari_nu,bb8dc65c-a5f6-4399-9aaf-9b9640dbf08c,Beast,1,1324,330
2026-04-17T21:35:52.721Z,Japanese,Monthly,coban3137,79cf91bc-167e-481f-9a49-b581919560c4,BINARY,13,5642,718
2026-04-17T21:35:52.721Z,Japanese,All Time,-,-,-,0,0,0
2026-04-17T22:30:57.209Z,Global,Now,-,-,-,0,0,0
2026-04-17T22:30:57.209Z,Global,Weekly,darari_nu,bb8dc65c-a5f6-4399-9aaf-9b9640dbf08c,Beast,9,1338,330
2026-04-17T22:30:57.209Z,Global,Monthly,-,-,-,0,0,0
2026-04-17T22:30:57.209Z,Global,All Time,-,-,-,0,0,0
2026-04-17T22:30:57.209Z,Japanese,Now,coban3137,413d7a37-0488-402b-9eff-e6129ed0b8f4,水脈,14,1872,383
2026-04-17T22:30:57.209Z,Japanese,Now,darari_nu,bb8dc65c-a5f6-4399-9aaf-9b9640dbf08c,Beast,24,1338,330
2026-04-17T22:30:57.209Z,Japanese,Weekly,darari_nu,bb8dc65c-a5f6-4399-9aaf-9b9640dbf08c,Beast,1,1338,330
2026-04-17T22:30:57.209Z,Japanese,Monthly,coban3137,79cf91bc-167e-481f-9a49-b581919560c4,BINARY,13,5642,718
2026-04-17T22:30:57.209Z,Japanese,All Time,-,-,-,0,0,0
2026-04-17T23:32:51.208Z,Global,Now,-,-,-,0,0,0
2026-04-17T23:32:51.208Z,Global,Weekly,darari_nu,bb8dc65c-a5f6-4399-9aaf-9b9640dbf08c,Beast,9,1352,331
2026-04-17T23:32:51.208Z,Global,Monthly,-,-,-,0,0,0
2026-04-17T23:32:51.208Z,Global,All Time,-,-,-,0,0,0
2026-04-17T23:32:51.208Z,Japanese,Now,coban3137,413d7a37-0488-402b-9eff-e6129ed0b8f4,水脈,14,1872,383
2026-04-17T23:32:51.208Z,Japanese,Now,darari_nu,bb8dc65c-a5f6-4399-9aaf-9b9640dbf08c,Beast,24,1352,331
2026-04-17T23:32:51.208Z,Japanese,Weekly,darari_nu,bb8dc65c-a5f6-4399-9aaf-9b9640dbf08c,Beast,1,1352,331
2026-04-17T23:32:51.208Z,Japanese,Monthly,coban3137,79cf91bc-167e-481f-9a49-b581919560c4,BINARY,13,5642,718
2026-04-17T23:32:51.208Z,Japanese,All Time,-,-,-,0,0,0
2026-04-18T01:30:16.596Z,Global,Now,-,-,-,0,0,0
2026-04-18T01:30:16.596Z,Global,Weekly,darari_nu,bb8dc65c-a5f6-4399-9aaf-9b9640dbf08c,Beast,9,1380,331
2026-04-18T01:30:16.596Z,Global,Monthly,-,-,-,0,0,0
2026-04-18T01:30:16.596Z,Global,All Time,-,-,-,0,0,0
2026-04-18T01:30:16.596Z,Japanese,Now,coban3137,413d7a37-0488-402b-9eff-e6129ed0b8f4,水脈,14,1872,383
2026-04-18T01:30:16.596Z,Japanese,Now,darari_nu,bb8dc65c-a5f6-4399-9aaf-9b9640dbf08c,Beast,24,1380,331
2026-04-18T01:30:16.596Z,Japanese,Weekly,darari_nu,bb8dc65c-a5f6-4399-9aaf-9b9640dbf08c,Beast,1,1380,331
2026-04-18T01:30:16.596Z,Japanese,Monthly,coban3137,79cf91bc-167e-481f-9a49-b581919560c4,BINARY,13,5642,718
2026-04-18T01:30:16.596Z,Japanese,All Time,-,-,-,0,0,0
2026-04-18T04:26:31.991Z,Global,Now,-,-,-,0,0,0
2026-04-18T04:26:31.991Z,Global,Weekly,darari_nu,bb8dc65c-a5f6-4399-9aaf-9b9640dbf08c,Beast,7,1389,331
2026-04-18T04:26:31.991Z,Global,Monthly,-,-,-,0,0,0
2026-04-18T04:26:31.991Z,Global,All Time,-,-,-,0,0,0
2026-04-18T04:26:31.991Z,Japanese,Now,-,-,-,0,0,0
2026-04-18T04:26:31.991Z,Japanese,Weekly,darari_nu,bb8dc65c-a5f6-4399-9aaf-9b9640dbf08c,Beast,1,1389,331
2026-04-18T04:26:31.991Z,Japanese,Monthly,coban3137,79cf91bc-167e-481f-9a49-b581919560c4,BINARY,13,5642,718
2026-04-18T04:26:31.991Z,Japanese,All Time,-,-,-,0,0,0
2026-04-18T06:09:19.822Z,Global,Now,-,-,-,0,0,0
2026-04-18T06:09:19.822Z,Global,Weekly,darari_nu,bb8dc65c-a5f6-4399-9aaf-9b9640dbf08c,Beast,7,1389,331
2026-04-18T06:09:19.822Z,Global,Monthly,-,-,-,0,0,0
2026-04-18T06:09:19.822Z,Global,All Time,-,-,-,0,0,0
2026-04-18T06:09:19.822Z,Japanese,Now,-,-,-,0,0,0
2026-04-18T06:09:19.822Z,Japanese,Weekly,darari_nu,bb8dc65c-a5f6-4399-9aaf-9b9640dbf08c,Beast,1,1389,331
2026-04-18T06:09:19.822Z,Japanese,Monthly,coban3137,79cf91bc-167e-481f-9a49-b581919560c4,BINARY,13,5642,718
2026-04-18T06:09:19.822Z,Japanese,All Time,-,-,-,0,0,0
2026-04-18T07:55:59.358Z,Global,Now,-,-,-,0,0,0
2026-04-18T07:55:59.358Z,Global,Weekly,darari_nu,bb8dc65c-a5f6-4399-9aaf-9b9640dbf08c,Beast,7,1389,331
2026-04-18T07:55:59.358Z,Global,Monthly,-,-,-,0,0,0
2026-04-18T07:55:59.358Z,Global,All Time,-,-,-,0,0,0
2026-04-18T07:55:59.358Z,Japanese,Now,-,-,-,0,0,0
2026-04-18T07:55:59.358Z,Japanese,Weekly,darari_nu,bb8dc65c-a5f6-4399-9aaf-9b9640dbf08c,Beast,1,1389,331
2026-04-18T07:55:59.358Z,Japanese,Monthly,coban3137,79cf91bc-167e-481f-9a49-b581919560c4,BINARY,13,5642,718
2026-04-18T07:55:59.358Z,Japanese,All Time,-,-,-,0,0,0
2026-04-18T08:41:15.345Z,Global,Now,-,-,-,0,0,0
2026-04-18T08:41:15.345Z,Global,Weekly,darari_nu,bb8dc65c-a5f6-4399-9aaf-9b9640dbf08c,Beast,7,1403,331
2026-04-18T08:41:15.345Z,Global,Monthly,-,-,-,0,0,0
2026-04-18T08:41:15.345Z,Global,All Time,-,-,-,0,0,0
2026-04-18T08:41:15.345Z,Japanese,Now,-,-,-,0,0,0
2026-04-18T08:41:15.345Z,Japanese,Weekly,darari_nu,bb8dc65c-a5f6-4399-9aaf-9b9640dbf08c,Beast,1,1403,331
2026-04-18T08:41:15.345Z,Japanese,Monthly,coban3137,79cf91bc-167e-481f-9a49-b581919560c4,BINARY,13,5642,718
2026-04-18T08:41:15.345Z,Japanese,All Time,-,-,-,0,0,0
2026-04-18T09:40:59.364Z,Global,Now,-,-,-,0,0,0
2026-04-18T09:40:59.364Z,Global,Weekly,darari_nu,bb8dc65c-a5f6-4399-9aaf-9b9640dbf08c,Beast,7,1403,331
2026-04-18T09:40:59.364Z,Global,Monthly,-,-,-,0,0,0
2026-04-18T09:40:59.364Z,Global,All Time,-,-,-,0,0,0
2026-04-18T09:40:59.364Z,Japanese,Now,-,-,-,0,0,0
2026-04-18T09:40:59.364Z,Japanese,Weekly,darari_nu,bb8dc65c-a5f6-4399-9aaf-9b9640dbf08c,Beast,1,1403,331
2026-04-18T09:40:59.364Z,Japanese,Monthly,coban3137,79cf91bc-167e-481f-9a49-b581919560c4,BINARY,13,5642,718
2026-04-18T09:40:59.364Z,Japanese,All Time,-,-,-,0,0,0
2026-04-18T10:33:51.098Z,Global,Now,-,-,-,0,0,0
2026-04-18T10:33:51.098Z,Global,Weekly,darari_nu,bb8dc65c-a5f6-4399-9aaf-9b9640dbf08c,Beast,7,1403,331
2026-04-18T10:33:51.098Z,Global,Monthly,-,-,-,0,0,0
2026-04-18T10:33:51.098Z,Global,All Time,-,-,-,0,0,0
2026-04-18T10:33:51.098Z,Japanese,Now,-,-,-,0,0,0
2026-04-18T10:33:51.098Z,Japanese,Weekly,darari_nu,bb8dc65c-a5f6-4399-9aaf-9b9640dbf08c,Beast,1,1403,331
2026-04-18T10:33:51.098Z,Japanese,Monthly,coban3137,79cf91bc-167e-481f-9a49-b581919560c4,BINARY,13,5642,718
2026-04-18T10:33:51.098Z,Japanese,All Time,-,-,-,0,0,0
2026-04-18T11:29:35.925Z,Global,Now,-,-,-,0,0,0
2026-04-18T11:29:35.925Z,Global,Weekly,darari_nu,bb8dc65c-a5f6-4399-9aaf-9b9640dbf08c,Beast,7,1403,331
2026-04-18T11:29:35.925Z,Global,Monthly,-,-,-,0,0,0
2026-04-18T11:29:35.925Z,Global,All Time,-,-,-,0,0,0
2026-04-18T11:29:35.925Z,Japanese,Now,-,-,-,0,0,0
2026-04-18T11:29:35.925Z,Japanese,Weekly,darari_nu,bb8dc65c-a5f6-4399-9aaf-9b9640dbf08c,Beast,1,1403,331
2026-04-18T11:29:35.925Z,Japanese,Monthly,coban3137,79cf91bc-167e-481f-9a49-b581919560c4,BINARY,13,5642,718
2026-04-18T11:29:35.925Z,Japanese,All Time,-,-,-,0,0,0
2026-04-18T12:43:06.029Z,Global,Now,-,-,-,0,0,0
2026-04-18T12:43:06.029Z,Global,Weekly,darari_nu,bb8dc65c-a5f6-4399-9aaf-9b9640dbf08c,Beast,7,1403,331
2026-04-18T12:43:06.029Z,Global,Monthly,-,-,-,0,0,0
2026-04-18T12:43:06.029Z,Global,All Time,-,-,-,0,0,0
2026-04-18T12:43:06.029Z,Japanese,Now,-,-,-,0,0,0
2026-04-18T12:43:06.029Z,Japanese,Weekly,darari_nu,bb8dc65c-a5f6-4399-9aaf-9b9640dbf08c,Beast,1,1403,331
2026-04-18T12:43:06.029Z,Japanese,Monthly,coban3137,79cf91bc-167e-481f-9a49-b581919560c4,BINARY,13,5642,718
2026-04-18T12:43:06.029Z,Japanese,All Time,-,-,-,0,0,0
2026-04-18T13:57:22.164Z,Global,Now,-,-,-,0,0,0
2026-04-18T13:57:22.164Z,Global,Weekly,darari_nu,bb8dc65c-a5f6-4399-9aaf-9b9640dbf08c,Beast,7,1403,331
2026-04-18T13:57:22.164Z,Global,Monthly,-,-,-,0,0,0
2026-04-18T13:57:22.164Z,Global,All Time,-,-,-,0,0,0
2026-04-18T13:57:22.164Z,Japanese,Now,-,-,-,0,0,0
2026-04-18T13:57:22.164Z,Japanese,Weekly,darari_nu,bb8dc65c-a5f6-4399-9aaf-9b9640dbf08c,Beast,1,1403,331
2026-04-18T13:57:22.164Z,Japanese,Monthly,coban3137,79cf91bc-167e-481f-9a49-b581919560c4,BINARY,13,5642,719
2026-04-18T13:57:22.164Z,Japanese,All Time,-,-,-,0,0,0
2026-04-18T14:38:04.323Z,Global,Now,-,-,-,0,0,0
2026-04-18T14:38:04.323Z,Global,Weekly,darari_nu,bb8dc65c-a5f6-4399-9aaf-9b9640dbf08c,Beast,7,1403,331
2026-04-18T14:38:04.323Z,Global,Monthly,-,-,-,0,0,0
2026-04-18T14:38:04.323Z,Global,All Time,-,-,-,0,0,0
2026-04-18T14:38:04.323Z,Japanese,Now,-,-,-,0,0,0
2026-04-18T14:38:04.323Z,Japanese,Weekly,darari_nu,bb8dc65c-a5f6-4399-9aaf-9b9640dbf08c,Beast,1,1403,331
2026-04-18T14:38:04.323Z,Japanese,Monthly,coban3137,79cf91bc-167e-481f-9a49-b581919560c4,BINARY,13,5642,719
2026-04-18T14:38:04.323Z,Japanese,All Time,-,-,-,0,0,0
2026-04-18T15:31:32.544Z,Global,Now,-,-,-,0,0,0
2026-04-18T15:31:32.544Z,Global,Weekly,darari_nu,bb8dc65c-a5f6-4399-9aaf-9b9640dbf08c,Beast,7,1418,331
2026-04-18T15:31:32.544Z,Global,Monthly,-,-,-,0,0,0
2026-04-18T15:31:32.544Z,Global,All Time,-,-,-,0,0,0
2026-04-18T15:31:32.544Z,Japanese,Now,-,-,-,0,0,0
2026-04-18T15:31:32.544Z,Japanese,Weekly,darari_nu,bb8dc65c-a5f6-4399-9aaf-9b9640dbf08c,Beast,1,1418,331
2026-04-18T15:31:32.544Z,Japanese,Monthly,coban3137,79cf91bc-167e-481f-9a49-b581919560c4,BINARY,13,5642,719
2026-04-18T15:31:32.544Z,Japanese,All Time,-,-,-,0,0,0
2026-04-18T16:30:17.241Z,Global,Now,-,-,-,0,0,0
2026-04-18T16:30:17.241Z,Global,Weekly,darari_nu,bb8dc65c-a5f6-4399-9aaf-9b9640dbf08c,Beast,7,1418,331
2026-04-18T16:30:17.241Z,Global,Monthly,-,-,-,0,0,0
2026-04-18T16:30:17.241Z,Global,All Time,-,-,-,0,0,0
2026-04-18T16:30:17.241Z,Japanese,Now,-,-,-,0,0,0
2026-04-18T16:30:17.241Z,Japanese,Weekly,darari_nu,bb8dc65c-a5f6-4399-9aaf-9b9640dbf08c,Beast,1,1418,331
2026-04-18T16:30:17.241Z,Japanese,Monthly,coban3137,79cf91bc-167e-481f-9a49-b581919560c4,BINARY,13,5642,719
2026-04-18T16:30:17.241Z,Japanese,All Time,-,-,-,0,0,0
2026-04-18T17:30:38.918Z,Global,Now,-,-,-,0,0,0
2026-04-18T17:30:38.918Z,Global,Weekly,darari_nu,bb8dc65c-a5f6-4399-9aaf-9b9640dbf08c,Beast,7,1418,331
2026-04-18T17:30:38.918Z,Global,Monthly,-,-,-,0,0,0
2026-04-18T17:30:38.918Z,Global,All Time,-,-,-,0,0,0
2026-04-18T17:30:38.918Z,Japanese,Now,-,-,-,0,0,0
2026-04-18T17:30:38.918Z,Japanese,Weekly,darari_nu,bb8dc65c-a5f6-4399-9aaf-9b9640dbf08c,Beast,1,1418,331
2026-04-18T17:30:38.918Z,Japanese,Monthly,coban3137,79cf91bc-167e-481f-9a49-b581919560c4,BINARY,13,5642,719
2026-04-18T17:30:38.918Z,Japanese,All Time,-,-,-,0,0,0
2026-04-18T18:36:39.642Z,Global,Now,-,-,-,0,0,0
2026-04-18T18:36:39.642Z,Global,Weekly,darari_nu,bb8dc65c-a5f6-4399-9aaf-9b9640dbf08c,Beast,7,1418,332
2026-04-18T18:36:39.642Z,Global,Monthly,-,-,-,0,0,0
2026-04-18T18:36:39.642Z,Global,All Time,-,-,-,0,0,0
2026-04-18T18:36:39.642Z,Japanese,Now,-,-,-,0,0,0
2026-04-18T18:36:39.642Z,Japanese,Weekly,darari_nu,bb8dc65c-a5f6-4399-9aaf-9b9640dbf08c,Beast,1,1418,332
2026-04-18T18:36:39.642Z,Japanese,Monthly,coban3137,79cf91bc-167e-481f-9a49-b581919560c4,BINARY,13,5642,719
2026-04-18T18:36:39.642Z,Japanese,All Time,-,-,-,0,0,0
2026-04-18T19:36:32.026Z,Global,Now,-,-,-,0,0,0
2026-04-18T19:36:32.026Z,Global,Weekly,darari_nu,bb8dc65c-a5f6-4399-9aaf-9b9640dbf08c,Beast,7,1418,334
2026-04-18T19:36:32.026Z,Global,Monthly,-,-,-,0,0,0
2026-04-18T19:36:32.026Z,Global,All Time,-,-,-,0,0,0
2026-04-18T19:36:32.026Z,Japanese,Now,-,-,-,0,0,0
2026-04-18T19:36:32.026Z,Japanese,Weekly,darari_nu,bb8dc65c-a5f6-4399-9aaf-9b9640dbf08c,Beast,1,1418,334
2026-04-18T19:36:32.026Z,Japanese,Monthly,coban3137,79cf91bc-167e-481f-9a49-b581919560c4,BINARY,13,5642,719
2026-04-18T19:36:32.026Z,Japanese,All Time,-,-,-,0,0,0
2026-04-18T20:28:06.997Z,Global,Now,-,-,-,0,0,0
2026-04-18T20:28:06.997Z,Global,Weekly,darari_nu,bb8dc65c-a5f6-4399-9aaf-9b9640dbf08c,Beast,7,1418,334
2026-04-18T20:28:06.997Z,Global,Monthly,-,-,-,0,0,0
2026-04-18T20:28:06.997Z,Global,All Time,-,-,-,0,0,0
2026-04-18T20:28:06.997Z,Japanese,Now,-,-,-,0,0,0
2026-04-18T20:28:06.997Z,Japanese,Weekly,darari_nu,bb8dc65c-a5f6-4399-9aaf-9b9640dbf08c,Beast,1,1418,334
2026-04-18T20:28:06.997Z,Japanese,Monthly,coban3137,79cf91bc-167e-481f-9a49-b581919560c4,BINARY,13,5642,719
2026-04-18T20:28:06.997Z,Japanese,All Time,-,-,-,0,0,0
2026-04-18T21:27:20.493Z,Global,Now,-,-,-,0,0,0
2026-04-18T21:27:20.493Z,Global,Weekly,darari_nu,bb8dc65c-a5f6-4399-9aaf-9b9640dbf08c,Beast,7,1418,334
2026-04-18T21:27:20.493Z,Global,Monthly,-,-,-,0,0,0
2026-04-18T21:27:20.493Z,Global,All Time,-,-,-,0,0,0
2026-04-18T21:27:20.493Z,Japanese,Now,-,-,-,0,0,0
2026-04-18T21:27:20.493Z,Japanese,Weekly,darari_nu,bb8dc65c-a5f6-4399-9aaf-9b9640dbf08c,Beast,1,1418,334
2026-04-18T21:27:20.493Z,Japanese,Monthly,coban3137,79cf91bc-167e-481f-9a49-b581919560c4,BINARY,13,5642,719
2026-04-18T21:27:20.493Z,Japanese,All Time,-,-,-,0,0,0
2026-04-18T22:26:31.456Z,Global,Now,-,-,-,0,0,0
2026-04-18T22:26:31.456Z,Global,Weekly,darari_nu,bb8dc65c-a5f6-4399-9aaf-9b9640dbf08c,Beast,7,1418,334
2026-04-18T22:26:31.456Z,Global,Monthly,-,-,-,0,0,0
2026-04-18T22:26:31.456Z,Global,All Time,-,-,-,0,0,0
2026-04-18T22:26:31.456Z,Japanese,Now,coban3137,413d7a37-0488-402b-9eff-e6129ed0b8f4,水脈,9,1872,383
2026-04-18T22:26:31.456Z,Japanese,Now,darari_nu,bb8dc65c-a5f6-4399-9aaf-9b9640dbf08c,Beast,17,1418,334
2026-04-18T22:26:31.456Z,Japanese,Weekly,darari_nu,bb8dc65c-a5f6-4399-9aaf-9b9640dbf08c,Beast,1,1418,334
2026-04-18T22:26:31.456Z,Japanese,Monthly,coban3137,79cf91bc-167e-481f-9a49-b581919560c4,BINARY,13,5642,719
2026-04-18T22:26:31.456Z,Japanese,All Time,-,-,-,0,0,0
2026-04-18T23:27:45.674Z,Global,Now,-,-,-,0,0,0
2026-04-18T23:27:45.674Z,Global,Weekly,darari_nu,bb8dc65c-a5f6-4399-9aaf-9b9640dbf08c,Beast,7,1418,334
2026-04-18T23:27:45.674Z,Global,Monthly,-,-,-,0,0,0
2026-04-18T23:27:45.674Z,Global,All Time,-,-,-,0,0,0
2026-04-18T23:27:45.674Z,Japanese,Now,coban3137,413d7a37-0488-402b-9eff-e6129ed0b8f4,水脈,9,1872,383
2026-04-18T23:27:45.674Z,Japanese,Now,darari_nu,bb8dc65c-a5f6-4399-9aaf-9b9640dbf08c,Beast,17,1418,334
2026-04-18T23:27:45.674Z,Japanese,Weekly,darari_nu,bb8dc65c-a5f6-4399-9aaf-9b9640dbf08c,Beast,1,1418,334
2026-04-18T23:27:45.674Z,Japanese,Monthly,coban3137,79cf91bc-167e-481f-9a49-b581919560c4,BINARY,13,5642,719
2026-04-18T23:27:45.674Z,Japanese,All Time,-,-,-,0,0,0
2026-04-19T01:55:52.027Z,Global,Now,-,-,-,0,0,0
2026-04-19T01:55:52.027Z,Global,Weekly,darari_nu,bb8dc65c-a5f6-4399-9aaf-9b9640dbf08c,Beast,7,1478,335
2026-04-19T01:55:52.027Z,Global,Monthly,-,-,-,0,0,0
2026-04-19T01:55:52.027Z,Global,All Time,-,-,-,0,0,0
2026-04-19T01:55:52.027Z,Japanese,Now,coban3137,413d7a37-0488-402b-9eff-e6129ed0b8f4,水脈,9,1872,383
2026-04-19T01:55:52.027Z,Japanese,Now,darari_nu,bb8dc65c-a5f6-4399-9aaf-9b9640dbf08c,Beast,17,1478,335
2026-04-19T01:55:52.027Z,Japanese,Weekly,darari_nu,bb8dc65c-a5f6-4399-9aaf-9b9640dbf08c,Beast,1,1478,335
2026-04-19T01:55:52.027Z,Japanese,Monthly,coban3137,79cf91bc-167e-481f-9a49-b581919560c4,BINARY,13,5642,719
2026-04-19T01:55:52.027Z,Japanese,All Time,-,-,-,0,0,0
2026-04-19T04:47:15.123Z,Global,Now,-,-,-,0,0,0
2026-04-19T04:47:15.123Z,Global,Weekly,darari_nu,bb8dc65c-a5f6-4399-9aaf-9b9640dbf08c,Beast,4,1478,336
2026-04-19T04:47:15.123Z,Global,Monthly,-,-,-,0,0,0
2026-04-19T04:47:15.123Z,Global,All Time,-,-,-,0,0,0
2026-04-19T04:47:15.123Z,Japanese,Now,coban3137,413d7a37-0488-402b-9eff-e6129ed0b8f4,水脈,9,1872,383
2026-04-19T04:47:15.123Z,Japanese,Now,darari_nu,bb8dc65c-a5f6-4399-9aaf-9b9640dbf08c,Beast,17,1478,336
2026-04-19T04:47:15.123Z,Japanese,Weekly,darari_nu,bb8dc65c-a5f6-4399-9aaf-9b9640dbf08c,Beast,1,1478,336
2026-04-19T04:47:15.123Z,Japanese,Monthly,coban3137,79cf91bc-167e-481f-9a49-b581919560c4,BINARY,13,5642,719
2026-04-19T04:47:15.123Z,Japanese,All Time,-,-,-,0,0,0
2026-04-19T06:26:08.666Z,Global,Now,-,-,-,0,0,0
2026-04-19T06:26:08.666Z,Global,Weekly,darari_nu,bb8dc65c-a5f6-4399-9aaf-9b9640dbf08c,Beast,4,1478,336
2026-04-19T06:26:08.666Z,Global,Monthly,-,-,-,0,0,0
2026-04-19T06:26:08.666Z,Global,All Time,-,-,-,0,0,0
2026-04-19T06:26:08.666Z,Japanese,Now,coban3137,413d7a37-0488-402b-9eff-e6129ed0b8f4,水脈,9,1891,384
2026-04-19T06:26:08.666Z,Japanese,Now,darari_nu,bb8dc65c-a5f6-4399-9aaf-9b9640dbf08c,Beast,17,1478,336
2026-04-19T06:26:08.666Z,Japanese,Weekly,darari_nu,bb8dc65c-a5f6-4399-9aaf-9b9640dbf08c,Beast,1,1478,336
2026-04-19T06:26:08.666Z,Japanese,Monthly,coban3137,79cf91bc-167e-481f-9a49-b581919560c4,BINARY,13,5642,719
2026-04-19T06:26:08.666Z,Japanese,All Time,-,-,-,0,0,0
2026-04-19T08:02:56.132Z,Global,Now,-,-,-,0,0,0
2026-04-19T08:02:56.132Z,Global,Weekly,darari_nu,bb8dc65c-a5f6-4399-9aaf-9b9640dbf08c,Beast,4,1486,336
2026-04-19T08:02:56.132Z,Global,Monthly,-,-,-,0,0,0
2026-04-19T08:02:56.132Z,Global,All Time,-,-,-,0,0,0
2026-04-19T08:02:56.132Z,Japanese,Now,coban3137,413d7a37-0488-402b-9eff-e6129ed0b8f4,水脈,9,1891,384
2026-04-19T08:02:56.132Z,Japanese,Now,darari_nu,bb8dc65c-a5f6-4399-9aaf-9b9640dbf08c,Beast,17,1486,336
2026-04-19T08:02:56.132Z,Japanese,Weekly,darari_nu,bb8dc65c-a5f6-4399-9aaf-9b9640dbf08c,Beast,1,1486,336
2026-04-19T08:02:56.132Z,Japanese,Monthly,coban3137,79cf91bc-167e-481f-9a49-b581919560c4,BINARY,13,5642,719
2026-04-19T08:02:56.132Z,Japanese,All Time,-,-,-,0,0,0
2026-04-19T09:40:38.663Z,Global,Now,-,-,-,0,0,0
2026-04-19T09:40:38.663Z,Global,Weekly,darari_nu,bb8dc65c-a5f6-4399-9aaf-9b9640dbf08c,Beast,4,1501,336
2026-04-19T09:40:38.663Z,Global,Monthly,-,-,-,0,0,0
2026-04-19T09:40:38.663Z,Global,All Time,-,-,-,0,0,0
2026-04-19T09:40:38.663Z,Japanese,Now,coban3137,413d7a37-0488-402b-9eff-e6129ed0b8f4,水脈,9,1891,384
2026-04-19T09:40:38.663Z,Japanese,Now,darari_nu,bb8dc65c-a5f6-4399-9aaf-9b9640dbf08c,Beast,17,1501,336
2026-04-19T09:40:38.663Z,Japanese,Weekly,darari_nu,bb8dc65c-a5f6-4399-9aaf-9b9640dbf08c,Beast,1,1501,336
2026-04-19T09:40:38.663Z,Japanese,Monthly,coban3137,79cf91bc-167e-481f-9a49-b581919560c4,BINARY,13,5642,719
2026-04-19T09:40:38.663Z,Japanese,All Time,-,-,-,0,0,0
2026-04-19T10:32:49.361Z,Global,Now,-,-,-,0,0,0
2026-04-19T10:32:49.361Z,Global,Weekly,darari_nu,bb8dc65c-a5f6-4399-9aaf-9b9640dbf08c,Beast,4,1501,336
2026-04-19T10:32:49.361Z,Global,Monthly,-,-,-,0,0,0
2026-04-19T10:32:49.361Z,Global,All Time,-,-,-,0,0,0
2026-04-19T10:32:49.361Z,Japanese,Now,coban3137,413d7a37-0488-402b-9eff-e6129ed0b8f4,水脈,9,1891,384
2026-04-19T10:32:49.361Z,Japanese,Now,darari_nu,bb8dc65c-a5f6-4399-9aaf-9b9640dbf08c,Beast,16,1501,336
2026-04-19T10:32:49.361Z,Japanese,Weekly,darari_nu,bb8dc65c-a5f6-4399-9aaf-9b9640dbf08c,Beast,1,1501,336
2026-04-19T10:32:49.361Z,Japanese,Monthly,coban3137,79cf91bc-167e-481f-9a49-b581919560c4,BINARY,13,5642,719
2026-04-19T10:32:49.361Z,Japanese,All Time,-,-,-,0,0,0
2026-04-19T11:29:28.231Z,Global,Now,-,-,-,0,0,0
2026-04-19T11:29:28.231Z,Global,Weekly,darari_nu,bb8dc65c-a5f6-4399-9aaf-9b9640dbf08c,Beast,4,1501,336
2026-04-19T11:29:28.231Z,Global,Monthly,-,-,-,0,0,0
2026-04-19T11:29:28.231Z,Global,All Time,-,-,-,0,0,0
2026-04-19T11:29:28.231Z,Japanese,Now,coban3137,413d7a37-0488-402b-9eff-e6129ed0b8f4,水脈,9,1891,384
2026-04-19T11:29:28.231Z,Japanese,Now,darari_nu,bb8dc65c-a5f6-4399-9aaf-9b9640dbf08c,Beast,16,1501,336
2026-04-19T11:29:28.231Z,Japanese,Weekly,darari_nu,bb8dc65c-a5f6-4399-9aaf-9b9640dbf08c,Beast,1,1501,336
2026-04-19T11:29:28.231Z,Japanese,Monthly,coban3137,79cf91bc-167e-481f-9a49-b581919560c4,BINARY,13,5642,719
2026-04-19T11:29:28.231Z,Japanese,All Time,-,-,-,0,0,0
2026-04-19T12:42:36.086Z,Global,Now,-,-,-,0,0,0
2026-04-19T12:42:36.086Z,Global,Weekly,darari_nu,bb8dc65c-a5f6-4399-9aaf-9b9640dbf08c,Beast,4,1501,336
2026-04-19T12:42:36.086Z,Global,Monthly,-,-,-,0,0,0
2026-04-19T12:42:36.086Z,Global,All Time,-,-,-,0,0,0
2026-04-19T12:42:36.086Z,Japanese,Now,coban3137,413d7a37-0488-402b-9eff-e6129ed0b8f4,水脈,9,1891,384
2026-04-19T12:42:36.086Z,Japanese,Now,darari_nu,bb8dc65c-a5f6-4399-9aaf-9b9640dbf08c,Beast,16,1501,336
2026-04-19T12:42:36.086Z,Japanese,Weekly,darari_nu,bb8dc65c-a5f6-4399-9aaf-9b9640dbf08c,Beast,1,1501,336
2026-04-19T12:42:36.086Z,Japanese,Monthly,coban3137,79cf91bc-167e-481f-9a49-b581919560c4,BINARY,13,5642,719
2026-04-19T12:42:36.086Z,Japanese,All Time,-,-,-,0,0,0
2026-04-19T13:55:35.931Z,Global,Now,-,-,-,0,0,0
2026-04-19T13:55:35.931Z,Global,Weekly,darari_nu,bb8dc65c-a5f6-4399-9aaf-9b9640dbf08c,Beast,4,1501,337
2026-04-19T13:55:35.931Z,Global,Monthly,-,-,-,0,0,0
2026-04-19T13:55:35.931Z,Global,All Time,-,-,-,0,0,0
2026-04-19T13:55:35.931Z,Japanese,Now,coban3137,413d7a37-0488-402b-9eff-e6129ed0b8f4,水脈,9,1891,384
2026-04-19T13:55:35.931Z,Japanese,Now,darari_nu,bb8dc65c-a5f6-4399-9aaf-9b9640dbf08c,Beast,16,1501,337
2026-04-19T13:55:35.931Z,Japanese,Weekly,darari_nu,bb8dc65c-a5f6-4399-9aaf-9b9640dbf08c,Beast,1,1501,337
2026-04-19T13:55:35.931Z,Japanese,Monthly,coban3137,79cf91bc-167e-481f-9a49-b581919560c4,BINARY,13,5642,719
2026-04-19T13:55:35.931Z,Japanese,All Time,-,-,-,0,0,0
2026-04-19T14:36:39.229Z,Global,Now,-,-,-,0,0,0
2026-04-19T14:36:39.229Z,Global,Weekly,darari_nu,bb8dc65c-a5f6-4399-9aaf-9b9640dbf08c,Beast,4,1501,339
2026-04-19T14:36:39.229Z,Global,Monthly,-,-,-,0,0,0
2026-04-19T14:36:39.229Z,Global,All Time,-,-,-,0,0,0
2026-04-19T14:36:39.229Z,Japanese,Now,coban3137,413d7a37-0488-402b-9eff-e6129ed0b8f4,水脈,8,1891,384
2026-04-19T14:36:39.229Z,Japanese,Now,darari_nu,bb8dc65c-a5f6-4399-9aaf-9b9640dbf08c,Beast,16,1501,339
2026-04-19T14:36:39.229Z,Japanese,Weekly,darari_nu,bb8dc65c-a5f6-4399-9aaf-9b9640dbf08c,Beast,1,1501,339
2026-04-19T14:36:39.229Z,Japanese,Monthly,coban3137,79cf91bc-167e-481f-9a49-b581919560c4,BINARY,13,5642,719
2026-04-19T14:36:39.229Z,Japanese,All Time,-,-,-,0,0,0
2026-04-19T15:31:31.386Z,Global,Now,-,-,-,0,0,0
2026-04-19T15:31:31.386Z,Global,Weekly,darari_nu,bb8dc65c-a5f6-4399-9aaf-9b9640dbf08c,Beast,4,1501,339
2026-04-19T15:31:31.386Z,Global,Monthly,-,-,-,0,0,0
2026-04-19T15:31:31.386Z,Global,All Time,-,-,-,0,0,0
2026-04-19T15:31:31.386Z,Japanese,Now,coban3137,413d7a37-0488-402b-9eff-e6129ed0b8f4,水脈,8,1891,384
2026-04-19T15:31:31.386Z,Japanese,Now,darari_nu,bb8dc65c-a5f6-4399-9aaf-9b9640dbf08c,Beast,16,1501,339
2026-04-19T15:31:31.386Z,Japanese,Weekly,darari_nu,bb8dc65c-a5f6-4399-9aaf-9b9640dbf08c,Beast,1,1501,339
2026-04-19T15:31:31.386Z,Japanese,Monthly,coban3137,79cf91bc-167e-481f-9a49-b581919560c4,BINARY,13,5642,719
2026-04-19T15:31:31.386Z,Japanese,All Time,-,-,-,0,0,0
2026-04-19T16:31:14.065Z,Global,Now,-,-,-,0,0,0
2026-04-19T16:31:14.065Z,Global,Weekly,darari_nu,bb8dc65c-a5f6-4399-9aaf-9b9640dbf08c,Beast,4,1501,340
2026-04-19T16:31:14.065Z,Global,Monthly,-,-,-,0,0,0
2026-04-19T16:31:14.065Z,Global,All Time,-,-,-,0,0,0
2026-04-19T16:31:14.065Z,Japanese,Now,coban3137,413d7a37-0488-402b-9eff-e6129ed0b8f4,水脈,8,1891,384
2026-04-19T16:31:14.065Z,Japanese,Now,darari_nu,bb8dc65c-a5f6-4399-9aaf-9b9640dbf08c,Beast,15,1501,340
2026-04-19T16:31:14.065Z,Japanese,Weekly,darari_nu,bb8dc65c-a5f6-4399-9aaf-9b9640dbf08c,Beast,1,1501,340
2026-04-19T16:31:14.065Z,Japanese,Monthly,coban3137,79cf91bc-167e-481f-9a49-b581919560c4,BINARY,13,5642,719
2026-04-19T16:31:14.065Z,Japanese,All Time,-,-,-,0,0,0
2026-04-19T17:29:39.670Z,Global,Now,-,-,-,0,0,0
2026-04-19T17:29:39.670Z,Global,Weekly,darari_nu,bb8dc65c-a5f6-4399-9aaf-9b9640dbf08c,Beast,4,1501,340
2026-04-19T17:29:39.670Z,Global,Monthly,-,-,-,0,0,0
2026-04-19T17:29:39.670Z,Global,All Time,-,-,-,0,0,0
2026-04-19T17:29:39.670Z,Japanese,Now,coban3137,413d7a37-0488-402b-9eff-e6129ed0b8f4,水脈,8,1891,386
2026-04-19T17:29:39.670Z,Japanese,Now,darari_nu,bb8dc65c-a5f6-4399-9aaf-9b9640dbf08c,Beast,15,1501,340
2026-04-19T17:29:39.670Z,Japanese,Weekly,darari_nu,bb8dc65c-a5f6-4399-9aaf-9b9640dbf08c,Beast,1,1501,340
2026-04-19T17:29:39.670Z,Japanese,Monthly,coban3137,79cf91bc-167e-481f-9a49-b581919560c4,BINARY,13,5642,720
2026-04-19T17:29:39.670Z,Japanese,All Time,-,-,-,0,0,0
2026-04-19T18:37:29.278Z,Global,Now,-,-,-,0,0,0
2026-04-19T18:37:29.278Z,Global,Weekly,darari_nu,bb8dc65c-a5f6-4399-9aaf-9b9640dbf08c,Beast,4,1501,343
2026-04-19T18:37:29.278Z,Global,Monthly,-,-,-,0,0,0
2026-04-19T18:37:29.278Z,Global,All Time,-,-,-,0,0,0
2026-04-19T18:37:29.278Z,Japanese,Now,coban3137,413d7a37-0488-402b-9eff-e6129ed0b8f4,水脈,8,1891,386
2026-04-19T18:37:29.278Z,Japanese,Now,darari_nu,bb8dc65c-a5f6-4399-9aaf-9b9640dbf08c,Beast,14,1501,343
2026-04-19T18:37:29.278Z,Japanese,Weekly,darari_nu,bb8dc65c-a5f6-4399-9aaf-9b9640dbf08c,Beast,1,1501,343
2026-04-19T18:37:29.278Z,Japanese,Monthly,coban3137,79cf91bc-167e-481f-9a49-b581919560c4,BINARY,13,5642,720
2026-04-19T18:37:29.278Z,Japanese,All Time,-,-,-,0,0,0
2026-04-19T19:36:45.356Z,Global,Now,-,-,-,0,0,0
2026-04-19T19:36:45.356Z,Global,Weekly,darari_nu,bb8dc65c-a5f6-4399-9aaf-9b9640dbf08c,Beast,4,1501,344
2026-04-19T19:36:45.356Z,Global,Monthly,-,-,-,0,0,0
2026-04-19T19:36:45.356Z,Global,All Time,-,-,-,0,0,0
2026-04-19T19:36:45.356Z,Japanese,Now,coban3137,413d7a37-0488-402b-9eff-e6129ed0b8f4,水脈,8,1891,386
2026-04-19T19:36:45.356Z,Japanese,Now,darari_nu,bb8dc65c-a5f6-4399-9aaf-9b9640dbf08c,Beast,14,1501,344
2026-04-19T19:36:45.356Z,Japanese,Weekly,darari_nu,bb8dc65c-a5f6-4399-9aaf-9b9640dbf08c,Beast,1,1501,344
2026-04-19T19:36:45.356Z,Japanese,Monthly,coban3137,79cf91bc-167e-481f-9a49-b581919560c4,BINARY,13,5642,720
2026-04-19T19:36:45.356Z,Japanese,All Time,-,-,-,0,0,0
2026-04-19T20:29:17.005Z,Global,Now,-,-,-,0,0,0
2026-04-19T20:29:17.005Z,Global,Weekly,darari_nu,bb8dc65c-a5f6-4399-9aaf-9b9640dbf08c,Beast,4,1501,344
2026-04-19T20:29:17.005Z,Global,Monthly,-,-,-,0,0,0
2026-04-19T20:29:17.005Z,Global,All Time,-,-,-,0,0,0
2026-04-19T20:29:17.005Z,Japanese,Now,coban3137,413d7a37-0488-402b-9eff-e6129ed0b8f4,水脈,8,1891,386
2026-04-19T20:29:17.005Z,Japanese,Now,darari_nu,bb8dc65c-a5f6-4399-9aaf-9b9640dbf08c,Beast,14,1501,344
2026-04-19T20:29:17.005Z,Japanese,Weekly,darari_nu,bb8dc65c-a5f6-4399-9aaf-9b9640dbf08c,Beast,1,1501,344
2026-04-19T20:29:17.005Z,Japanese,Monthly,coban3137,79cf91bc-167e-481f-9a49-b581919560c4,BINARY,13,5642,720
2026-04-19T20:29:17.005Z,Japanese,All Time,-,-,-,0,0,0
2026-04-19T21:28:28.710Z,Global,Now,-,-,-,0,0,0
2026-04-19T21:28:28.710Z,Global,Weekly,darari_nu,bb8dc65c-a5f6-4399-9aaf-9b9640dbf08c,Beast,4,1501,345
2026-04-19T21:28:28.710Z,Global,Monthly,-,-,-,0,0,0
2026-04-19T21:28:28.710Z,Global,All Time,-,-,-,0,0,0
2026-04-19T21:28:28.710Z,Japanese,Now,coban3137,413d7a37-0488-402b-9eff-e6129ed0b8f4,水脈,8,1891,386
2026-04-19T21:28:28.710Z,Japanese,Now,darari_nu,bb8dc65c-a5f6-4399-9aaf-9b9640dbf08c,Beast,14,1501,345
2026-04-19T21:28:28.710Z,Japanese,Weekly,darari_nu,bb8dc65c-a5f6-4399-9aaf-9b9640dbf08c,Beast,1,1501,345
2026-04-19T21:28:28.710Z,Japanese,Monthly,coban3137,79cf91bc-167e-481f-9a49-b581919560c4,BINARY,13,5642,720
2026-04-19T21:28:28.710Z,Japanese,All Time,-,-,-,0,0,0
2026-04-19T22:27:34.297Z,Global,Now,-,-,-,0,0,0
2026-04-19T22:27:34.297Z,Global,Weekly,darari_nu,bb8dc65c-a5f6-4399-9aaf-9b9640dbf08c,Beast,4,1501,345
2026-04-19T22:27:34.297Z,Global,Monthly,-,-,-,0,0,0
2026-04-19T22:27:34.297Z,Global,All Time,-,-,-,0,0,0
2026-04-19T22:27:34.297Z,Japanese,Now,coban3137,413d7a37-0488-402b-9eff-e6129ed0b8f4,水脈,8,1891,386
2026-04-19T22:27:34.297Z,Japanese,Now,darari_nu,bb8dc65c-a5f6-4399-9aaf-9b9640dbf08c,Beast,14,1501,345
2026-04-19T22:27:34.297Z,Japanese,Weekly,darari_nu,bb8dc65c-a5f6-4399-9aaf-9b9640dbf08c,Beast,1,1501,345
2026-04-19T22:27:34.297Z,Japanese,Monthly,coban3137,79cf91bc-167e-481f-9a49-b581919560c4,BINARY,13,5642,720
2026-04-19T22:27:34.297Z,Japanese,All Time,-,-,-,0,0,0
2026-04-19T23:29:34.041Z,Global,Now,-,-,-,0,0,0
2026-04-19T23:29:34.041Z,Global,Weekly,darari_nu,bb8dc65c-a5f6-4399-9aaf-9b9640dbf08c,Beast,4,1501,345
2026-04-19T23:29:34.041Z,Global,Monthly,-,-,-,0,0,0
2026-04-19T23:29:34.041Z,Global,All Time,-,-,-,0,0,0
2026-04-19T23:29:34.041Z,Japanese,Now,coban3137,413d7a37-0488-402b-9eff-e6129ed0b8f4,水脈,8,1891,386
2026-04-19T23:29:34.041Z,Japanese,Now,darari_nu,bb8dc65c-a5f6-4399-9aaf-9b9640dbf08c,Beast,14,1501,345
2026-04-19T23:29:34.041Z,Japanese,Weekly,darari_nu,bb8dc65c-a5f6-4399-9aaf-9b9640dbf08c,Beast,1,1501,345
2026-04-19T23:29:34.041Z,Japanese,Monthly,coban3137,79cf91bc-167e-481f-9a49-b581919560c4,BINARY,13,5642,720
2026-04-19T23:29:34.041Z,Japanese,All Time,-,-,-,0,0,0
2026-04-20T01:57:24.563Z,Global,Now,-,-,-,0,0,0
2026-04-20T01:57:24.563Z,Global,Weekly,darari_nu,bb8dc65c-a5f6-4399-9aaf-9b9640dbf08c,Beast,4,1501,348
2026-04-20T01:57:24.563Z,Global,Monthly,-,-,-,0,0,0
2026-04-20T01:57:24.563Z,Global,All Time,-,-,-,0,0,0
2026-04-20T01:57:24.563Z,Japanese,Now,coban3137,413d7a37-0488-402b-9eff-e6129ed0b8f4,水脈,8,1891,386
2026-04-20T01:57:24.563Z,Japanese,Now,darari_nu,bb8dc65c-a5f6-4399-9aaf-9b9640dbf08c,Beast,13,1501,348
2026-04-20T01:57:24.563Z,Japanese,Weekly,darari_nu,bb8dc65c-a5f6-4399-9aaf-9b9640dbf08c,Beast,1,1501,348
2026-04-20T01:57:24.563Z,Japanese,Monthly,coban3137,79cf91bc-167e-481f-9a49-b581919560c4,BINARY,13,5642,720
2026-04-20T01:57:24.563Z,Japanese,All Time,-,-,-,0,0,0
2026-04-20T04:56:40.129Z,Global,Now,-,-,-,0,0,0
2026-04-20T04:56:40.129Z,Global,Weekly,darari_nu,bb8dc65c-a5f6-4399-9aaf-9b9640dbf08c,Beast,4,1501,349
2026-04-20T04:56:40.129Z,Global,Monthly,-,-,-,0,0,0
2026-04-20T04:56:40.129Z,Global,All Time,-,-,-,0,0,0
2026-04-20T04:56:40.129Z,Japanese,Now,darari_nu,c6e83917-aead-4a3e-b6aa-9f825fa1471d,The Antidote,19,245,80
2026-04-20T04:56:40.129Z,Japanese,Weekly,darari_nu,bb8dc65c-a5f6-4399-9aaf-9b9640dbf08c,Beast,1,1501,349
2026-04-20T04:56:40.129Z,Japanese,Monthly,coban3137,79cf91bc-167e-481f-9a49-b581919560c4,BINARY,13,5642,720
2026-04-20T04:56:40.129Z,Japanese,All Time,-,-,-,0,0,0
2026-04-20T07:14:09.440Z,Global,Now,-,-,-,0,0,0
2026-04-20T07:14:09.440Z,Global,Weekly,darari_nu,bb8dc65c-a5f6-4399-9aaf-9b9640dbf08c,Beast,4,1533,353
2026-04-20T07:14:09.440Z,Global,Monthly,-,-,-,0,0,0
2026-04-20T07:14:09.440Z,Global,All Time,-,-,-,0,0,0
2026-04-20T07:14:09.440Z,Japanese,Now,darari_nu,c6e83917-aead-4a3e-b6aa-9f825fa1471d,The Antidote,15,252,95
2026-04-20T07:14:09.440Z,Japanese,Weekly,darari_nu,bb8dc65c-a5f6-4399-9aaf-9b9640dbf08c,Beast,1,1533,353
2026-04-20T07:14:09.440Z,Japanese,Monthly,coban3137,79cf91bc-167e-481f-9a49-b581919560c4,BINARY,13,5642,720
2026-04-20T07:14:09.440Z,Japanese,All Time,-,-,-,0,0,0
2026-04-20T09:51:53.118Z,Global,Now,-,-,-,0,0,0
2026-04-20T09:51:53.118Z,Global,Weekly,darari_nu,bb8dc65c-a5f6-4399-9aaf-9b9640dbf08c,Beast,4,1533,360
2026-04-20T09:51:53.118Z,Global,Monthly,-,-,-,0,0,0
2026-04-20T09:51:53.118Z,Global,All Time,-,-,-,0,0,0
2026-04-20T09:51:53.118Z,Japanese,Now,darari_nu,c6e83917-aead-4a3e-b6aa-9f825fa1471d,The Antidote,11,252,110
2026-04-20T09:51:53.118Z,Japanese,Weekly,darari_nu,bb8dc65c-a5f6-4399-9aaf-9b9640dbf08c,Beast,1,1533,360
2026-04-20T09:51:53.118Z,Japanese,Monthly,coban3137,79cf91bc-167e-481f-9a49-b581919560c4,BINARY,13,5642,720
2026-04-20T09:51:53.118Z,Japanese,All Time,-,-,-,0,0,0
2026-04-20T11:14:54.257Z,Global,Now,-,-,-,0,0,0
2026-04-20T11:14:54.257Z,Global,Weekly,darari_nu,bb8dc65c-a5f6-4399-9aaf-9b9640dbf08c,Beast,4,1533,361
2026-04-20T11:14:54.257Z,Global,Monthly,-,-,-,0,0,0
2026-04-20T11:14:54.257Z,Global,All Time,-,-,-,0,0,0
2026-04-20T11:14:54.257Z,Japanese,Now,darari_nu,c6e83917-aead-4a3e-b6aa-9f825fa1471d,The Antidote,8,266,118
2026-04-20T11:14:54.257Z,Japanese,Weekly,darari_nu,bb8dc65c-a5f6-4399-9aaf-9b9640dbf08c,Beast,1,1533,361
2026-04-20T11:14:54.257Z,Japanese,Monthly,coban3137,79cf91bc-167e-481f-9a49-b581919560c4,BINARY,13,5642,720
2026-04-20T11:14:54.257Z,Japanese,All Time,-,-,-,0,0,0
2026-04-20T13:11:11.803Z,Global,Now,-,-,-,0,0,0
2026-04-20T13:11:11.803Z,Global,Weekly,darari_nu,bb8dc65c-a5f6-4399-9aaf-9b9640dbf08c,Beast,4,1533,365
2026-04-20T13:11:11.803Z,Global,Monthly,-,-,-,0,0,0
2026-04-20T13:11:11.803Z,Global,All Time,-,-,-,0,0,0
2026-04-20T13:11:11.803Z,Japanese,Now,darari_nu,c6e83917-aead-4a3e-b6aa-9f825fa1471d,The Antidote,7,281,135
2026-04-20T13:11:11.803Z,Japanese,Weekly,darari_nu,bb8dc65c-a5f6-4399-9aaf-9b9640dbf08c,Beast,1,1533,365
2026-04-20T13:11:11.803Z,Japanese,Monthly,coban3137,79cf91bc-167e-481f-9a49-b581919560c4,BINARY,13,5642,720
2026-04-20T13:11:11.803Z,Japanese,All Time,-,-,-,0,0,0
2026-04-20T15:12:20.159Z,Global,Now,-,-,-,0,0,0
2026-04-20T15:12:20.159Z,Global,Weekly,darari_nu,bb8dc65c-a5f6-4399-9aaf-9b9640dbf08c,Beast,4,1556,372
2026-04-20T15:12:20.159Z,Global,Monthly,-,-,-,0,0,0
2026-04-20T15:12:20.159Z,Global,All Time,-,-,-,0,0,0
2026-04-20T15:12:20.159Z,Japanese,Now,darari_nu,c6e83917-aead-4a3e-b6aa-9f825fa1471d,The Antidote,4,320,162
2026-04-20T15:12:20.159Z,Japanese,Weekly,darari_nu,bb8dc65c-a5f6-4399-9aaf-9b9640dbf08c,Beast,1,1556,372
2026-04-20T15:12:20.159Z,Japanese,Monthly,coban3137,79cf91bc-167e-481f-9a49-b581919560c4,BINARY,13,5642,720
2026-04-20T15:12:20.159Z,Japanese,All Time,-,-,-,0,0,0
2026-04-20T16:57:38.754Z,Global,Now,-,-,-,0,0,0
2026-04-20T16:57:38.754Z,Global,Weekly,darari_nu,bb8dc65c-a5f6-4399-9aaf-9b9640dbf08c,Beast,4,1596,376
2026-04-20T16:57:38.754Z,Global,Monthly,-,-,-,0,0,0
2026-04-20T16:57:38.754Z,Global,All Time,-,-,-,0,0,0
2026-04-20T16:57:38.754Z,Japanese,Now,darari_nu,c6e83917-aead-4a3e-b6aa-9f825fa1471d,The Antidote,4,328,171
2026-04-20T16:57:38.754Z,Japanese,Weekly,darari_nu,bb8dc65c-a5f6-4399-9aaf-9b9640dbf08c,Beast,1,1596,376
2026-04-20T16:57:38.754Z,Japanese,Monthly,coban3137,79cf91bc-167e-481f-9a49-b581919560c4,BINARY,13,5642,721
2026-04-20T16:57:38.754Z,Japanese,All Time,-,-,-,0,0,0
2026-04-20T17:56:13.451Z,Global,Now,-,-,-,0,0,0
2026-04-20T17:56:13.451Z,Global,Weekly,darari_nu,bb8dc65c-a5f6-4399-9aaf-9b9640dbf08c,Beast,4,1596,376
2026-04-20T17:56:13.451Z,Global,Monthly,-,-,-,0,0,0
2026-04-20T17:56:13.451Z,Global,All Time,-,-,-,0,0,0
2026-04-20T17:56:13.451Z,Japanese,Now,darari_nu,c6e83917-aead-4a3e-b6aa-9f825fa1471d,The Antidote,4,328,175
2026-04-20T17:56:13.451Z,Japanese,Weekly,darari_nu,bb8dc65c-a5f6-4399-9aaf-9b9640dbf08c,Beast,1,1596,376
2026-04-20T17:56:13.451Z,Japanese,Monthly,coban3137,79cf91bc-167e-481f-9a49-b581919560c4,BINARY,13,5642,721
2026-04-20T17:56:13.451Z,Japanese,All Time,-,-,-,0,0,0
2026-04-20T18:57:11.365Z,Global,Now,-,-,-,0,0,0
2026-04-20T18:57:11.365Z,Global,Weekly,darari_nu,bb8dc65c-a5f6-4399-9aaf-9b9640dbf08c,Beast,4,1596,376
2026-04-20T18:57:11.365Z,Global,Monthly,-,-,-,0,0,0
2026-04-20T18:57:11.365Z,Global,All Time,-,-,-,0,0,0
2026-04-20T18:57:11.365Z,Japanese,Now,darari_nu,c6e83917-aead-4a3e-b6aa-9f825fa1471d,The Antidote,4,343,178
2026-04-20T18:57:11.365Z,Japanese,Weekly,darari_nu,bb8dc65c-a5f6-4399-9aaf-9b9640dbf08c,Beast,1,1596,376
2026-04-20T18:57:11.365Z,Japanese,Monthly,coban3137,79cf91bc-167e-481f-9a49-b581919560c4,BINARY,13,5642,721
2026-04-20T18:57:11.365Z,Japanese,All Time,-,-,-,0,0,0
2026-04-20T19:58:43.187Z,Global,Now,-,-,-,0,0,0
2026-04-20T19:58:43.187Z,Global,Weekly,darari_nu,bb8dc65c-a5f6-4399-9aaf-9b9640dbf08c,Beast,4,1596,376
2026-04-20T19:58:43.187Z,Global,Monthly,-,-,-,0,0,0
2026-04-20T19:58:43.187Z,Global,All Time,-,-,-,0,0,0
2026-04-20T19:58:43.187Z,Japanese,Now,darari_nu,c6e83917-aead-4a3e-b6aa-9f825fa1471d,The Antidote,4,343,178
2026-04-20T19:58:43.187Z,Japanese,Weekly,darari_nu,bb8dc65c-a5f6-4399-9aaf-9b9640dbf08c,Beast,1,1596,376
2026-04-20T19:58:43.187Z,Japanese,Monthly,coban3137,79cf91bc-167e-481f-9a49-b581919560c4,BINARY,13,5642,722
2026-04-20T19:58:43.187Z,Japanese,All Time,-,-,-,0,0,0
2026-04-20T20:49:02.171Z,Global,Now,-,-,-,0,0,0
2026-04-20T20:49:02.171Z,Global,Weekly,darari_nu,bb8dc65c-a5f6-4399-9aaf-9b9640dbf08c,Beast,4,1596,376
2026-04-20T20:49:02.171Z,Global,Monthly,-,-,-,0,0,0
2026-04-20T20:49:02.171Z,Global,All Time,-,-,-,0,0,0
2026-04-20T20:49:02.171Z,Japanese,Now,darari_nu,c6e83917-aead-4a3e-b6aa-9f825fa1471d,The Antidote,4,343,178
2026-04-20T20:49:02.171Z,Japanese,Weekly,darari_nu,bb8dc65c-a5f6-4399-9aaf-9b9640dbf08c,Beast,1,1596,376
2026-04-20T20:49:02.171Z,Japanese,Monthly,coban3137,79cf91bc-167e-481f-9a49-b581919560c4,BINARY,13,5642,722
2026-04-20T20:49:02.171Z,Japanese,All Time,-,-,-,0,0,0
2026-04-20T21:40:18.325Z,Global,Now,-,-,-,0,0,0
2026-04-20T21:40:18.325Z,Global,Weekly,darari_nu,bb8dc65c-a5f6-4399-9aaf-9b9640dbf08c,Beast,4,1596,376
2026-04-20T21:40:18.325Z,Global,Monthly,-,-,-,0,0,0
2026-04-20T21:40:18.325Z,Global,All Time,-,-,-,0,0,0
2026-04-20T21:40:18.325Z,Japanese,Now,darari_nu,c6e83917-aead-4a3e-b6aa-9f825fa1471d,The Antidote,4,357,179
2026-04-20T21:40:18.325Z,Japanese,Weekly,darari_nu,bb8dc65c-a5f6-4399-9aaf-9b9640dbf08c,Beast,1,1596,376
2026-04-20T21:40:18.325Z,Japanese,Monthly,coban3137,79cf91bc-167e-481f-9a49-b581919560c4,BINARY,13,5642,722
2026-04-20T21:40:18.325Z,Japanese,All Time,-,-,-,0,0,0
2026-04-20T22:36:44.796Z,Global,Now,darari_nu,c6e83917-aead-4a3e-b6aa-9f825fa1471d,The Antidote,7,357,184
2026-04-20T22:36:44.796Z,Global,Weekly,darari_nu,bb8dc65c-a5f6-4399-9aaf-9b9640dbf08c,Beast,4,1596,376
2026-04-20T22:36:44.796Z,Global,Monthly,-,-,-,0,0,0
2026-04-20T22:36:44.796Z,Global,All Time,-,-,-,0,0,0
2026-04-20T22:36:44.796Z,Japanese,Now,coban3137,413d7a37-0488-402b-9eff-e6129ed0b8f4,水脈,6,1905,386
2026-04-20T22:36:44.796Z,Japanese,Now,darari_nu,bb8dc65c-a5f6-4399-9aaf-9b9640dbf08c,Beast,9,1596,376
2026-04-20T22:36:44.796Z,Japanese,Weekly,darari_nu,bb8dc65c-a5f6-4399-9aaf-9b9640dbf08c,Beast,1,1596,376
2026-04-20T22:36:44.796Z,Japanese,Monthly,coban3137,79cf91bc-167e-481f-9a49-b581919560c4,BINARY,13,5642,722
2026-04-20T22:36:44.796Z,Japanese,All Time,-,-,-,0,0,0
2026-04-20T23:36:33.228Z,Global,Now,darari_nu,c6e83917-aead-4a3e-b6aa-9f825fa1471d,The Antidote,7,366,188
2026-04-20T23:36:33.228Z,Global,Weekly,darari_nu,bb8dc65c-a5f6-4399-9aaf-9b9640dbf08c,Beast,4,1596,377
2026-04-20T23:36:33.228Z,Global,Monthly,-,-,-,0,0,0
2026-04-20T23:36:33.228Z,Global,All Time,-,-,-,0,0,0
2026-04-20T23:36:33.228Z,Japanese,Now,coban3137,413d7a37-0488-402b-9eff-e6129ed0b8f4,水脈,6,1905,386
2026-04-20T23:36:33.228Z,Japanese,Now,darari_nu,bb8dc65c-a5f6-4399-9aaf-9b9640dbf08c,Beast,8,1596,377
2026-04-20T23:36:33.228Z,Japanese,Weekly,darari_nu,bb8dc65c-a5f6-4399-9aaf-9b9640dbf08c,Beast,1,1596,377
2026-04-20T23:36:33.228Z,Japanese,Monthly,coban3137,79cf91bc-167e-481f-9a49-b581919560c4,BINARY,13,5642,722
2026-04-20T23:36:33.228Z,Japanese,All Time,-,-,-,0,0,0
2026-04-21T01:52:48.064Z,Global,Now,darari_nu,c6e83917-aead-4a3e-b6aa-9f825fa1471d,The Antidote,7,382,191
2026-04-21T01:52:48.064Z,Global,Weekly,-,-,-,0,0,0
2026-04-21T01:52:48.064Z,Global,Monthly,-,-,-,0,0,0
2026-04-21T01:52:48.064Z,Global,All Time,-,-,-,0,0,0
2026-04-21T01:52:48.064Z,Japanese,Now,coban3137,413d7a37-0488-402b-9eff-e6129ed0b8f4,水脈,6,1905,386
2026-04-21T01:52:48.064Z,Japanese,Now,darari_nu,bb8dc65c-a5f6-4399-9aaf-9b9640dbf08c,Beast,8,1612,378
2026-04-21T01:52:48.064Z,Japanese,Weekly,-,-,-,0,0,0
2026-04-21T01:52:48.064Z,Japanese,Monthly,coban3137,79cf91bc-167e-481f-9a49-b581919560c4,BINARY,13,5642,722
2026-04-21T01:52:48.064Z,Japanese,All Time,-,-,-,0,0,0
2026-04-21T04:43:55.360Z,Global,Now,darari_nu,c6e83917-aead-4a3e-b6aa-9f825fa1471d,The Antidote,5,399,196
2026-04-21T04:43:55.360Z,Global,Weekly,-,-,-,0,0,0
2026-04-21T04:43:55.360Z,Global,Monthly,-,-,-,0,0,0
2026-04-21T04:43:55.360Z,Global,All Time,-,-,-,0,0,0
2026-04-21T04:43:55.360Z,Japanese,Now,coban3137,413d7a37-0488-402b-9eff-e6129ed0b8f4,水脈,6,1905,386
2026-04-21T04:43:55.360Z,Japanese,Now,darari_nu,bb8dc65c-a5f6-4399-9aaf-9b9640dbf08c,Beast,8,1612,378
2026-04-21T04:43:55.360Z,Japanese,Weekly,-,-,-,0,0,0
2026-04-21T04:43:55.360Z,Japanese,Monthly,coban3137,79cf91bc-167e-481f-9a49-b581919560c4,BINARY,13,5642,723
2026-04-21T04:43:55.360Z,Japanese,All Time,-,-,-,0,0,0
2026-04-21T06:54:51.096Z,Global,Now,darari_nu,c6e83917-aead-4a3e-b6aa-9f825fa1471d,The Antidote,3,414,202
2026-04-21T06:54:51.096Z,Global,Weekly,-,-,-,0,0,0
2026-04-21T06:54:51.096Z,Global,Monthly,-,-,-,0,0,0
2026-04-21T06:54:51.096Z,Global,All Time,-,-,-,0,0,0
2026-04-21T06:54:51.096Z,Japanese,Now,coban3137,413d7a37-0488-402b-9eff-e6129ed0b8f4,水脈,6,1905,386
2026-04-21T06:54:51.096Z,Japanese,Now,darari_nu,bb8dc65c-a5f6-4399-9aaf-9b9640dbf08c,Beast,8,1612,381
2026-04-21T06:54:51.096Z,Japanese,Weekly,-,-,-,0,0,0
2026-04-21T06:54:51.096Z,Japanese,Monthly,coban3137,79cf91bc-167e-481f-9a49-b581919560c4,BINARY,13,5642,723
2026-04-21T06:54:51.096Z,Japanese,All Time,-,-,-,0,0,0
2026-04-21T08:29:07.633Z,Global,Now,darari_nu,c6e83917-aead-4a3e-b6aa-9f825fa1471d,The Antidote,3,428,205
2026-04-21T08:29:07.633Z,Global,Weekly,-,-,-,0,0,0
2026-04-21T08:29:07.633Z,Global,Monthly,-,-,-,0,0,0
2026-04-21T08:29:07.633Z,Global,All Time,-,-,-,0,0,0
2026-04-21T08:29:07.633Z,Japanese,Now,coban3137,413d7a37-0488-402b-9eff-e6129ed0b8f4,水脈,7,1905,387
2026-04-21T08:29:07.633Z,Japanese,Now,darari_nu,bb8dc65c-a5f6-4399-9aaf-9b9640dbf08c,Beast,8,1629,385
2026-04-21T08:29:07.633Z,Japanese,Weekly,-,-,-,0,0,0
2026-04-21T08:29:07.633Z,Japanese,Monthly,coban3137,79cf91bc-167e-481f-9a49-b581919560c4,BINARY,13,5642,723
2026-04-21T08:29:07.633Z,Japanese,All Time,-,-,-,0,0,0
2026-04-21T10:14:08.093Z,Global,Now,darari_nu,c6e83917-aead-4a3e-b6aa-9f825fa1471d,The Antidote,6,454,212
2026-04-21T10:14:08.093Z,Global,Weekly,-,-,-,0,0,0
2026-04-21T10:14:08.093Z,Global,Monthly,-,-,-,0,0,0
2026-04-21T10:14:08.093Z,Global,All Time,-,-,-,0,0,0
2026-04-21T10:14:08.093Z,Japanese,Now,coban3137,413d7a37-0488-402b-9eff-e6129ed0b8f4,水脈,7,1905,387
2026-04-21T10:14:08.093Z,Japanese,Now,darari_nu,bb8dc65c-a5f6-4399-9aaf-9b9640dbf08c,Beast,8,1646,386
2026-04-21T10:14:08.093Z,Japanese,Weekly,-,-,-,0,0,0
2026-04-21T10:14:08.093Z,Japanese,Monthly,coban3137,79cf91bc-167e-481f-9a49-b581919560c4,BINARY,13,5642,723
2026-04-21T10:14:08.093Z,Japanese,All Time,-,-,-,0,0,0
2026-04-21T11:56:07.519Z,Global,Now,darari_nu,c6e83917-aead-4a3e-b6aa-9f825fa1471d,The Antidote,6,469,216
2026-04-21T11:56:07.519Z,Global,Weekly,-,-,-,0,0,0
2026-04-21T11:56:07.519Z,Global,Monthly,-,-,-,0,0,0
2026-04-21T11:56:07.519Z,Global,All Time,-,-,-,0,0,0
2026-04-21T11:56:07.519Z,Japanese,Now,coban3137,413d7a37-0488-402b-9eff-e6129ed0b8f4,水脈,7,1905,388
2026-04-21T11:56:07.519Z,Japanese,Now,darari_nu,bb8dc65c-a5f6-4399-9aaf-9b9640dbf08c,Beast,8,1646,388
2026-04-21T11:56:07.519Z,Japanese,Weekly,-,-,-,0,0,0
2026-04-21T11:56:07.519Z,Japanese,Monthly,coban3137,79cf91bc-167e-481f-9a49-b581919560c4,BINARY,13,5642,723
2026-04-21T11:56:07.519Z,Japanese,All Time,-,-,-,0,0,0
2026-04-21T13:09:07.967Z,Global,Now,darari_nu,c6e83917-aead-4a3e-b6aa-9f825fa1471d,The Antidote,6,469,217
2026-04-21T13:09:07.967Z,Global,Weekly,-,-,-,0,0,0
2026-04-21T13:09:07.967Z,Global,Monthly,-,-,-,0,0,0
2026-04-21T13:09:07.967Z,Global,All Time,-,-,-,0,0,0
2026-04-21T13:09:07.967Z,Japanese,Now,darari_nu,bb8dc65c-a5f6-4399-9aaf-9b9640dbf08c,Beast,7,1646,390
2026-04-21T13:09:07.967Z,Japanese,Now,coban3137,413d7a37-0488-402b-9eff-e6129ed0b8f4,水脈,8,1905,388
2026-04-21T13:09:07.967Z,Japanese,Weekly,-,-,-,0,0,0
2026-04-21T13:09:07.967Z,Japanese,Monthly,coban3137,79cf91bc-167e-481f-9a49-b581919560c4,BINARY,13,5642,723
2026-04-21T13:09:07.967Z,Japanese,All Time,-,-,-,0,0,0
2026-04-21T15:06:40.034Z,Global,Now,darari_nu,c6e83917-aead-4a3e-b6aa-9f825fa1471d,The Antidote,10,469,222
2026-04-21T15:06:40.034Z,Global,Weekly,-,-,-,0,0,0
2026-04-21T15:06:40.034Z,Global,Monthly,-,-,-,0,0,0
2026-04-21T15:06:40.034Z,Global,All Time,-,-,-,0,0,0
2026-04-21T15:06:40.034Z,Japanese,Now,darari_nu,bb8dc65c-a5f6-4399-9aaf-9b9640dbf08c,Beast,5,1646,392
2026-04-21T15:06:40.034Z,Japanese,Now,coban3137,413d7a37-0488-402b-9eff-e6129ed0b8f4,水脈,7,1905,389
2026-04-21T15:06:40.034Z,Japanese,Weekly,-,-,-,0,0,0
2026-04-21T15:06:40.034Z,Japanese,Monthly,coban3137,79cf91bc-167e-481f-9a49-b581919560c4,BINARY,13,5642,723
2026-04-21T15:06:40.034Z,Japanese,All Time,-,-,-,0,0,0
2026-04-21T16:51:46.177Z,Global,Now,darari_nu,c6e83917-aead-4a3e-b6aa-9f825fa1471d,The Antidote,10,493,234
2026-04-21T16:51:46.177Z,Global,Weekly,-,-,-,0,0,0
2026-04-21T16:51:46.177Z,Global,Monthly,-,-,-,0,0,0
2026-04-21T16:51:46.177Z,Global,All Time,-,-,-,0,0,0
2026-04-21T16:51:46.177Z,Japanese,Now,darari_nu,bb8dc65c-a5f6-4399-9aaf-9b9640dbf08c,Beast,5,1646,395
2026-04-21T16:51:46.177Z,Japanese,Now,coban3137,413d7a37-0488-402b-9eff-e6129ed0b8f4,水脈,7,1905,389
2026-04-21T16:51:46.177Z,Japanese,Weekly,-,-,-,0,0,0
2026-04-21T16:51:46.177Z,Japanese,Monthly,coban3137,79cf91bc-167e-481f-9a49-b581919560c4,BINARY,13,5642,723
2026-04-21T16:51:46.177Z,Japanese,All Time,-,-,-,0,0,0
2026-04-21T17:54:55.641Z,Global,Now,darari_nu,c6e83917-aead-4a3e-b6aa-9f825fa1471d,The Antidote,10,501,240
2026-04-21T17:54:55.641Z,Global,Weekly,-,-,-,0,0,0
2026-04-21T17:54:55.641Z,Global,Monthly,-,-,-,0,0,0
2026-04-21T17:54:55.641Z,Global,All Time,-,-,-,0,0,0
2026-04-21T17:54:55.641Z,Japanese,Now,darari_nu,bb8dc65c-a5f6-4399-9aaf-9b9640dbf08c,Beast,5,1646,395
2026-04-21T17:54:55.641Z,Japanese,Now,coban3137,413d7a37-0488-402b-9eff-e6129ed0b8f4,水脈,7,1905,389
2026-04-21T17:54:55.641Z,Japanese,Weekly,-,-,-,0,0,0
2026-04-21T17:54:55.641Z,Japanese,Monthly,coban3137,79cf91bc-167e-481f-9a49-b581919560c4,BINARY,13,5642,723
2026-04-21T17:54:55.641Z,Japanese,All Time,-,-,-,0,0,0
2026-04-21T19:01:09.424Z,Global,Now,darari_nu,c6e83917-aead-4a3e-b6aa-9f825fa1471d,The Antidote,13,501,243
2026-04-21T19:01:09.424Z,Global,Weekly,-,-,-,0,0,0
2026-04-21T19:01:09.424Z,Global,Monthly,-,-,-,0,0,0
2026-04-21T19:01:09.424Z,Global,All Time,-,-,-,0,0,0
2026-04-21T19:01:09.424Z,Japanese,Now,darari_nu,bb8dc65c-a5f6-4399-9aaf-9b9640dbf08c,Beast,5,1646,395
2026-04-21T19:01:09.424Z,Japanese,Now,coban3137,413d7a37-0488-402b-9eff-e6129ed0b8f4,水脈,7,1905,389
2026-04-21T19:01:09.424Z,Japanese,Weekly,-,-,-,0,0,0
2026-04-21T19:01:09.424Z,Japanese,Monthly,coban3137,79cf91bc-167e-481f-9a49-b581919560c4,BINARY,13,5642,723
2026-04-21T19:01:09.424Z,Japanese,All Time,-,-,-,0,0,0
2026-04-21T20:41:48.554Z,Global,Now,darari_nu,c6e83917-aead-4a3e-b6aa-9f825fa1471d,The Antidote,13,501,245
2026-04-21T20:41:48.554Z,Global,Weekly,-,-,-,0,0,0
2026-04-21T20:41:48.554Z,Global,Monthly,-,-,-,0,0,0
2026-04-21T20:41:48.554Z,Global,All Time,-,-,-,0,0,0
2026-04-21T20:41:48.554Z,Japanese,Now,darari_nu,bb8dc65c-a5f6-4399-9aaf-9b9640dbf08c,Beast,5,1653,395
2026-04-21T20:41:48.554Z,Japanese,Now,coban3137,413d7a37-0488-402b-9eff-e6129ed0b8f4,水脈,7,1905,389
2026-04-21T20:41:48.554Z,Japanese,Weekly,-,-,-,0,0,0
2026-04-21T20:41:48.554Z,Japanese,Monthly,coban3137,79cf91bc-167e-481f-9a49-b581919560c4,BINARY,13,5642,723
2026-04-21T20:41:48.554Z,Japanese,All Time,-,-,-,0,0,0
2026-04-21T21:38:57.587Z,Global,Now,darari_nu,c6e83917-aead-4a3e-b6aa-9f825fa1471d,The Antidote,13,501,245
2026-04-21T21:38:57.587Z,Global,Weekly,-,-,-,0,0,0
2026-04-21T21:38:57.587Z,Global,Monthly,-,-,-,0,0,0
2026-04-21T21:38:57.587Z,Global,All Time,-,-,-,0,0,0
2026-04-21T21:38:57.587Z,Japanese,Now,darari_nu,bb8dc65c-a5f6-4399-9aaf-9b9640dbf08c,Beast,5,1653,395
2026-04-21T21:38:57.587Z,Japanese,Now,coban3137,413d7a37-0488-402b-9eff-e6129ed0b8f4,水脈,7,1905,389
2026-04-21T21:38:57.587Z,Japanese,Weekly,-,-,-,0,0,0
2026-04-21T21:38:57.587Z,Japanese,Monthly,coban3137,79cf91bc-167e-481f-9a49-b581919560c4,BINARY,13,5642,723
2026-04-21T21:38:57.587Z,Japanese,All Time,-,-,-,0,0,0
2026-04-21T22:36:31.090Z,Global,Now,darari_nu,c6e83917-aead-4a3e-b6aa-9f825fa1471d,The Antidote,15,501,246
2026-04-21T22:36:31.090Z,Global,Weekly,-,-,-,0,0,0
2026-04-21T22:36:31.090Z,Global,Monthly,-,-,-,0,0,0
2026-04-21T22:36:31.090Z,Global,All Time,-,-,-,0,0,0
2026-04-21T22:36:31.090Z,Japanese,Now,darari_nu,bb8dc65c-a5f6-4399-9aaf-9b9640dbf08c,Beast,5,1653,395
2026-04-21T22:36:31.090Z,Japanese,Now,coban3137,413d7a37-0488-402b-9eff-e6129ed0b8f4,水脈,7,1905,390
2026-04-21T22:36:31.090Z,Japanese,Weekly,-,-,-,0,0,0
2026-04-21T22:36:31.090Z,Japanese,Monthly,coban3137,79cf91bc-167e-481f-9a49-b581919560c4,BINARY,13,5642,723
2026-04-21T22:36:31.090Z,Japanese,All Time,-,-,-,0,0,0
2026-04-21T23:30:11.793Z,Global,Now,darari_nu,c6e83917-aead-4a3e-b6aa-9f825fa1471d,The Antidote,15,501,247
2026-04-21T23:30:11.793Z,Global,Weekly,-,-,-,0,0,0
2026-04-21T23:30:11.793Z,Global,Monthly,-,-,-,0,0,0
2026-04-21T23:30:11.793Z,Global,All Time,-,-,-,0,0,0
2026-04-21T23:30:11.793Z,Japanese,Now,darari_nu,bb8dc65c-a5f6-4399-9aaf-9b9640dbf08c,Beast,5,1653,395
2026-04-21T23:30:11.793Z,Japanese,Now,coban3137,413d7a37-0488-402b-9eff-e6129ed0b8f4,水脈,7,1905,390
2026-04-21T23:30:11.793Z,Japanese,Weekly,-,-,-,0,0,0
2026-04-21T23:30:11.793Z,Japanese,Monthly,coban3137,79cf91bc-167e-481f-9a49-b581919560c4,BINARY,13,5642,723
2026-04-21T23:30:11.793Z,Japanese,All Time,-,-,-,0,0,0
2026-04-22T01:51:56.251Z,Global,Now,darari_nu,c6e83917-aead-4a3e-b6aa-9f825fa1471d,The Antidote,15,501,250
2026-04-22T01:51:56.251Z,Global,Weekly,-,-,-,0,0,0
2026-04-22T01:51:56.251Z,Global,Monthly,-,-,-,0,0,0
2026-04-22T01:51:56.251Z,Global,All Time,-,-,-,0,0,0
2026-04-22T01:51:56.251Z,Japanese,Now,darari_nu,bb8dc65c-a5f6-4399-9aaf-9b9640dbf08c,Beast,5,1653,398
2026-04-22T01:51:56.251Z,Japanese,Now,coban3137,413d7a37-0488-402b-9eff-e6129ed0b8f4,水脈,7,1925,390
2026-04-22T01:51:56.251Z,Japanese,Weekly,-,-,-,0,0,0
2026-04-22T01:51:56.251Z,Japanese,Monthly,coban3137,79cf91bc-167e-481f-9a49-b581919560c4,BINARY,13,5642,723
2026-04-22T01:51:56.251Z,Japanese,All Time,-,-,-,0,0,0
2026-04-22T04:42:50.953Z,Global,Now,-,-,-,0,0,0
2026-04-22T04:42:50.953Z,Global,Weekly,-,-,-,0,0,0
2026-04-22T04:42:50.953Z,Global,Monthly,-,-,-,0,0,0
2026-04-22T04:42:50.953Z,Global,All Time,-,-,-,0,0,0
2026-04-22T04:42:50.953Z,Japanese,Now,darari_nu,c6e83917-aead-4a3e-b6aa-9f825fa1471d,The Antidote,1,501,251
2026-04-22T04:42:50.953Z,Japanese,Weekly,-,-,-,0,0,0
2026-04-22T04:42:50.953Z,Japanese,Monthly,coban3137,79cf91bc-167e-481f-9a49-b581919560c4,BINARY,13,5642,723
2026-04-22T04:42:50.953Z,Japanese,All Time,-,-,-,0,0,0
2026-04-22T06:53:48.471Z,Global,Now,-,-,-,0,0,0
2026-04-22T06:53:48.471Z,Global,Weekly,-,-,-,0,0,0
2026-04-22T06:53:48.471Z,Global,Monthly,-,-,-,0,0,0
2026-04-22T06:53:48.471Z,Global,All Time,-,-,-,0,0,0
2026-04-22T06:53:48.471Z,Japanese,Now,darari_nu,c6e83917-aead-4a3e-b6aa-9f825fa1471d,The Antidote,1,509,256
2026-04-22T06:53:48.471Z,Japanese,Weekly,-,-,-,0,0,0
2026-04-22T06:53:48.471Z,Japanese,Monthly,coban3137,79cf91bc-167e-481f-9a49-b581919560c4,BINARY,13,5642,723
2026-04-22T06:53:48.471Z,Japanese,All Time,-,-,-,0,0,0
2026-04-22T08:26:46.133Z,Global,Now,-,-,-,0,0,0
2026-04-22T08:26:46.133Z,Global,Weekly,-,-,-,0,0,0
2026-04-22T08:26:46.133Z,Global,Monthly,-,-,-,0,0,0
2026-04-22T08:26:46.133Z,Global,All Time,-,-,-,0,0,0
2026-04-22T08:26:46.133Z,Japanese,Now,darari_nu,c6e83917-aead-4a3e-b6aa-9f825fa1471d,The Antidote,1,509,256
2026-04-22T08:26:46.133Z,Japanese,Weekly,-,-,-,0,0,0
2026-04-22T08:26:46.133Z,Japanese,Monthly,coban3137,79cf91bc-167e-481f-9a49-b581919560c4,BINARY,13,5642,723
2026-04-22T08:26:46.133Z,Japanese,All Time,-,-,-,0,0,0
2026-04-22T10:14:15.099Z,Global,Now,-,-,-,0,0,0
2026-04-22T10:14:15.099Z,Global,Weekly,-,-,-,0,0,0
2026-04-22T10:14:15.099Z,Global,Monthly,-,-,-,0,0,0
2026-04-22T10:14:15.099Z,Global,All Time,-,-,-,0,0,0
2026-04-22T10:14:15.099Z,Japanese,Now,darari_nu,c6e83917-aead-4a3e-b6aa-9f825fa1471d,The Antidote,1,509,259
2026-04-22T10:14:15.099Z,Japanese,Weekly,-,-,-,0,0,0
2026-04-22T10:14:15.099Z,Japanese,Monthly,coban3137,79cf91bc-167e-481f-9a49-b581919560c4,BINARY,13,5642,723
2026-04-22T10:14:15.099Z,Japanese,All Time,-,-,-,0,0,0
2026-04-22T11:55:02.414Z,Global,Now,-,-,-,0,0,0
2026-04-22T11:55:02.414Z,Global,Weekly,-,-,-,0,0,0
2026-04-22T11:55:02.414Z,Global,Monthly,-,-,-,0,0,0
2026-04-22T11:55:02.414Z,Global,All Time,-,-,-,0,0,0
2026-04-22T11:55:02.414Z,Japanese,Now,darari_nu,c6e83917-aead-4a3e-b6aa-9f825fa1471d,The Antidote,1,516,263
2026-04-22T11:55:02.414Z,Japanese,Weekly,-,-,-,0,0,0
2026-04-22T11:55:02.414Z,Japanese,Monthly,coban3137,79cf91bc-167e-481f-9a49-b581919560c4,BINARY,13,5642,723
2026-04-22T11:55:02.414Z,Japanese,All Time,-,-,-,0,0,0
2026-04-22T13:08:20.519Z,Global,Now,-,-,-,0,0,0
2026-04-22T13:08:20.519Z,Global,Weekly,-,-,-,0,0,0
2026-04-22T13:08:20.519Z,Global,Monthly,-,-,-,0,0,0
2026-04-22T13:08:20.519Z,Global,All Time,-,-,-,0,0,0
2026-04-22T13:08:20.519Z,Japanese,Now,darari_nu,c6e83917-aead-4a3e-b6aa-9f825fa1471d,The Antidote,1,516,263
2026-04-22T13:08:20.519Z,Japanese,Weekly,-,-,-,0,0,0
2026-04-22T13:08:20.519Z,Japanese,Monthly,coban3137,79cf91bc-167e-481f-9a49-b581919560c4,BINARY,13,5642,723
2026-04-22T13:08:20.519Z,Japanese,All Time,-,-,-,0,0,0
2026-04-22T15:06:33.193Z,Global,Now,-,-,-,0,0,0
2026-04-22T15:06:33.193Z,Global,Weekly,-,-,-,0,0,0
2026-04-22T15:06:33.193Z,Global,Monthly,-,-,-,0,0,0
2026-04-22T15:06:33.193Z,Global,All Time,-,-,-,0,0,0
2026-04-22T15:06:33.193Z,Japanese,Now,darari_nu,c6e83917-aead-4a3e-b6aa-9f825fa1471d,The Antidote,1,516,262
2026-04-22T15:06:33.193Z,Japanese,Weekly,-,-,-,0,0,0
2026-04-22T15:06:33.193Z,Japanese,Monthly,coban3137,79cf91bc-167e-481f-9a49-b581919560c4,BINARY,13,5642,723
2026-04-22T15:06:33.193Z,Japanese,All Time,-,-,-,0,0,0
2026-04-22T16:51:58.230Z,Global,Now,-,-,-,0,0,0
2026-04-22T16:51:58.230Z,Global,Weekly,-,-,-,0,0,0
2026-04-22T16:51:58.230Z,Global,Monthly,-,-,-,0,0,0
2026-04-22T16:51:58.230Z,Global,All Time,-,-,-,0,0,0
2026-04-22T16:51:58.230Z,Japanese,Now,darari_nu,c6e83917-aead-4a3e-b6aa-9f825fa1471d,The Antidote,1,523,271
2026-04-22T16:51:58.230Z,Japanese,Weekly,-,-,-,0,0,0
2026-04-22T16:51:58.230Z,Japanese,Monthly,coban3137,79cf91bc-167e-481f-9a49-b581919560c4,BINARY,13,5642,723
2026-04-22T16:51:58.230Z,Japanese,All Time,-,-,-,0,0,0
2026-04-22T17:55:00.025Z,Global,Now,-,-,-,0,0,0
2026-04-22T17:55:00.025Z,Global,Weekly,-,-,-,0,0,0
2026-04-22T17:55:00.025Z,Global,Monthly,-,-,-,0,0,0
2026-04-22T17:55:00.025Z,Global,All Time,-,-,-,0,0,0
2026-04-22T17:55:00.025Z,Japanese,Now,darari_nu,c6e83917-aead-4a3e-b6aa-9f825fa1471d,The Antidote,1,531,271
2026-04-22T17:55:00.025Z,Japanese,Weekly,-,-,-,0,0,0
2026-04-22T17:55:00.025Z,Japanese,Monthly,coban3137,79cf91bc-167e-481f-9a49-b581919560c4,BINARY,13,5642,723
2026-04-22T17:55:00.025Z,Japanese,All Time,-,-,-,0,0,0
2026-04-22T19:03:22.091Z,Global,Now,-,-,-,0,0,0
2026-04-22T19:03:22.091Z,Global,Weekly,-,-,-,0,0,0
2026-04-22T19:03:22.091Z,Global,Monthly,-,-,-,0,0,0
2026-04-22T19:03:22.091Z,Global,All Time,-,-,-,0,0,0
2026-04-22T19:03:22.091Z,Japanese,Now,darari_nu,c6e83917-aead-4a3e-b6aa-9f825fa1471d,The Antidote,1,531,272
2026-04-22T19:03:22.091Z,Japanese,Weekly,-,-,-,0,0,0
2026-04-22T19:03:22.091Z,Japanese,Monthly,coban3137,79cf91bc-167e-481f-9a49-b581919560c4,BINARY,13,5642,723
2026-04-22T19:03:22.091Z,Japanese,All Time,-,-,-,0,0,0
2026-04-22T20:44:47.190Z,Global,Now,-,-,-,0,0,0
2026-04-22T20:44:47.190Z,Global,Weekly,-,-,-,0,0,0
2026-04-22T20:44:47.190Z,Global,Monthly,-,-,-,0,0,0
2026-04-22T20:44:47.190Z,Global,All Time,-,-,-,0,0,0
2026-04-22T20:44:47.190Z,Japanese,Now,darari_nu,c6e83917-aead-4a3e-b6aa-9f825fa1471d,The Antidote,1,531,274
2026-04-22T20:44:47.190Z,Japanese,Weekly,-,-,-,0,0,0
2026-04-22T20:44:47.190Z,Japanese,Monthly,coban3137,79cf91bc-167e-481f-9a49-b581919560c4,BINARY,13,5642,723
2026-04-22T20:44:47.190Z,Japanese,All Time,-,-,-,0,0,0
2026-04-22T21:44:14.451Z,Global,Now,-,-,-,0,0,0
2026-04-22T21:44:14.451Z,Global,Weekly,-,-,-,0,0,0
2026-04-22T21:44:14.451Z,Global,Monthly,-,-,-,0,0,0
2026-04-22T21:44:14.451Z,Global,All Time,-,-,-,0,0,0
2026-04-22T21:44:14.451Z,Japanese,Now,darari_nu,c6e83917-aead-4a3e-b6aa-9f825fa1471d,The Antidote,1,531,274
2026-04-22T21:44:14.451Z,Japanese,Weekly,-,-,-,0,0,0
2026-04-22T21:44:14.451Z,Japanese,Monthly,coban3137,79cf91bc-167e-481f-9a49-b581919560c4,BINARY,13,5642,723
2026-04-22T21:44:14.451Z,Japanese,All Time,-,-,-,0,0,0
2026-04-22T22:40:32.288Z,Global,Now,-,-,-,0,0,0
2026-04-22T22:40:32.288Z,Global,Weekly,-,-,-,0,0,0
2026-04-22T22:40:32.288Z,Global,Monthly,-,-,-,0,0,0
2026-04-22T22:40:32.288Z,Global,All Time,-,-,-,0,0,0
2026-04-22T22:40:32.288Z,Japanese,Now,darari_nu,c6e83917-aead-4a3e-b6aa-9f825fa1471d,The Antidote,1,531,274
2026-04-22T22:40:32.288Z,Japanese,Weekly,-,-,-,0,0,0
2026-04-22T22:40:32.288Z,Japanese,Monthly,coban3137,79cf91bc-167e-481f-9a49-b581919560c4,BINARY,13,5642,723
2026-04-22T22:40:32.288Z,Japanese,All Time,-,-,-,0,0,0
2026-04-22T23:40:25.548Z,Global,Now,-,-,-,0,0,0
2026-04-22T23:40:25.548Z,Global,Weekly,-,-,-,0,0,0
2026-04-22T23:40:25.548Z,Global,Monthly,-,-,-,0,0,0
2026-04-22T23:40:25.548Z,Global,All Time,-,-,-,0,0,0
2026-04-22T23:40:25.548Z,Japanese,Now,darari_nu,c6e83917-aead-4a3e-b6aa-9f825fa1471d,The Antidote,1,531,274
2026-04-22T23:40:25.548Z,Japanese,Weekly,-,-,-,0,0,0
2026-04-22T23:40:25.548Z,Japanese,Monthly,coban3137,79cf91bc-167e-481f-9a49-b581919560c4,BINARY,13,5642,723
2026-04-22T23:40:25.548Z,Japanese,All Time,-,-,-,0,0,0
2026-04-23T01:55:55.010Z,Global,Now,-,-,-,0,0,0
2026-04-23T01:55:55.010Z,Global,Weekly,-,-,-,0,0,0
2026-04-23T01:55:55.010Z,Global,Monthly,-,-,-,0,0,0
2026-04-23T01:55:55.010Z,Global,All Time,-,-,-,0,0,0
2026-04-23T01:55:55.010Z,Japanese,Now,darari_nu,c6e83917-aead-4a3e-b6aa-9f825fa1471d,The Antidote,1,531,276
2026-04-23T01:55:55.010Z,Japanese,Weekly,-,-,-,0,0,0
2026-04-23T01:55:55.010Z,Japanese,Monthly,coban3137,79cf91bc-167e-481f-9a49-b581919560c4,BINARY,13,5642,723
2026-04-23T01:55:55.010Z,Japanese,All Time,-,-,-,0,0,0
2026-04-23T04:46:53.064Z,Global,Now,-,-,-,0,0,0
2026-04-23T04:46:53.064Z,Global,Weekly,-,-,-,0,0,0
2026-04-23T04:46:53.064Z,Global,Monthly,-,-,-,0,0,0
2026-04-23T04:46:53.064Z,Global,All Time,-,-,-,0,0,0
2026-04-23T04:46:53.064Z,Japanese,Now,darari_nu,c6e83917-aead-4a3e-b6aa-9f825fa1471d,The Antidote,1,547,277
2026-04-23T04:46:53.064Z,Japanese,Weekly,darari_nu,c6e83917-aead-4a3e-b6aa-9f825fa1471d,The Antidote,18,547,277
2026-04-23T04:46:53.064Z,Japanese,Monthly,coban3137,79cf91bc-167e-481f-9a49-b581919560c4,BINARY,13,5642,724
2026-04-23T04:46:53.064Z,Japanese,All Time,-,-,-,0,0,0
2026-04-23T06:58:17.908Z,Global,Now,-,-,-,0,0,0
2026-04-23T06:58:17.908Z,Global,Weekly,-,-,-,0,0,0
2026-04-23T06:58:17.908Z,Global,Monthly,-,-,-,0,0,0
2026-04-23T06:58:17.908Z,Global,All Time,-,-,-,0,0,0
2026-04-23T06:58:17.908Z,Japanese,Now,darari_nu,c6e83917-aead-4a3e-b6aa-9f825fa1471d,The Antidote,1,561,277
2026-04-23T06:58:17.908Z,Japanese,Weekly,darari_nu,c6e83917-aead-4a3e-b6aa-9f825fa1471d,The Antidote,18,561,277
2026-04-23T06:58:17.908Z,Japanese,Monthly,coban3137,79cf91bc-167e-481f-9a49-b581919560c4,BINARY,13,5642,724
2026-04-23T06:58:17.908Z,Japanese,All Time,-,-,-,0,0,0
2026-04-23T08:52:49.707Z,Global,Now,-,-,-,0,0,0
2026-04-23T08:52:49.707Z,Global,Weekly,-,-,-,0,0,0
2026-04-23T08:52:49.707Z,Global,Monthly,-,-,-,0,0,0
2026-04-23T08:52:49.707Z,Global,All Time,-,-,-,0,0,0
2026-04-23T08:52:49.707Z,Japanese,Now,-,-,-,0,0,0
2026-04-23T08:52:49.707Z,Japanese,Weekly,darari_nu,c6e83917-aead-4a3e-b6aa-9f825fa1471d,The Antidote,18,569,278
2026-04-23T08:52:49.707Z,Japanese,Monthly,coban3137,79cf91bc-167e-481f-9a49-b581919560c4,BINARY,13,5642,724
2026-04-23T08:52:49.707Z,Japanese,All Time,-,-,-,0,0,0
2026-04-23T10:17:38.906Z,Global,Now,-,-,-,0,0,0
2026-04-23T10:17:38.906Z,Global,Weekly,-,-,-,0,0,0
2026-04-23T10:17:38.906Z,Global,Monthly,-,-,-,0,0,0
2026-04-23T10:17:38.906Z,Global,All Time,-,-,-,0,0,0
2026-04-23T10:17:38.906Z,Japanese,Now,-,-,-,0,0,0
2026-04-23T10:17:38.906Z,Japanese,Weekly,darari_nu,c6e83917-aead-4a3e-b6aa-9f825fa1471d,The Antidote,18,569,278
2026-04-23T10:17:38.906Z,Japanese,Monthly,coban3137,79cf91bc-167e-481f-9a49-b581919560c4,BINARY,13,5642,724
2026-04-23T10:17:38.906Z,Japanese,All Time,-,-,-,0,0,0
2026-04-23T11:55:55.556Z,Global,Now,-,-,-,0,0,0
2026-04-23T11:55:55.556Z,Global,Weekly,-,-,-,0,0,0
2026-04-23T11:55:55.556Z,Global,Monthly,-,-,-,0,0,0
2026-04-23T11:55:55.556Z,Global,All Time,-,-,-,0,0,0
2026-04-23T11:55:55.556Z,Japanese,Now,-,-,-,0,0,0
2026-04-23T11:55:55.556Z,Japanese,Weekly,darari_nu,c6e83917-aead-4a3e-b6aa-9f825fa1471d,The Antidote,18,595,280
2026-04-23T11:55:55.556Z,Japanese,Monthly,coban3137,79cf91bc-167e-481f-9a49-b581919560c4,BINARY,13,5642,724
2026-04-23T11:55:55.556Z,Japanese,All Time,-,-,-,0,0,0
2026-04-23T13:09:19.611Z,Global,Now,-,-,-,0,0,0
2026-04-23T13:09:19.611Z,Global,Weekly,-,-,-,0,0,0
2026-04-23T13:09:19.611Z,Global,Monthly,-,-,-,0,0,0
2026-04-23T13:09:19.611Z,Global,All Time,-,-,-,0,0,0
2026-04-23T13:09:19.611Z,Japanese,Now,-,-,-,0,0,0
2026-04-23T13:09:19.611Z,Japanese,Weekly,darari_nu,c6e83917-aead-4a3e-b6aa-9f825fa1471d,The Antidote,18,595,280
2026-04-23T13:09:19.611Z,Japanese,Monthly,coban3137,79cf91bc-167e-481f-9a49-b581919560c4,BINARY,13,5642,724
2026-04-23T13:09:19.611Z,Japanese,All Time,-,-,-,0,0,0
2026-04-23T15:46:31.405Z,Global,Now,-,-,-,0,0,0
2026-04-23T15:46:31.405Z,Global,Weekly,-,-,-,0,0,0
2026-04-23T15:46:31.405Z,Global,Monthly,-,-,-,0,0,0
2026-04-23T15:46:31.405Z,Global,All Time,-,-,-,0,0,0
2026-04-23T15:46:31.405Z,Japanese,Now,-,-,-,0,0,0
2026-04-23T15:46:31.405Z,Japanese,Weekly,darari_nu,c6e83917-aead-4a3e-b6aa-9f825fa1471d,The Antidote,18,603,281
2026-04-23T15:46:31.405Z,Japanese,Monthly,coban3137,79cf91bc-167e-481f-9a49-b581919560c4,BINARY,13,5642,724
2026-04-23T15:46:31.405Z,Japanese,All Time,-,-,-,0,0,0
2026-04-23T17:12:06.484Z,Global,Now,-,-,-,0,0,0
2026-04-23T17:12:06.484Z,Global,Weekly,-,-,-,0,0,0
2026-04-23T17:12:06.484Z,Global,Monthly,-,-,-,0,0,0
2026-04-23T17:12:06.484Z,Global,All Time,-,-,-,0,0,0
2026-04-23T17:12:06.484Z,Japanese,Now,-,-,-,0,0,0
2026-04-23T17:12:06.484Z,Japanese,Weekly,darari_nu,c6e83917-aead-4a3e-b6aa-9f825fa1471d,The Antidote,18,603,282
2026-04-23T17:12:06.484Z,Japanese,Monthly,coban3137,79cf91bc-167e-481f-9a49-b581919560c4,BINARY,13,5642,724
2026-04-23T17:12:06.484Z,Japanese,All Time,-,-,-,0,0,0
2026-04-23T18:58:41.780Z,Global,Now,-,-,-,0,0,0
2026-04-23T18:58:41.780Z,Global,Weekly,-,-,-,0,0,0
2026-04-23T18:58:41.780Z,Global,Monthly,-,-,-,0,0,0
2026-04-23T18:58:41.780Z,Global,All Time,-,-,-,0,0,0
2026-04-23T18:58:41.780Z,Japanese,Now,-,-,-,0,0,0
2026-04-23T18:58:41.780Z,Japanese,Weekly,darari_nu,c6e83917-aead-4a3e-b6aa-9f825fa1471d,The Antidote,18,603,282
2026-04-23T18:58:41.780Z,Japanese,Monthly,coban3137,79cf91bc-167e-481f-9a49-b581919560c4,BINARY,13,5642,724
2026-04-23T18:58:41.780Z,Japanese,All Time,-,-,-,0,0,0
2026-04-23T20:06:49.064Z,Global,Now,-,-,-,0,0,0
2026-04-23T20:06:49.064Z,Global,Weekly,-,-,-,0,0,0
2026-04-23T20:06:49.064Z,Global,Monthly,-,-,-,0,0,0
2026-04-23T20:06:49.064Z,Global,All Time,-,-,-,0,0,0
2026-04-23T20:06:49.064Z,Japanese,Now,-,-,-,0,0,0
2026-04-23T20:06:49.064Z,Japanese,Weekly,darari_nu,c6e83917-aead-4a3e-b6aa-9f825fa1471d,The Antidote,18,603,283
2026-04-23T20:06:49.064Z,Japanese,Monthly,coban3137,79cf91bc-167e-481f-9a49-b581919560c4,BINARY,13,5642,724
2026-04-23T20:06:49.064Z,Japanese,All Time,-,-,-,0,0,0
2026-04-23T21:39:02.684Z,Global,Now,-,-,-,0,0,0
2026-04-23T21:39:02.684Z,Global,Weekly,-,-,-,0,0,0
2026-04-23T21:39:02.684Z,Global,Monthly,-,-,-,0,0,0
2026-04-23T21:39:02.684Z,Global,All Time,-,-,-,0,0,0
2026-04-23T21:39:02.684Z,Japanese,Now,-,-,-,0,0,0
2026-04-23T21:39:02.684Z,Japanese,Weekly,darari_nu,c6e83917-aead-4a3e-b6aa-9f825fa1471d,The Antidote,18,611,284
2026-04-23T21:39:02.684Z,Japanese,Monthly,coban3137,79cf91bc-167e-481f-9a49-b581919560c4,BINARY,13,5642,724
2026-04-23T21:39:02.684Z,Japanese,All Time,-,-,-,0,0,0
2026-04-23T22:36:44.392Z,Global,Now,-,-,-,0,0,0
2026-04-23T22:36:44.392Z,Global,Weekly,-,-,-,0,0,0
2026-04-23T22:36:44.392Z,Global,Monthly,-,-,-,0,0,0
2026-04-23T22:36:44.392Z,Global,All Time,-,-,-,0,0,0
2026-04-23T22:36:44.392Z,Japanese,Now,-,-,-,0,0,0
2026-04-23T22:36:44.392Z,Japanese,Weekly,darari_nu,c6e83917-aead-4a3e-b6aa-9f825fa1471d,The Antidote,18,611,284
2026-04-23T22:36:44.392Z,Japanese,Monthly,coban3137,79cf91bc-167e-481f-9a49-b581919560c4,BINARY,13,5642,724
2026-04-23T22:36:44.392Z,Japanese,All Time,-,-,-,0,0,0
2026-04-23T23:38:26.985Z,Global,Now,-,-,-,0,0,0
2026-04-23T23:38:26.985Z,Global,Weekly,-,-,-,0,0,0
2026-04-23T23:38:26.985Z,Global,Monthly,-,-,-,0,0,0
2026-04-23T23:38:26.985Z,Global,All Time,-,-,-,0,0,0
2026-04-23T23:38:26.985Z,Japanese,Now,-,-,-,0,0,0
2026-04-23T23:38:26.985Z,Japanese,Weekly,darari_nu,c6e83917-aead-4a3e-b6aa-9f825fa1471d,The Antidote,18,611,284
2026-04-23T23:38:26.985Z,Japanese,Monthly,coban3137,79cf91bc-167e-481f-9a49-b581919560c4,BINARY,13,5642,724
2026-04-23T23:38:26.985Z,Japanese,All Time,-,-,-,0,0,0
2026-04-24T01:56:07.865Z,Global,Now,-,-,-,0,0,0
2026-04-24T01:56:07.865Z,Global,Weekly,-,-,-,0,0,0
2026-04-24T01:56:07.865Z,Global,Monthly,-,-,-,0,0,0
2026-04-24T01:56:07.865Z,Global,All Time,-,-,-,0,0,0
2026-04-24T01:56:07.865Z,Japanese,Now,-,-,-,0,0,0
2026-04-24T01:56:07.865Z,Japanese,Weekly,darari_nu,c6e83917-aead-4a3e-b6aa-9f825fa1471d,The Antidote,18,611,284
2026-04-24T01:56:07.865Z,Japanese,Monthly,coban3137,79cf91bc-167e-481f-9a49-b581919560c4,BINARY,13,5642,724
2026-04-24T01:56:07.865Z,Japanese,All Time,-,-,-,0,0,0
2026-04-24T04:51:15.368Z,Global,Now,-,-,-,0,0,0
2026-04-24T04:51:15.368Z,Global,Weekly,darari_nu,c6e83917-aead-4a3e-b6aa-9f825fa1471d,The Antidote,27,625,284
2026-04-24T04:51:15.368Z,Global,Monthly,-,-,-,0,0,0
2026-04-24T04:51:15.368Z,Global,All Time,-,-,-,0,0,0
2026-04-24T04:51:15.368Z,Japanese,Now,-,-,-,0,0,0
2026-04-24T04:51:15.368Z,Japanese,Weekly,darari_nu,bb8dc65c-a5f6-4399-9aaf-9b9640dbf08c,Beast,5,1737,401
2026-04-24T04:51:15.368Z,Japanese,Weekly,coban3137,413d7a37-0488-402b-9eff-e6129ed0b8f4,水脈,7,1925,394
2026-04-24T04:51:15.368Z,Japanese,Monthly,coban3137,79cf91bc-167e-481f-9a49-b581919560c4,BINARY,13,5642,724
2026-04-24T04:51:15.368Z,Japanese,All Time,-,-,-,0,0,0
2026-04-24T07:01:57.644Z,Global,Now,-,-,-,0,0,0
2026-04-24T07:01:57.644Z,Global,Weekly,darari_nu,c6e83917-aead-4a3e-b6aa-9f825fa1471d,The Antidote,27,625,285
2026-04-24T07:01:57.644Z,Global,Monthly,-,-,-,0,0,0
2026-04-24T07:01:57.644Z,Global,All Time,-,-,-,0,0,0
2026-04-24T07:01:57.644Z,Japanese,Now,-,-,-,0,0,0
2026-04-24T07:01:57.644Z,Japanese,Weekly,darari_nu,bb8dc65c-a5f6-4399-9aaf-9b9640dbf08c,Beast,5,1746,402
2026-04-24T07:01:57.644Z,Japanese,Weekly,coban3137,413d7a37-0488-402b-9eff-e6129ed0b8f4,水脈,7,1925,394
2026-04-24T07:01:57.644Z,Japanese,Monthly,coban3137,79cf91bc-167e-481f-9a49-b581919560c4,BINARY,13,5642,724
2026-04-24T07:01:57.644Z,Japanese,All Time,-,-,-,0,0,0
2026-04-24T09:24:05.375Z,Global,Now,-,-,-,0,0,0
2026-04-24T09:24:05.375Z,Global,Weekly,darari_nu,c6e83917-aead-4a3e-b6aa-9f825fa1471d,The Antidote,27,632,285
2026-04-24T09:24:05.375Z,Global,Monthly,-,-,-,0,0,0
2026-04-24T09:24:05.375Z,Global,All Time,-,-,-,0,0,0
2026-04-24T09:24:05.375Z,Japanese,Now,-,-,-,0,0,0
2026-04-24T09:24:05.375Z,Japanese,Weekly,darari_nu,bb8dc65c-a5f6-4399-9aaf-9b9640dbf08c,Beast,5,1746,402
2026-04-24T09:24:05.375Z,Japanese,Weekly,coban3137,413d7a37-0488-402b-9eff-e6129ed0b8f4,水脈,7,1925,394
2026-04-24T09:24:05.375Z,Japanese,Monthly,coban3137,79cf91bc-167e-481f-9a49-b581919560c4,BINARY,13,5642,724
2026-04-24T09:24:05.375Z,Japanese,All Time,-,-,-,0,0,0
2026-04-24T11:00:09.180Z,Global,Now,-,-,-,0,0,0
2026-04-24T11:00:09.180Z,Global,Weekly,darari_nu,c6e83917-aead-4a3e-b6aa-9f825fa1471d,The Antidote,27,632,285
2026-04-24T11:00:09.180Z,Global,Monthly,-,-,-,0,0,0
2026-04-24T11:00:09.180Z,Global,All Time,-,-,-,0,0,0
2026-04-24T11:00:09.180Z,Japanese,Now,-,-,-,0,0,0
2026-04-24T11:00:09.180Z,Japanese,Weekly,darari_nu,bb8dc65c-a5f6-4399-9aaf-9b9640dbf08c,Beast,5,1746,402
2026-04-24T11:00:09.180Z,Japanese,Weekly,coban3137,413d7a37-0488-402b-9eff-e6129ed0b8f4,水脈,7,1925,394
2026-04-24T11:00:09.180Z,Japanese,Monthly,coban3137,79cf91bc-167e-481f-9a49-b581919560c4,BINARY,13,5642,724
2026-04-24T11:00:09.180Z,Japanese,All Time,-,-,-,0,0,0
2026-04-24T12:01:01.230Z,Global,Now,-,-,-,0,0,0
2026-04-24T12:01:01.230Z,Global,Weekly,darari_nu,c6e83917-aead-4a3e-b6aa-9f825fa1471d,The Antidote,27,632,285
2026-04-24T12:01:01.230Z,Global,Monthly,-,-,-,0,0,0
2026-04-24T12:01:01.230Z,Global,All Time,-,-,-,0,0,0
2026-04-24T12:01:01.230Z,Japanese,Now,-,-,-,0,0,0
2026-04-24T12:01:01.230Z,Japanese,Weekly,darari_nu,bb8dc65c-a5f6-4399-9aaf-9b9640dbf08c,Beast,5,1746,402
2026-04-24T12:01:01.230Z,Japanese,Weekly,coban3137,413d7a37-0488-402b-9eff-e6129ed0b8f4,水脈,7,1925,395
2026-04-24T12:01:01.230Z,Japanese,Monthly,coban3137,79cf91bc-167e-481f-9a49-b581919560c4,BINARY,13,5642,724
2026-04-24T12:01:01.230Z,Japanese,All Time,-,-,-,0,0,0
2026-04-24T14:29:05.427Z,Global,Now,-,-,-,0,0,0
2026-04-24T14:29:05.427Z,Global,Weekly,darari_nu,c6e83917-aead-4a3e-b6aa-9f825fa1471d,The Antidote,27,632,285
2026-04-24T14:29:05.427Z,Global,Monthly,-,-,-,0,0,0
2026-04-24T14:29:05.427Z,Global,All Time,-,-,-,0,0,0
2026-04-24T14:29:05.427Z,Japanese,Now,-,-,-,0,0,0
2026-04-24T14:29:05.427Z,Japanese,Weekly,darari_nu,bb8dc65c-a5f6-4399-9aaf-9b9640dbf08c,Beast,5,1753,402
2026-04-24T14:29:05.427Z,Japanese,Weekly,coban3137,413d7a37-0488-402b-9eff-e6129ed0b8f4,水脈,7,1925,395
2026-04-24T14:29:05.427Z,Japanese,Monthly,coban3137,79cf91bc-167e-481f-9a49-b581919560c4,BINARY,13,5642,724
2026-04-24T14:29:05.427Z,Japanese,All Time,-,-,-,0,0,0
2026-04-24T16:00:14.442Z,Global,Now,-,-,-,0,0,0
2026-04-24T16:00:14.442Z,Global,Weekly,darari_nu,c6e83917-aead-4a3e-b6aa-9f825fa1471d,The Antidote,27,639,287
2026-04-24T16:00:14.442Z,Global,Monthly,-,-,-,0,0,0
2026-04-24T16:00:14.442Z,Global,All Time,-,-,-,0,0,0
2026-04-24T16:00:14.442Z,Japanese,Now,-,-,-,0,0,0
2026-04-24T16:00:14.442Z,Japanese,Weekly,darari_nu,bb8dc65c-a5f6-4399-9aaf-9b9640dbf08c,Beast,5,1753,402
2026-04-24T16:00:14.442Z,Japanese,Weekly,coban3137,413d7a37-0488-402b-9eff-e6129ed0b8f4,水脈,7,1925,395
2026-04-24T16:00:14.442Z,Japanese,Monthly,coban3137,79cf91bc-167e-481f-9a49-b581919560c4,BINARY,13,5642,724
2026-04-24T16:00:14.442Z,Japanese,All Time,-,-,-,0,0,0
2026-04-24T17:04:14.343Z,Global,Now,-,-,-,0,0,0
2026-04-24T17:04:14.343Z,Global,Weekly,darari_nu,c6e83917-aead-4a3e-b6aa-9f825fa1471d,The Antidote,27,639,290
2026-04-24T17:04:14.343Z,Global,Monthly,-,-,-,0,0,0
2026-04-24T17:04:14.343Z,Global,All Time,-,-,-,0,0,0
2026-04-24T17:04:14.343Z,Japanese,Now,-,-,-,0,0,0
2026-04-24T17:04:14.343Z,Japanese,Weekly,darari_nu,bb8dc65c-a5f6-4399-9aaf-9b9640dbf08c,Beast,5,1753,402
2026-04-24T17:04:14.343Z,Japanese,Weekly,coban3137,413d7a37-0488-402b-9eff-e6129ed0b8f4,水脈,7,1925,395
2026-04-24T17:04:14.343Z,Japanese,Monthly,coban3137,79cf91bc-167e-481f-9a49-b581919560c4,BINARY,13,5642,724
2026-04-24T17:04:14.343Z,Japanese,All Time,-,-,-,0,0,0
2026-04-24T18:43:09.551Z,Global,Now,-,-,-,0,0,0
2026-04-24T18:43:09.551Z,Global,Weekly,darari_nu,c6e83917-aead-4a3e-b6aa-9f825fa1471d,The Antidote,27,656,291
2026-04-24T18:43:09.551Z,Global,Monthly,-,-,-,0,0,0
2026-04-24T18:43:09.551Z,Global,All Time,-,-,-,0,0,0
2026-04-24T18:43:09.551Z,Japanese,Now,-,-,-,0,0,0
2026-04-24T18:43:09.551Z,Japanese,Weekly,darari_nu,bb8dc65c-a5f6-4399-9aaf-9b9640dbf08c,Beast,5,1753,402
2026-04-24T18:43:09.551Z,Japanese,Weekly,coban3137,413d7a37-0488-402b-9eff-e6129ed0b8f4,水脈,7,1925,395
2026-04-24T18:43:09.551Z,Japanese,Monthly,coban3137,79cf91bc-167e-481f-9a49-b581919560c4,BINARY,13,5642,724
2026-04-24T18:43:09.551Z,Japanese,All Time,-,-,-,0,0,0
2026-04-24T19:45:45.221Z,Global,Now,-,-,-,0,0,0
2026-04-24T19:45:45.221Z,Global,Weekly,darari_nu,c6e83917-aead-4a3e-b6aa-9f825fa1471d,The Antidote,27,656,291
2026-04-24T19:45:45.221Z,Global,Monthly,-,-,-,0,0,0
2026-04-24T19:45:45.221Z,Global,All Time,-,-,-,0,0,0
2026-04-24T19:45:45.221Z,Japanese,Now,-,-,-,0,0,0
2026-04-24T19:45:45.221Z,Japanese,Weekly,darari_nu,bb8dc65c-a5f6-4399-9aaf-9b9640dbf08c,Beast,5,1753,402
2026-04-24T19:45:45.221Z,Japanese,Weekly,coban3137,413d7a37-0488-402b-9eff-e6129ed0b8f4,水脈,7,1933,395
2026-04-24T19:45:45.221Z,Japanese,Monthly,coban3137,79cf91bc-167e-481f-9a49-b581919560c4,BINARY,13,5642,724
2026-04-24T19:45:45.221Z,Japanese,All Time,-,-,-,0,0,0
2026-04-24T20:39:04.466Z,Global,Now,-,-,-,0,0,0
2026-04-24T20:39:04.466Z,Global,Weekly,darari_nu,c6e83917-aead-4a3e-b6aa-9f825fa1471d,The Antidote,27,664,291
2026-04-24T20:39:04.466Z,Global,Monthly,-,-,-,0,0,0
2026-04-24T20:39:04.466Z,Global,All Time,-,-,-,0,0,0
2026-04-24T20:39:04.466Z,Japanese,Now,-,-,-,0,0,0
2026-04-24T20:39:04.466Z,Japanese,Weekly,darari_nu,bb8dc65c-a5f6-4399-9aaf-9b9640dbf08c,Beast,5,1753,402
2026-04-24T20:39:04.466Z,Japanese,Weekly,coban3137,413d7a37-0488-402b-9eff-e6129ed0b8f4,水脈,7,1933,395
2026-04-24T20:39:04.466Z,Japanese,Monthly,coban3137,79cf91bc-167e-481f-9a49-b581919560c4,BINARY,13,5642,724
2026-04-24T20:39:04.466Z,Japanese,All Time,-,-,-,0,0,0
2026-04-24T21:40:58.351Z,Global,Now,-,-,-,0,0,0
2026-04-24T21:40:58.351Z,Global,Weekly,darari_nu,c6e83917-aead-4a3e-b6aa-9f825fa1471d,The Antidote,27,664,291
2026-04-24T21:40:58.351Z,Global,Monthly,-,-,-,0,0,0
2026-04-24T21:40:58.351Z,Global,All Time,-,-,-,0,0,0
2026-04-24T21:40:58.351Z,Japanese,Now,-,-,-,0,0,0
2026-04-24T21:40:58.351Z,Japanese,Weekly,darari_nu,bb8dc65c-a5f6-4399-9aaf-9b9640dbf08c,Beast,5,1753,402
2026-04-24T21:40:58.351Z,Japanese,Weekly,coban3137,413d7a37-0488-402b-9eff-e6129ed0b8f4,水脈,7,1933,395
2026-04-24T21:40:58.351Z,Japanese,Monthly,coban3137,79cf91bc-167e-481f-9a49-b581919560c4,BINARY,13,5642,724
2026-04-24T21:40:58.351Z,Japanese,All Time,-,-,-,0,0,0
2026-04-24T22:33:58.081Z,Global,Now,-,-,-,0,0,0
2026-04-24T22:33:58.081Z,Global,Weekly,darari_nu,c6e83917-aead-4a3e-b6aa-9f825fa1471d,The Antidote,27,664,291
2026-04-24T22:33:58.081Z,Global,Monthly,-,-,-,0,0,0
2026-04-24T22:33:58.081Z,Global,All Time,-,-,-,0,0,0
2026-04-24T22:33:58.081Z,Japanese,Now,-,-,-,0,0,0
2026-04-24T22:33:58.081Z,Japanese,Weekly,darari_nu,bb8dc65c-a5f6-4399-9aaf-9b9640dbf08c,Beast,5,1753,402
2026-04-24T22:33:58.081Z,Japanese,Weekly,coban3137,413d7a37-0488-402b-9eff-e6129ed0b8f4,水脈,7,1933,395
2026-04-24T22:33:58.081Z,Japanese,Monthly,coban3137,79cf91bc-167e-481f-9a49-b581919560c4,BINARY,13,5642,724
2026-04-24T22:33:58.081Z,Japanese,All Time,-,-,-,0,0,0
2026-04-24T23:34:25.953Z,Global,Now,-,-,-,0,0,0
2026-04-24T23:34:25.953Z,Global,Weekly,darari_nu,c6e83917-aead-4a3e-b6aa-9f825fa1471d,The Antidote,27,664,291
2026-04-24T23:34:25.953Z,Global,Monthly,-,-,-,0,0,0
2026-04-24T23:34:25.953Z,Global,All Time,-,-,-,0,0,0
2026-04-24T23:34:25.953Z,Japanese,Now,-,-,-,0,0,0
2026-04-24T23:34:25.953Z,Japanese,Weekly,darari_nu,bb8dc65c-a5f6-4399-9aaf-9b9640dbf08c,Beast,5,1753,402
2026-04-24T23:34:25.953Z,Japanese,Weekly,coban3137,413d7a37-0488-402b-9eff-e6129ed0b8f4,水脈,7,1933,395
2026-04-24T23:34:25.953Z,Japanese,Monthly,coban3137,79cf91bc-167e-481f-9a49-b581919560c4,BINARY,13,5642,724
2026-04-24T23:34:25.953Z,Japanese,All Time,-,-,-,0,0,0
2026-04-25T01:46:23.816Z,Global,Now,-,-,-,0,0,0
2026-04-25T01:46:23.816Z,Global,Weekly,darari_nu,c6e83917-aead-4a3e-b6aa-9f825fa1471d,The Antidote,27,664,292
2026-04-25T01:46:23.816Z,Global,Monthly,-,-,-,0,0,0
2026-04-25T01:46:23.816Z,Global,All Time,-,-,-,0,0,0
2026-04-25T01:46:23.816Z,Japanese,Now,-,-,-,0,0,0
2026-04-25T01:46:23.816Z,Japanese,Weekly,darari_nu,bb8dc65c-a5f6-4399-9aaf-9b9640dbf08c,Beast,5,1753,402
2026-04-25T01:46:23.816Z,Japanese,Weekly,coban3137,413d7a37-0488-402b-9eff-e6129ed0b8f4,水脈,7,1933,395
2026-04-25T01:46:23.816Z,Japanese,Monthly,coban3137,79cf91bc-167e-481f-9a49-b581919560c4,BINARY,13,5642,724
2026-04-25T01:46:23.816Z,Japanese,All Time,-,-,-,0,0,0
2026-04-25T04:31:00.573Z,Global,Now,-,-,-,0,0,0
2026-04-25T04:31:00.573Z,Global,Weekly,darari_nu,c6e83917-aead-4a3e-b6aa-9f825fa1471d,The Antidote,29,664,293
2026-04-25T04:31:00.573Z,Global,Monthly,-,-,-,0,0,0
2026-04-25T04:31:00.573Z,Global,All Time,-,-,-,0,0,0
2026-04-25T04:31:00.573Z,Japanese,Now,-,-,-,0,0,0
2026-04-25T04:31:00.573Z,Japanese,Weekly,darari_nu,bb8dc65c-a5f6-4399-9aaf-9b9640dbf08c,Beast,5,1753,402
2026-04-25T04:31:00.573Z,Japanese,Weekly,coban3137,413d7a37-0488-402b-9eff-e6129ed0b8f4,水脈,7,1933,395
2026-04-25T04:31:00.573Z,Japanese,Monthly,coban3137,79cf91bc-167e-481f-9a49-b581919560c4,BINARY,13,5642,724
2026-04-25T04:31:00.573Z,Japanese,All Time,-,-,-,0,0,0
2026-04-25T06:17:16.548Z,Global,Now,-,-,-,0,0,0
2026-04-25T06:17:16.548Z,Global,Weekly,darari_nu,c6e83917-aead-4a3e-b6aa-9f825fa1471d,The Antidote,29,682,296
2026-04-25T06:17:16.548Z,Global,Monthly,-,-,-,0,0,0
2026-04-25T06:17:16.548Z,Global,All Time,-,-,-,0,0,0
2026-04-25T06:17:16.548Z,Japanese,Now,-,-,-,0,0,0
2026-04-25T06:17:16.548Z,Japanese,Weekly,darari_nu,bb8dc65c-a5f6-4399-9aaf-9b9640dbf08c,Beast,5,1753,402
2026-04-25T06:17:16.548Z,Japanese,Weekly,coban3137,413d7a37-0488-402b-9eff-e6129ed0b8f4,水脈,7,1933,395
2026-04-25T06:17:16.548Z,Japanese,Monthly,coban3137,79cf91bc-167e-481f-9a49-b581919560c4,BINARY,13,5642,724
2026-04-25T06:17:16.548Z,Japanese,All Time,-,-,-,0,0,0
2026-04-25T08:01:36.844Z,Global,Now,-,-,-,0,0,0
2026-04-25T08:01:36.844Z,Global,Weekly,darari_nu,c6e83917-aead-4a3e-b6aa-9f825fa1471d,The Antidote,29,682,296
2026-04-25T08:01:36.844Z,Global,Monthly,-,-,-,0,0,0
2026-04-25T08:01:36.844Z,Global,All Time,-,-,-,0,0,0
2026-04-25T08:01:36.844Z,Japanese,Now,-,-,-,0,0,0
2026-04-25T08:01:36.844Z,Japanese,Weekly,darari_nu,bb8dc65c-a5f6-4399-9aaf-9b9640dbf08c,Beast,5,1753,402
2026-04-25T08:01:36.844Z,Japanese,Weekly,coban3137,413d7a37-0488-402b-9eff-e6129ed0b8f4,水脈,7,1933,395
2026-04-25T08:01:36.844Z,Japanese,Monthly,coban3137,79cf91bc-167e-481f-9a49-b581919560c4,BINARY,13,5642,724
2026-04-25T08:01:36.844Z,Japanese,All Time,-,-,-,0,0,0
2026-04-25T09:44:17.410Z,Global,Now,-,-,-,0,0,0
2026-04-25T09:44:17.410Z,Global,Weekly,darari_nu,c6e83917-aead-4a3e-b6aa-9f825fa1471d,The Antidote,29,682,296
2026-04-25T09:44:17.410Z,Global,Monthly,-,-,-,0,0,0
2026-04-25T09:44:17.410Z,Global,All Time,-,-,-,0,0,0
2026-04-25T09:44:17.410Z,Japanese,Now,-,-,-,0,0,0
2026-04-25T09:44:17.410Z,Japanese,Weekly,darari_nu,bb8dc65c-a5f6-4399-9aaf-9b9640dbf08c,Beast,5,1753,402
2026-04-25T09:44:17.410Z,Japanese,Weekly,coban3137,413d7a37-0488-402b-9eff-e6129ed0b8f4,水脈,7,1933,395
2026-04-25T09:44:17.410Z,Japanese,Monthly,coban3137,79cf91bc-167e-481f-9a49-b581919560c4,BINARY,13,5642,724
2026-04-25T09:44:17.410Z,Japanese,All Time,-,-,-,0,0,0
2026-04-25T10:37:08.884Z,Global,Now,-,-,-,0,0,0
2026-04-25T10:37:08.884Z,Global,Weekly,darari_nu,c6e83917-aead-4a3e-b6aa-9f825fa1471d,The Antidote,29,682,296
2026-04-25T10:37:08.884Z,Global,Monthly,-,-,-,0,0,0
2026-04-25T10:37:08.884Z,Global,All Time,-,-,-,0,0,0
2026-04-25T10:37:08.884Z,Japanese,Now,-,-,-,0,0,0
2026-04-25T10:37:08.884Z,Japanese,Weekly,darari_nu,bb8dc65c-a5f6-4399-9aaf-9b9640dbf08c,Beast,5,1753,402
2026-04-25T10:37:08.884Z,Japanese,Weekly,coban3137,413d7a37-0488-402b-9eff-e6129ed0b8f4,水脈,7,1933,395
2026-04-25T10:37:08.884Z,Japanese,Monthly,coban3137,79cf91bc-167e-481f-9a49-b581919560c4,BINARY,13,5642,724
2026-04-25T10:37:08.884Z,Japanese,All Time,-,-,-,0,0,0
2026-04-25T11:33:41.473Z,Global,Now,-,-,-,0,0,0
2026-04-25T11:33:41.473Z,Global,Weekly,darari_nu,c6e83917-aead-4a3e-b6aa-9f825fa1471d,The Antidote,29,682,297
2026-04-25T11:33:41.473Z,Global,Monthly,-,-,-,0,0,0
2026-04-25T11:33:41.473Z,Global,All Time,-,-,-,0,0,0
2026-04-25T11:33:41.473Z,Japanese,Now,-,-,-,0,0,0
2026-04-25T11:33:41.473Z,Japanese,Weekly,darari_nu,bb8dc65c-a5f6-4399-9aaf-9b9640dbf08c,Beast,5,1753,402
2026-04-25T11:33:41.473Z,Japanese,Weekly,coban3137,413d7a37-0488-402b-9eff-e6129ed0b8f4,水脈,7,1933,395
2026-04-25T11:33:41.473Z,Japanese,Monthly,coban3137,79cf91bc-167e-481f-9a49-b581919560c4,BINARY,13,5642,724
2026-04-25T11:33:41.473Z,Japanese,All Time,-,-,-,0,0,0
2026-04-25T12:44:19.941Z,Global,Now,-,-,-,0,0,0
2026-04-25T12:44:19.941Z,Global,Weekly,darari_nu,c6e83917-aead-4a3e-b6aa-9f825fa1471d,The Antidote,29,689,298
2026-04-25T12:44:19.941Z,Global,Monthly,-,-,-,0,0,0
2026-04-25T12:44:19.941Z,Global,All Time,-,-,-,0,0,0
2026-04-25T12:44:19.941Z,Japanese,Now,-,-,-,0,0,0
2026-04-25T12:44:19.941Z,Japanese,Weekly,darari_nu,bb8dc65c-a5f6-4399-9aaf-9b9640dbf08c,Beast,5,1753,402
2026-04-25T12:44:19.941Z,Japanese,Weekly,coban3137,413d7a37-0488-402b-9eff-e6129ed0b8f4,水脈,7,1933,395
2026-04-25T12:44:19.941Z,Japanese,Monthly,coban3137,79cf91bc-167e-481f-9a49-b581919560c4,BINARY,13,5642,724
2026-04-25T12:44:19.941Z,Japanese,All Time,-,-,-,0,0,0
2026-04-25T13:59:38.795Z,Global,Now,-,-,-,0,0,0
2026-04-25T13:59:38.795Z,Global,Weekly,darari_nu,c6e83917-aead-4a3e-b6aa-9f825fa1471d,The Antidote,29,689,298
2026-04-25T13:59:38.795Z,Global,Monthly,-,-,-,0,0,0
2026-04-25T13:59:38.795Z,Global,All Time,-,-,-,0,0,0
2026-04-25T13:59:38.795Z,Japanese,Now,-,-,-,0,0,0
2026-04-25T13:59:38.795Z,Japanese,Weekly,darari_nu,bb8dc65c-a5f6-4399-9aaf-9b9640dbf08c,Beast,5,1753,402
2026-04-25T13:59:38.795Z,Japanese,Weekly,coban3137,413d7a37-0488-402b-9eff-e6129ed0b8f4,水脈,7,1933,395
2026-04-25T13:59:38.795Z,Japanese,Monthly,coban3137,79cf91bc-167e-481f-9a49-b581919560c4,BINARY,13,5642,724
2026-04-25T13:59:38.795Z,Japanese,All Time,-,-,-,0,0,0
2026-04-25T14:45:52.948Z,Global,Now,-,-,-,0,0,0
2026-04-25T14:45:52.948Z,Global,Weekly,darari_nu,c6e83917-aead-4a3e-b6aa-9f825fa1471d,The Antidote,29,689,299
2026-04-25T14:45:52.948Z,Global,Monthly,-,-,-,0,0,0
2026-04-25T14:45:52.948Z,Global,All Time,-,-,-,0,0,0
2026-04-25T14:45:52.948Z,Japanese,Now,-,-,-,0,0,0
2026-04-25T14:45:52.948Z,Japanese,Weekly,darari_nu,bb8dc65c-a5f6-4399-9aaf-9b9640dbf08c,Beast,5,1753,402
2026-04-25T14:45:52.948Z,Japanese,Weekly,coban3137,413d7a37-0488-402b-9eff-e6129ed0b8f4,水脈,7,1933,395
2026-04-25T14:45:52.948Z,Japanese,Monthly,coban3137,79cf91bc-167e-481f-9a49-b581919560c4,BINARY,13,5642,724
2026-04-25T14:45:52.948Z,Japanese,All Time,-,-,-,0,0,0
2026-04-25T15:34:04.886Z,Global,Now,-,-,-,0,0,0
2026-04-25T15:34:04.886Z,Global,Weekly,darari_nu,c6e83917-aead-4a3e-b6aa-9f825fa1471d,The Antidote,29,698,300
2026-04-25T15:34:04.886Z,Global,Monthly,-,-,-,0,0,0
2026-04-25T15:34:04.886Z,Global,All Time,-,-,-,0,0,0
2026-04-25T15:34:04.886Z,Japanese,Now,-,-,-,0,0,0
2026-04-25T15:34:04.886Z,Japanese,Weekly,darari_nu,bb8dc65c-a5f6-4399-9aaf-9b9640dbf08c,Beast,5,1753,402
2026-04-25T15:34:04.886Z,Japanese,Weekly,coban3137,413d7a37-0488-402b-9eff-e6129ed0b8f4,水脈,7,1933,395
2026-04-25T15:34:04.886Z,Japanese,Monthly,coban3137,79cf91bc-167e-481f-9a49-b581919560c4,BINARY,13,5642,724
2026-04-25T15:34:04.886Z,Japanese,All Time,-,-,-,0,0,0
2026-04-25T16:33:13.660Z,Global,Now,-,-,-,0,0,0
2026-04-25T16:33:13.660Z,Global,Weekly,darari_nu,c6e83917-aead-4a3e-b6aa-9f825fa1471d,The Antidote,29,707,300
2026-04-25T16:33:13.660Z,Global,Monthly,-,-,-,0,0,0
2026-04-25T16:33:13.660Z,Global,All Time,-,-,-,0,0,0
2026-04-25T16:33:13.660Z,Japanese,Now,-,-,-,0,0,0
2026-04-25T16:33:13.660Z,Japanese,Weekly,darari_nu,bb8dc65c-a5f6-4399-9aaf-9b9640dbf08c,Beast,5,1753,402
2026-04-25T16:33:13.660Z,Japanese,Weekly,coban3137,413d7a37-0488-402b-9eff-e6129ed0b8f4,水脈,7,1933,395
2026-04-25T16:33:13.660Z,Japanese,Monthly,coban3137,79cf91bc-167e-481f-9a49-b581919560c4,BINARY,13,5642,724
2026-04-25T16:33:13.660Z,Japanese,All Time,-,-,-,0,0,0
2026-04-25T17:32:42.388Z,Global,Now,-,-,-,0,0,0
2026-04-25T17:32:42.388Z,Global,Weekly,darari_nu,c6e83917-aead-4a3e-b6aa-9f825fa1471d,The Antidote,29,707,301
2026-04-25T17:32:42.388Z,Global,Monthly,-,-,-,0,0,0
2026-04-25T17:32:42.388Z,Global,All Time,-,-,-,0,0,0
2026-04-25T17:32:42.388Z,Japanese,Now,-,-,-,0,0,0
2026-04-25T17:32:42.388Z,Japanese,Weekly,darari_nu,bb8dc65c-a5f6-4399-9aaf-9b9640dbf08c,Beast,5,1753,402
2026-04-25T17:32:42.388Z,Japanese,Weekly,coban3137,413d7a37-0488-402b-9eff-e6129ed0b8f4,水脈,7,1933,395
2026-04-25T17:32:42.388Z,Japanese,Monthly,coban3137,79cf91bc-167e-481f-9a49-b581919560c4,BINARY,13,5642,724
2026-04-25T17:32:42.388Z,Japanese,All Time,-,-,-,0,0,0
2026-04-25T18:39:05.868Z,Global,Now,-,-,-,0,0,0
2026-04-25T18:39:05.868Z,Global,Weekly,darari_nu,c6e83917-aead-4a3e-b6aa-9f825fa1471d,The Antidote,29,707,301
2026-04-25T18:39:05.868Z,Global,Monthly,-,-,-,0,0,0
2026-04-25T18:39:05.868Z,Global,All Time,-,-,-,0,0,0
2026-04-25T18:39:05.868Z,Japanese,Now,-,-,-,0,0,0
2026-04-25T18:39:05.868Z,Japanese,Weekly,darari_nu,bb8dc65c-a5f6-4399-9aaf-9b9640dbf08c,Beast,5,1753,402
2026-04-25T18:39:05.868Z,Japanese,Weekly,coban3137,413d7a37-0488-402b-9eff-e6129ed0b8f4,水脈,7,1933,395
2026-04-25T18:39:05.868Z,Japanese,Monthly,coban3137,79cf91bc-167e-481f-9a49-b581919560c4,BINARY,13,5642,724
2026-04-25T18:39:05.868Z,Japanese,All Time,-,-,-,0,0,0
2026-04-25T19:39:31.995Z,Global,Now,-,-,-,0,0,0
2026-04-25T19:39:31.995Z,Global,Weekly,darari_nu,c6e83917-aead-4a3e-b6aa-9f825fa1471d,The Antidote,29,707,301
2026-04-25T19:39:31.995Z,Global,Monthly,-,-,-,0,0,0
2026-04-25T19:39:31.995Z,Global,All Time,-,-,-,0,0,0
2026-04-25T19:39:31.995Z,Japanese,Now,-,-,-,0,0,0
2026-04-25T19:39:31.995Z,Japanese,Weekly,darari_nu,bb8dc65c-a5f6-4399-9aaf-9b9640dbf08c,Beast,5,1753,402
2026-04-25T19:39:31.995Z,Japanese,Weekly,coban3137,413d7a37-0488-402b-9eff-e6129ed0b8f4,水脈,7,1933,395
2026-04-25T19:39:31.995Z,Japanese,Monthly,coban3137,79cf91bc-167e-481f-9a49-b581919560c4,BINARY,13,5642,724
2026-04-25T19:39:31.995Z,Japanese,All Time,-,-,-,0,0,0
2026-04-25T20:31:03.385Z,Global,Now,-,-,-,0,0,0
2026-04-25T20:31:03.385Z,Global,Weekly,darari_nu,c6e83917-aead-4a3e-b6aa-9f825fa1471d,The Antidote,29,707,300
2026-04-25T20:31:03.385Z,Global,Monthly,-,-,-,0,0,0
2026-04-25T20:31:03.385Z,Global,All Time,-,-,-,0,0,0
2026-04-25T20:31:03.385Z,Japanese,Now,-,-,-,0,0,0
2026-04-25T20:31:03.385Z,Japanese,Weekly,darari_nu,bb8dc65c-a5f6-4399-9aaf-9b9640dbf08c,Beast,5,1753,402
2026-04-25T20:31:03.385Z,Japanese,Weekly,coban3137,413d7a37-0488-402b-9eff-e6129ed0b8f4,水脈,7,1933,395
2026-04-25T20:31:03.385Z,Japanese,Monthly,coban3137,79cf91bc-167e-481f-9a49-b581919560c4,BINARY,13,5642,724
2026-04-25T20:31:03.385Z,Japanese,All Time,-,-,-,0,0,0
2026-04-25T21:30:01.534Z,Global,Now,-,-,-,0,0,0
2026-04-25T21:30:01.534Z,Global,Weekly,darari_nu,c6e83917-aead-4a3e-b6aa-9f825fa1471d,The Antidote,29,707,300
2026-04-25T21:30:01.534Z,Global,Monthly,-,-,-,0,0,0
2026-04-25T21:30:01.534Z,Global,All Time,-,-,-,0,0,0
2026-04-25T21:30:01.534Z,Japanese,Now,-,-,-,0,0,0
2026-04-25T21:30:01.534Z,Japanese,Weekly,darari_nu,bb8dc65c-a5f6-4399-9aaf-9b9640dbf08c,Beast,5,1753,402
2026-04-25T21:30:01.534Z,Japanese,Weekly,coban3137,413d7a37-0488-402b-9eff-e6129ed0b8f4,水脈,7,1933,395
2026-04-25T21:30:01.534Z,Japanese,Monthly,coban3137,79cf91bc-167e-481f-9a49-b581919560c4,BINARY,13,5642,724
2026-04-25T21:30:01.534Z,Japanese,All Time,-,-,-,0,0,0
2026-04-25T22:28:30.458Z,Global,Now,-,-,-,0,0,0
2026-04-25T22:28:30.458Z,Global,Weekly,darari_nu,c6e83917-aead-4a3e-b6aa-9f825fa1471d,The Antidote,28,707,300
2026-04-25T22:28:30.458Z,Global,Monthly,-,-,-,0,0,0
2026-04-25T22:28:30.458Z,Global,All Time,-,-,-,0,0,0
2026-04-25T22:28:30.458Z,Japanese,Now,-,-,-,0,0,0
2026-04-25T22:28:30.458Z,Japanese,Weekly,darari_nu,bb8dc65c-a5f6-4399-9aaf-9b9640dbf08c,Beast,5,1753,402
2026-04-25T22:28:30.458Z,Japanese,Weekly,coban3137,413d7a37-0488-402b-9eff-e6129ed0b8f4,水脈,7,1933,395
2026-04-25T22:28:30.458Z,Japanese,Monthly,coban3137,79cf91bc-167e-481f-9a49-b581919560c4,BINARY,13,5642,724
2026-04-25T22:28:30.458Z,Japanese,All Time,-,-,-,0,0,0
2026-04-25T23:30:38.909Z,Global,Now,-,-,-,0,0,0
2026-04-25T23:30:38.909Z,Global,Weekly,darari_nu,c6e83917-aead-4a3e-b6aa-9f825fa1471d,The Antidote,28,707,300
2026-04-25T23:30:38.909Z,Global,Monthly,-,-,-,0,0,0
2026-04-25T23:30:38.909Z,Global,All Time,-,-,-,0,0,0
2026-04-25T23:30:38.909Z,Japanese,Now,-,-,-,0,0,0
2026-04-25T23:30:38.909Z,Japanese,Weekly,darari_nu,bb8dc65c-a5f6-4399-9aaf-9b9640dbf08c,Beast,5,1753,402
2026-04-25T23:30:38.909Z,Japanese,Weekly,coban3137,413d7a37-0488-402b-9eff-e6129ed0b8f4,水脈,7,1933,395
2026-04-25T23:30:38.909Z,Japanese,Monthly,coban3137,79cf91bc-167e-481f-9a49-b581919560c4,BINARY,13,5642,724
2026-04-25T23:30:38.909Z,Japanese,All Time,-,-,-,0,0,0
2026-04-26T01:58:59.469Z,Global,Now,-,-,-,0,0,0
2026-04-26T01:58:59.469Z,Global,Weekly,darari_nu,c6e83917-aead-4a3e-b6aa-9f825fa1471d,The Antidote,28,714,301
2026-04-26T01:58:59.469Z,Global,Monthly,-,-,-,0,0,0
2026-04-26T01:58:59.469Z,Global,All Time,-,-,-,0,0,0
2026-04-26T01:58:59.469Z,Japanese,Now,-,-,-,0,0,0
2026-04-26T01:58:59.469Z,Japanese,Weekly,darari_nu,bb8dc65c-a5f6-4399-9aaf-9b9640dbf08c,Beast,5,1753,403
2026-04-26T01:58:59.469Z,Japanese,Weekly,coban3137,413d7a37-0488-402b-9eff-e6129ed0b8f4,水脈,7,1933,395
2026-04-26T01:58:59.469Z,Japanese,Monthly,coban3137,79cf91bc-167e-481f-9a49-b581919560c4,BINARY,13,5642,724
2026-04-26T01:58:59.469Z,Japanese,All Time,-,-,-,0,0,0
2026-04-26T05:13:23.108Z,Global,Now,-,-,-,0,0,0
2026-04-26T05:13:23.108Z,Global,Weekly,darari_nu,c6e83917-aead-4a3e-b6aa-9f825fa1471d,The Antidote,29,714,302
2026-04-26T05:13:23.108Z,Global,Monthly,-,-,-,0,0,0
2026-04-26T05:13:23.108Z,Global,All Time,-,-,-,0,0,0
2026-04-26T05:13:23.108Z,Japanese,Now,-,-,-,0,0,0
2026-04-26T05:13:23.108Z,Japanese,Weekly,darari_nu,bb8dc65c-a5f6-4399-9aaf-9b9640dbf08c,Beast,5,1761,404
2026-04-26T05:13:23.108Z,Japanese,Weekly,coban3137,413d7a37-0488-402b-9eff-e6129ed0b8f4,水脈,7,1933,395
2026-04-26T05:13:23.108Z,Japanese,Monthly,coban3137,79cf91bc-167e-481f-9a49-b581919560c4,BINARY,13,5642,724
2026-04-26T05:13:23.108Z,Japanese,All Time,-,-,-,0,0,0
2026-04-26T07:18:38.310Z,Global,Now,-,-,-,0,0,0
2026-04-26T07:18:38.310Z,Global,Weekly,darari_nu,c6e83917-aead-4a3e-b6aa-9f825fa1471d,The Antidote,29,722,302
2026-04-26T07:18:38.310Z,Global,Monthly,-,-,-,0,0,0
2026-04-26T07:18:38.310Z,Global,All Time,-,-,-,0,0,0
2026-04-26T07:18:38.310Z,Japanese,Now,-,-,-,0,0,0
2026-04-26T07:18:38.310Z,Japanese,Weekly,darari_nu,bb8dc65c-a5f6-4399-9aaf-9b9640dbf08c,Beast,5,1761,404
2026-04-26T07:18:38.310Z,Japanese,Weekly,coban3137,413d7a37-0488-402b-9eff-e6129ed0b8f4,水脈,7,1933,395
2026-04-26T07:18:38.310Z,Japanese,Monthly,coban3137,79cf91bc-167e-481f-9a49-b581919560c4,BINARY,13,5642,724
2026-04-26T07:18:38.310Z,Japanese,All Time,-,-,-,0,0,0
2026-04-26T08:51:47.221Z,Global,Now,-,-,-,0,0,0
2026-04-26T08:51:47.221Z,Global,Weekly,darari_nu,c6e83917-aead-4a3e-b6aa-9f825fa1471d,The Antidote,29,722,303
2026-04-26T08:51:47.221Z,Global,Monthly,-,-,-,0,0,0
2026-04-26T08:51:47.221Z,Global,All Time,-,-,-,0,0,0
2026-04-26T08:51:47.221Z,Japanese,Now,-,-,-,0,0,0
2026-04-26T08:51:47.221Z,Japanese,Weekly,darari_nu,bb8dc65c-a5f6-4399-9aaf-9b9640dbf08c,Beast,5,1761,404
2026-04-26T08:51:47.221Z,Japanese,Weekly,coban3137,413d7a37-0488-402b-9eff-e6129ed0b8f4,水脈,7,1933,395
2026-04-26T08:51:47.221Z,Japanese,Monthly,coban3137,79cf91bc-167e-481f-9a49-b581919560c4,BINARY,13,5642,724
2026-04-26T08:51:47.221Z,Japanese,All Time,-,-,-,0,0,0
2026-04-26T09:46:10.834Z,Global,Now,-,-,-,0,0,0
2026-04-26T09:46:10.834Z,Global,Weekly,darari_nu,c6e83917-aead-4a3e-b6aa-9f825fa1471d,The Antidote,29,722,303
2026-04-26T09:46:10.834Z,Global,Monthly,-,-,-,0,0,0
2026-04-26T09:46:10.834Z,Global,All Time,-,-,-,0,0,0
2026-04-26T09:46:10.834Z,Japanese,Now,-,-,-,0,0,0
2026-04-26T09:46:10.834Z,Japanese,Weekly,darari_nu,bb8dc65c-a5f6-4399-9aaf-9b9640dbf08c,Beast,5,1761,404
2026-04-26T09:46:10.834Z,Japanese,Weekly,coban3137,413d7a37-0488-402b-9eff-e6129ed0b8f4,水脈,7,1933,395
2026-04-26T09:46:10.834Z,Japanese,Monthly,coban3137,79cf91bc-167e-481f-9a49-b581919560c4,BINARY,13,5642,724
2026-04-26T09:46:10.834Z,Japanese,All Time,-,-,-,0,0,0
2026-04-26T10:38:49.779Z,Global,Now,-,-,-,0,0,0
2026-04-26T10:38:49.779Z,Global,Weekly,darari_nu,c6e83917-aead-4a3e-b6aa-9f825fa1471d,The Antidote,29,722,303
2026-04-26T10:38:49.779Z,Global,Monthly,-,-,-,0,0,0
2026-04-26T10:38:49.779Z,Global,All Time,-,-,-,0,0,0
2026-04-26T10:38:49.779Z,Japanese,Now,-,-,-,0,0,0
2026-04-26T10:38:49.779Z,Japanese,Weekly,darari_nu,bb8dc65c-a5f6-4399-9aaf-9b9640dbf08c,Beast,5,1761,404
2026-04-26T10:38:49.779Z,Japanese,Weekly,coban3137,413d7a37-0488-402b-9eff-e6129ed0b8f4,水脈,7,1933,395
2026-04-26T10:38:49.779Z,Japanese,Monthly,coban3137,79cf91bc-167e-481f-9a49-b581919560c4,BINARY,13,5642,724
2026-04-26T10:38:49.779Z,Japanese,All Time,-,-,-,0,0,0
2026-04-26T11:34:29.848Z,Global,Now,-,-,-,0,0,0
2026-04-26T11:34:29.848Z,Global,Weekly,darari_nu,c6e83917-aead-4a3e-b6aa-9f825fa1471d,The Antidote,29,722,303
2026-04-26T11:34:29.848Z,Global,Monthly,-,-,-,0,0,0
2026-04-26T11:34:29.848Z,Global,All Time,-,-,-,0,0,0
2026-04-26T11:34:29.848Z,Japanese,Now,-,-,-,0,0,0
2026-04-26T11:34:29.848Z,Japanese,Weekly,darari_nu,bb8dc65c-a5f6-4399-9aaf-9b9640dbf08c,Beast,5,1761,404
2026-04-26T11:34:29.848Z,Japanese,Weekly,coban3137,413d7a37-0488-402b-9eff-e6129ed0b8f4,水脈,7,1933,395
2026-04-26T11:34:29.848Z,Japanese,Monthly,coban3137,79cf91bc-167e-481f-9a49-b581919560c4,BINARY,13,5642,724
2026-04-26T11:34:29.848Z,Japanese,All Time,-,-,-,0,0,0
2026-04-26T12:46:41.600Z,Global,Now,-,-,-,0,0,0
2026-04-26T12:46:41.600Z,Global,Weekly,darari_nu,c6e83917-aead-4a3e-b6aa-9f825fa1471d,The Antidote,29,722,303
2026-04-26T12:46:41.600Z,Global,Monthly,-,-,-,0,0,0
2026-04-26T12:46:41.600Z,Global,All Time,-,-,-,0,0,0
2026-04-26T12:46:41.600Z,Japanese,Now,-,-,-,0,0,0
2026-04-26T12:46:41.600Z,Japanese,Weekly,darari_nu,bb8dc65c-a5f6-4399-9aaf-9b9640dbf08c,Beast,5,1761,404
2026-04-26T12:46:41.600Z,Japanese,Weekly,coban3137,413d7a37-0488-402b-9eff-e6129ed0b8f4,水脈,7,1933,395
2026-04-26T12:46:41.600Z,Japanese,Monthly,coban3137,79cf91bc-167e-481f-9a49-b581919560c4,BINARY,13,5642,724
2026-04-26T12:46:41.600Z,Japanese,All Time,-,-,-,0,0,0
2026-04-26T14:01:06.951Z,Global,Now,-,-,-,0,0,0
2026-04-26T14:01:06.951Z,Global,Weekly,darari_nu,c6e83917-aead-4a3e-b6aa-9f825fa1471d,The Antidote,29,722,303
2026-04-26T14:01:06.951Z,Global,Monthly,-,-,-,0,0,0
2026-04-26T14:01:06.951Z,Global,All Time,-,-,-,0,0,0
2026-04-26T14:01:06.951Z,Japanese,Now,-,-,-,0,0,0
2026-04-26T14:01:06.951Z,Japanese,Weekly,darari_nu,bb8dc65c-a5f6-4399-9aaf-9b9640dbf08c,Beast,5,1761,406
2026-04-26T14:01:06.951Z,Japanese,Weekly,coban3137,413d7a37-0488-402b-9eff-e6129ed0b8f4,水脈,7,1933,395
2026-04-26T14:01:06.951Z,Japanese,Monthly,coban3137,79cf91bc-167e-481f-9a49-b581919560c4,BINARY,13,5642,724
2026-04-26T14:01:06.951Z,Japanese,All Time,-,-,-,0,0,0
2026-04-26T15:36:23.667Z,Global,Now,-,-,-,0,0,0
2026-04-26T15:36:23.667Z,Global,Weekly,darari_nu,c6e83917-aead-4a3e-b6aa-9f825fa1471d,The Antidote,29,722,303
2026-04-26T15:36:23.667Z,Global,Monthly,-,-,-,0,0,0
2026-04-26T15:36:23.667Z,Global,All Time,-,-,-,0,0,0
2026-04-26T15:36:23.667Z,Japanese,Now,-,-,-,0,0,0
2026-04-26T15:36:23.667Z,Japanese,Weekly,darari_nu,bb8dc65c-a5f6-4399-9aaf-9b9640dbf08c,Beast,5,1761,406
2026-04-26T15:36:23.667Z,Japanese,Weekly,coban3137,413d7a37-0488-402b-9eff-e6129ed0b8f4,水脈,7,1933,395
2026-04-26T15:36:23.667Z,Japanese,Monthly,coban3137,79cf91bc-167e-481f-9a49-b581919560c4,BINARY,13,5642,724
2026-04-26T15:36:23.667Z,Japanese,All Time,-,-,-,0,0,0
2026-04-26T16:34:23.850Z,Global,Now,-,-,-,0,0,0
2026-04-26T16:34:23.850Z,Global,Weekly,darari_nu,c6e83917-aead-4a3e-b6aa-9f825fa1471d,The Antidote,29,729,303
2026-04-26T16:34:23.850Z,Global,Monthly,-,-,-,0,0,0
2026-04-26T16:34:23.850Z,Global,All Time,-,-,-,0,0,0
2026-04-26T16:34:23.850Z,Japanese,Now,-,-,-,0,0,0
2026-04-26T16:34:23.850Z,Japanese,Weekly,darari_nu,bb8dc65c-a5f6-4399-9aaf-9b9640dbf08c,Beast,5,1768,406
2026-04-26T16:34:23.850Z,Japanese,Weekly,coban3137,413d7a37-0488-402b-9eff-e6129ed0b8f4,水脈,7,1933,395
2026-04-26T16:34:23.850Z,Japanese,Monthly,coban3137,79cf91bc-167e-481f-9a49-b581919560c4,BINARY,13,5642,724
2026-04-26T16:34:23.850Z,Japanese,All Time,-,-,-,0,0,0
2026-04-26T17:33:13.604Z,Global,Now,-,-,-,0,0,0
2026-04-26T17:33:13.604Z,Global,Weekly,darari_nu,c6e83917-aead-4a3e-b6aa-9f825fa1471d,The Antidote,29,729,304
2026-04-26T17:33:13.604Z,Global,Monthly,-,-,-,0,0,0
2026-04-26T17:33:13.604Z,Global,All Time,-,-,-,0,0,0
2026-04-26T17:33:13.604Z,Japanese,Now,-,-,-,0,0,0
2026-04-26T17:33:13.604Z,Japanese,Weekly,darari_nu,bb8dc65c-a5f6-4399-9aaf-9b9640dbf08c,Beast,5,1768,406
2026-04-26T17:33:13.604Z,Japanese,Weekly,coban3137,413d7a37-0488-402b-9eff-e6129ed0b8f4,水脈,7,1933,395
2026-04-26T17:33:13.604Z,Japanese,Monthly,coban3137,79cf91bc-167e-481f-9a49-b581919560c4,BINARY,13,5642,724
2026-04-26T17:33:13.604Z,Japanese,All Time,-,-,-,0,0,0
2026-04-26T18:40:29.085Z,Global,Now,-,-,-,0,0,0
2026-04-26T18:40:29.085Z,Global,Weekly,darari_nu,c6e83917-aead-4a3e-b6aa-9f825fa1471d,The Antidote,29,729,304
2026-04-26T18:40:29.085Z,Global,Monthly,-,-,-,0,0,0
2026-04-26T18:40:29.085Z,Global,All Time,-,-,-,0,0,0
2026-04-26T18:40:29.085Z,Japanese,Now,-,-,-,0,0,0
2026-04-26T18:40:29.085Z,Japanese,Weekly,darari_nu,bb8dc65c-a5f6-4399-9aaf-9b9640dbf08c,Beast,5,1768,406
2026-04-26T18:40:29.085Z,Japanese,Weekly,coban3137,413d7a37-0488-402b-9eff-e6129ed0b8f4,水脈,7,1933,395
2026-04-26T18:40:29.085Z,Japanese,Monthly,coban3137,79cf91bc-167e-481f-9a49-b581919560c4,BINARY,13,5642,724
2026-04-26T18:40:29.085Z,Japanese,All Time,-,-,-,0,0,0
2026-04-26T19:41:04.128Z,Global,Now,-,-,-,0,0,0
2026-04-26T19:41:04.128Z,Global,Weekly,darari_nu,c6e83917-aead-4a3e-b6aa-9f825fa1471d,The Antidote,29,729,304
2026-04-26T19:41:04.128Z,Global,Monthly,-,-,-,0,0,0
2026-04-26T19:41:04.128Z,Global,All Time,-,-,-,0,0,0
2026-04-26T19:41:04.128Z,Japanese,Now,-,-,-,0,0,0
2026-04-26T19:41:04.128Z,Japanese,Weekly,darari_nu,bb8dc65c-a5f6-4399-9aaf-9b9640dbf08c,Beast,5,1768,406
2026-04-26T19:41:04.128Z,Japanese,Weekly,coban3137,413d7a37-0488-402b-9eff-e6129ed0b8f4,水脈,7,1933,395
2026-04-26T19:41:04.128Z,Japanese,Monthly,coban3137,79cf91bc-167e-481f-9a49-b581919560c4,BINARY,13,5642,724
2026-04-26T19:41:04.128Z,Japanese,All Time,-,-,-,0,0,0
2026-04-26T20:30:53.134Z,Global,Now,-,-,-,0,0,0
2026-04-26T20:30:53.134Z,Global,Weekly,darari_nu,c6e83917-aead-4a3e-b6aa-9f825fa1471d,The Antidote,29,729,304
2026-04-26T20:30:53.134Z,Global,Monthly,-,-,-,0,0,0
2026-04-26T20:30:53.134Z,Global,All Time,-,-,-,0,0,0
2026-04-26T20:30:53.134Z,Japanese,Now,-,-,-,0,0,0
2026-04-26T20:30:53.134Z,Japanese,Weekly,darari_nu,bb8dc65c-a5f6-4399-9aaf-9b9640dbf08c,Beast,5,1768,406
2026-04-26T20:30:53.134Z,Japanese,Weekly,coban3137,413d7a37-0488-402b-9eff-e6129ed0b8f4,水脈,7,1933,395
2026-04-26T20:30:53.134Z,Japanese,Monthly,coban3137,79cf91bc-167e-481f-9a49-b581919560c4,BINARY,13,5642,724
2026-04-26T20:30:53.134Z,Japanese,All Time,-,-,-,0,0,0
2026-04-26T21:31:16.198Z,Global,Now,-,-,-,0,0,0
2026-04-26T21:31:16.198Z,Global,Weekly,darari_nu,c6e83917-aead-4a3e-b6aa-9f825fa1471d,The Antidote,29,729,304
2026-04-26T21:31:16.198Z,Global,Monthly,-,-,-,0,0,0
2026-04-26T21:31:16.198Z,Global,All Time,-,-,-,0,0,0
2026-04-26T21:31:16.198Z,Japanese,Now,-,-,-,0,0,0
2026-04-26T21:31:16.198Z,Japanese,Weekly,darari_nu,bb8dc65c-a5f6-4399-9aaf-9b9640dbf08c,Beast,5,1768,406
2026-04-26T21:31:16.198Z,Japanese,Weekly,coban3137,413d7a37-0488-402b-9eff-e6129ed0b8f4,水脈,7,1933,395
2026-04-26T21:31:16.198Z,Japanese,Monthly,coban3137,79cf91bc-167e-481f-9a49-b581919560c4,BINARY,13,5642,724
2026-04-26T21:31:16.198Z,Japanese,All Time,-,-,-,0,0,0
2026-04-26T22:30:25.319Z,Global,Now,-,-,-,0,0,0
2026-04-26T22:30:25.319Z,Global,Weekly,darari_nu,c6e83917-aead-4a3e-b6aa-9f825fa1471d,The Antidote,29,729,304
2026-04-26T22:30:25.319Z,Global,Monthly,-,-,-,0,0,0
2026-04-26T22:30:25.319Z,Global,All Time,-,-,-,0,0,0
2026-04-26T22:30:25.319Z,Japanese,Now,-,-,-,0,0,0
2026-04-26T22:30:25.319Z,Japanese,Weekly,darari_nu,bb8dc65c-a5f6-4399-9aaf-9b9640dbf08c,Beast,5,1768,406
2026-04-26T22:30:25.319Z,Japanese,Weekly,coban3137,413d7a37-0488-402b-9eff-e6129ed0b8f4,水脈,7,1933,395
2026-04-26T22:30:25.319Z,Japanese,Monthly,coban3137,79cf91bc-167e-481f-9a49-b581919560c4,BINARY,13,5642,724
2026-04-26T22:30:25.319Z,Japanese,All Time,-,-,-,0,0,0
2026-04-26T23:32:29.490Z,Global,Now,-,-,-,0,0,0
2026-04-26T23:32:29.490Z,Global,Weekly,darari_nu,c6e83917-aead-4a3e-b6aa-9f825fa1471d,The Antidote,29,729,304
2026-04-26T23:32:29.490Z,Global,Monthly,-,-,-,0,0,0
2026-04-26T23:32:29.490Z,Global,All Time,-,-,-,0,0,0
2026-04-26T23:32:29.490Z,Japanese,Now,-,-,-,0,0,0
2026-04-26T23:32:29.490Z,Japanese,Weekly,darari_nu,bb8dc65c-a5f6-4399-9aaf-9b9640dbf08c,Beast,5,1786,406
2026-04-26T23:32:29.490Z,Japanese,Weekly,coban3137,413d7a37-0488-402b-9eff-e6129ed0b8f4,水脈,7,1933,395
2026-04-26T23:32:29.490Z,Japanese,Monthly,coban3137,79cf91bc-167e-481f-9a49-b581919560c4,BINARY,13,5642,724
2026-04-26T23:32:29.490Z,Japanese,All Time,-,-,-,0,0,0
2026-04-27T02:02:01.293Z,Global,Now,-,-,-,0,0,0
2026-04-27T02:02:01.293Z,Global,Weekly,darari_nu,c6e83917-aead-4a3e-b6aa-9f825fa1471d,The Antidote,29,729,304
2026-04-27T02:02:01.293Z,Global,Monthly,-,-,-,0,0,0
2026-04-27T02:02:01.293Z,Global,All Time,-,-,-,0,0,0
2026-04-27T02:02:01.293Z,Japanese,Now,-,-,-,0,0,0
2026-04-27T02:02:01.293Z,Japanese,Weekly,darari_nu,bb8dc65c-a5f6-4399-9aaf-9b9640dbf08c,Beast,5,1822,406
2026-04-27T02:02:01.293Z,Japanese,Weekly,coban3137,413d7a37-0488-402b-9eff-e6129ed0b8f4,水脈,7,1933,395
2026-04-27T02:02:01.293Z,Japanese,Monthly,coban3137,79cf91bc-167e-481f-9a49-b581919560c4,BINARY,13,5642,724
2026-04-27T02:02:01.293Z,Japanese,All Time,-,-,-,0,0,0
2026-04-27T05:46:49.452Z,Global,Now,-,-,-,0,0,0
2026-04-27T05:46:49.452Z,Global,Weekly,darari_nu,c6e83917-aead-4a3e-b6aa-9f825fa1471d,The Antidote,20,737,304
2026-04-27T05:46:49.452Z,Global,Monthly,-,-,-,0,0,0
2026-04-27T05:46:49.452Z,Global,All Time,-,-,-,0,0,0
2026-04-27T05:46:49.452Z,Japanese,Now,-,-,-,0,0,0
2026-04-27T05:46:49.452Z,Japanese,Weekly,darari_nu,bb8dc65c-a5f6-4399-9aaf-9b9640dbf08c,Beast,5,1822,406
2026-04-27T05:46:49.452Z,Japanese,Weekly,coban3137,413d7a37-0488-402b-9eff-e6129ed0b8f4,水脈,7,1933,395
2026-04-27T05:46:49.452Z,Japanese,Monthly,coban3137,79cf91bc-167e-481f-9a49-b581919560c4,BINARY,13,5642,724
2026-04-27T05:46:49.452Z,Japanese,All Time,-,-,-,0,0,0
2026-04-27T08:08:51.960Z,Global,Now,-,-,-,0,0,0
2026-04-27T08:08:51.960Z,Global,Weekly,darari_nu,c6e83917-aead-4a3e-b6aa-9f825fa1471d,The Antidote,20,737,304
2026-04-27T08:08:51.960Z,Global,Monthly,-,-,-,0,0,0
2026-04-27T08:08:51.960Z,Global,All Time,-,-,-,0,0,0
2026-04-27T08:08:51.960Z,Japanese,Now,-,-,-,0,0,0
2026-04-27T08:08:51.960Z,Japanese,Weekly,darari_nu,bb8dc65c-a5f6-4399-9aaf-9b9640dbf08c,Beast,5,1822,406
2026-04-27T08:08:51.960Z,Japanese,Weekly,coban3137,413d7a37-0488-402b-9eff-e6129ed0b8f4,水脈,7,1933,395
2026-04-27T08:08:51.960Z,Japanese,Monthly,coban3137,79cf91bc-167e-481f-9a49-b581919560c4,BINARY,13,5642,724
2026-04-27T08:08:51.960Z,Japanese,All Time,-,-,-,0,0,0
2026-04-27T10:55:12.667Z,Global,Now,-,-,-,0,0,0
2026-04-27T10:55:12.667Z,Global,Weekly,darari_nu,c6e83917-aead-4a3e-b6aa-9f825fa1471d,The Antidote,20,737,304
2026-04-27T10:55:12.667Z,Global,Monthly,-,-,-,0,0,0
2026-04-27T10:55:12.667Z,Global,All Time,-,-,-,0,0,0
2026-04-27T10:55:12.667Z,Japanese,Now,-,-,-,0,0,0
2026-04-27T10:55:12.667Z,Japanese,Weekly,darari_nu,bb8dc65c-a5f6-4399-9aaf-9b9640dbf08c,Beast,5,1822,406
2026-04-27T10:55:12.667Z,Japanese,Weekly,coban3137,413d7a37-0488-402b-9eff-e6129ed0b8f4,水脈,7,1933,395
2026-04-27T10:55:12.667Z,Japanese,Monthly,coban3137,79cf91bc-167e-481f-9a49-b581919560c4,BINARY,13,5642,724
2026-04-27T10:55:12.667Z,Japanese,All Time,-,-,-,0,0,0
2026-04-27T12:18:00.928Z,Global,Now,-,-,-,0,0,0
2026-04-27T12:18:00.928Z,Global,Weekly,darari_nu,c6e83917-aead-4a3e-b6aa-9f825fa1471d,The Antidote,20,737,304
2026-04-27T12:18:00.928Z,Global,Monthly,-,-,-,0,0,0
2026-04-27T12:18:00.928Z,Global,All Time,-,-,-,0,0,0
2026-04-27T12:18:00.928Z,Japanese,Now,-,-,-,0,0,0
2026-04-27T12:18:00.928Z,Japanese,Weekly,darari_nu,bb8dc65c-a5f6-4399-9aaf-9b9640dbf08c,Beast,5,1822,406
2026-04-27T12:18:00.928Z,Japanese,Weekly,coban3137,413d7a37-0488-402b-9eff-e6129ed0b8f4,水脈,7,1933,395
2026-04-27T12:18:00.928Z,Japanese,Monthly,coban3137,79cf91bc-167e-481f-9a49-b581919560c4,BINARY,13,5642,724
2026-04-27T12:18:00.928Z,Japanese,All Time,-,-,-,0,0,0
2026-04-27T15:00:15.489Z,Global,Now,-,-,-,0,0,0
2026-04-27T15:00:15.489Z,Global,Weekly,darari_nu,c6e83917-aead-4a3e-b6aa-9f825fa1471d,The Antidote,20,737,304
2026-04-27T15:00:15.489Z,Global,Monthly,-,-,-,0,0,0
2026-04-27T15:00:15.489Z,Global,All Time,-,-,-,0,0,0
2026-04-27T15:00:15.489Z,Japanese,Now,-,-,-,0,0,0
2026-04-27T15:00:15.489Z,Japanese,Weekly,darari_nu,bb8dc65c-a5f6-4399-9aaf-9b9640dbf08c,Beast,5,1822,406
2026-04-27T15:00:15.489Z,Japanese,Weekly,coban3137,413d7a37-0488-402b-9eff-e6129ed0b8f4,水脈,7,1933,395
2026-04-27T15:00:15.489Z,Japanese,Monthly,coban3137,79cf91bc-167e-481f-9a49-b581919560c4,BINARY,13,5642,724
2026-04-27T15:00:15.489Z,Japanese,All Time,-,-,-,0,0,0
2026-04-27T16:44:49.994Z,Global,Now,-,-,-,0,0,0
2026-04-27T16:44:49.994Z,Global,Weekly,darari_nu,c6e83917-aead-4a3e-b6aa-9f825fa1471d,The Antidote,20,737,304
2026-04-27T16:44:49.994Z,Global,Monthly,-,-,-,0,0,0
2026-04-27T16:44:49.994Z,Global,All Time,-,-,-,0,0,0
2026-04-27T16:44:49.994Z,Japanese,Now,-,-,-,0,0,0
2026-04-27T16:44:49.994Z,Japanese,Weekly,darari_nu,bb8dc65c-a5f6-4399-9aaf-9b9640dbf08c,Beast,5,1831,407
2026-04-27T16:44:49.994Z,Japanese,Weekly,coban3137,413d7a37-0488-402b-9eff-e6129ed0b8f4,水脈,7,1933,395
2026-04-27T16:44:49.994Z,Japanese,Monthly,coban3137,79cf91bc-167e-481f-9a49-b581919560c4,BINARY,13,5642,724
2026-04-27T16:44:49.994Z,Japanese,All Time,-,-,-,0,0,0
2026-04-27T18:02:08.067Z,Global,Now,-,-,-,0,0,0
2026-04-27T18:02:08.067Z,Global,Weekly,darari_nu,c6e83917-aead-4a3e-b6aa-9f825fa1471d,The Antidote,20,737,304
2026-04-27T18:02:08.067Z,Global,Monthly,-,-,-,0,0,0
2026-04-27T18:02:08.067Z,Global,All Time,-,-,-,0,0,0
2026-04-27T18:02:08.067Z,Japanese,Now,-,-,-,0,0,0
2026-04-27T18:02:08.067Z,Japanese,Weekly,darari_nu,bb8dc65c-a5f6-4399-9aaf-9b9640dbf08c,Beast,5,1831,407
2026-04-27T18:02:08.067Z,Japanese,Weekly,coban3137,413d7a37-0488-402b-9eff-e6129ed0b8f4,水脈,7,1933,395
2026-04-27T18:02:08.067Z,Japanese,Monthly,coban3137,79cf91bc-167e-481f-9a49-b581919560c4,BINARY,13,5642,724
2026-04-27T18:02:08.067Z,Japanese,All Time,-,-,-,0,0,0
2026-04-27T20:05:09.539Z,Global,Now,-,-,-,0,0,0
2026-04-27T20:05:09.539Z,Global,Weekly,darari_nu,c6e83917-aead-4a3e-b6aa-9f825fa1471d,The Antidote,20,737,303
2026-04-27T20:05:09.539Z,Global,Monthly,-,-,-,0,0,0
2026-04-27T20:05:09.539Z,Global,All Time,-,-,-,0,0,0
2026-04-27T20:05:09.539Z,Japanese,Now,-,-,-,0,0,0
2026-04-27T20:05:09.539Z,Japanese,Weekly,darari_nu,bb8dc65c-a5f6-4399-9aaf-9b9640dbf08c,Beast,5,1831,407
2026-04-27T20:05:09.539Z,Japanese,Weekly,coban3137,413d7a37-0488-402b-9eff-e6129ed0b8f4,水脈,7,1933,395
2026-04-27T20:05:09.539Z,Japanese,Monthly,coban3137,79cf91bc-167e-481f-9a49-b581919560c4,BINARY,13,5642,724
2026-04-27T20:05:09.539Z,Japanese,All Time,-,-,-,0,0,0
2026-04-27T21:49:16.772Z,Global,Now,-,-,-,0,0,0
2026-04-27T21:49:16.772Z,Global,Weekly,darari_nu,c6e83917-aead-4a3e-b6aa-9f825fa1471d,The Antidote,20,737,303
2026-04-27T21:49:16.772Z,Global,Monthly,-,-,-,0,0,0
2026-04-27T21:49:16.772Z,Global,All Time,-,-,-,0,0,0
2026-04-27T21:49:16.772Z,Japanese,Now,-,-,-,0,0,0
2026-04-27T21:49:16.772Z,Japanese,Weekly,darari_nu,bb8dc65c-a5f6-4399-9aaf-9b9640dbf08c,Beast,5,1831,407
2026-04-27T21:49:16.772Z,Japanese,Weekly,coban3137,413d7a37-0488-402b-9eff-e6129ed0b8f4,水脈,7,1933,395
2026-04-27T21:49:16.772Z,Japanese,Monthly,coban3137,79cf91bc-167e-481f-9a49-b581919560c4,BINARY,13,5642,724
2026-04-27T21:49:16.772Z,Japanese,All Time,-,-,-,0,0,0
2026-04-27T22:42:57.426Z,Global,Now,-,-,-,0,0,0
2026-04-27T22:42:57.426Z,Global,Weekly,darari_nu,c6e83917-aead-4a3e-b6aa-9f825fa1471d,The Antidote,20,737,303
2026-04-27T22:42:57.426Z,Global,Monthly,-,-,-,0,0,0
2026-04-27T22:42:57.426Z,Global,All Time,-,-,-,0,0,0
2026-04-27T22:42:57.426Z,Japanese,Now,-,-,-,0,0,0
2026-04-27T22:42:57.426Z,Japanese,Weekly,darari_nu,bb8dc65c-a5f6-4399-9aaf-9b9640dbf08c,Beast,5,1831,407
2026-04-27T22:42:57.426Z,Japanese,Weekly,coban3137,413d7a37-0488-402b-9eff-e6129ed0b8f4,水脈,7,1933,395
2026-04-27T22:42:57.426Z,Japanese,Monthly,coban3137,79cf91bc-167e-481f-9a49-b581919560c4,BINARY,13,5642,724
2026-04-27T22:42:57.426Z,Japanese,All Time,-,-,-,0,0,0
2026-04-27T23:44:44.266Z,Global,Now,-,-,-,0,0,0
2026-04-27T23:44:44.266Z,Global,Weekly,darari_nu,c6e83917-aead-4a3e-b6aa-9f825fa1471d,The Antidote,20,737,303
2026-04-27T23:44:44.266Z,Global,Monthly,-,-,-,0,0,0
2026-04-27T23:44:44.266Z,Global,All Time,-,-,-,0,0,0
2026-04-27T23:44:44.266Z,Japanese,Now,-,-,-,0,0,0
2026-04-27T23:44:44.266Z,Japanese,Weekly,darari_nu,bb8dc65c-a5f6-4399-9aaf-9b9640dbf08c,Beast,5,1831,407
2026-04-27T23:44:44.266Z,Japanese,Weekly,coban3137,413d7a37-0488-402b-9eff-e6129ed0b8f4,水脈,7,1933,395
2026-04-27T23:44:44.266Z,Japanese,Monthly,coban3137,79cf91bc-167e-481f-9a49-b581919560c4,BINARY,13,5642,724
2026-04-27T23:44:44.266Z,Japanese,All Time,-,-,-,0,0,0
2026-04-28T02:08:14.705Z,Global,Now,-,-,-,0,0,0
2026-04-28T02:08:14.705Z,Global,Weekly,-,-,-,0,0,0
2026-04-28T02:08:14.705Z,Global,Monthly,-,-,-,0,0,0
2026-04-28T02:08:14.705Z,Global,All Time,-,-,-,0,0,0
2026-04-28T02:08:14.705Z,Japanese,Now,-,-,-,0,0,0
2026-04-28T02:08:14.705Z,Japanese,Weekly,-,-,-,0,0,0
2026-04-28T02:08:14.705Z,Japanese,Monthly,coban3137,79cf91bc-167e-481f-9a49-b581919560c4,BINARY,13,5642,724
2026-04-28T02:08:14.705Z,Japanese,All Time,-,-,-,0,0,0
2026-04-28T05:52:10.036Z,Global,Now,-,-,-,0,0,0
2026-04-28T05:52:10.036Z,Global,Weekly,-,-,-,0,0,0
2026-04-28T05:52:10.036Z,Global,Monthly,-,-,-,0,0,0
2026-04-28T05:52:10.036Z,Global,All Time,-,-,-,0,0,0
2026-04-28T05:52:10.036Z,Japanese,Now,-,-,-,0,0,0
2026-04-28T05:52:10.036Z,Japanese,Weekly,-,-,-,0,0,0
2026-04-28T05:52:10.036Z,Japanese,Monthly,coban3137,79cf91bc-167e-481f-9a49-b581919560c4,BINARY,13,5642,724
2026-04-28T05:52:10.036Z,Japanese,All Time,-,-,-,0,0,0
2026-04-28T08:10:46.753Z,Global,Now,-,-,-,0,0,0
2026-04-28T08:10:46.753Z,Global,Weekly,-,-,-,0,0,0
2026-04-28T08:10:46.753Z,Global,Monthly,-,-,-,0,0,0
2026-04-28T08:10:46.753Z,Global,All Time,-,-,-,0,0,0
2026-04-28T08:10:46.753Z,Japanese,Now,-,-,-,0,0,0
2026-04-28T08:10:46.753Z,Japanese,Weekly,-,-,-,0,0,0
2026-04-28T08:10:46.753Z,Japanese,Monthly,coban3137,79cf91bc-167e-481f-9a49-b581919560c4,BINARY,13,5642,724
2026-04-28T08:10:46.753Z,Japanese,All Time,-,-,-,0,0,0
2026-04-28T10:57:03.255Z,Global,Now,-,-,-,0,0,0
2026-04-28T10:57:03.255Z,Global,Weekly,-,-,-,0,0,0
2026-04-28T10:57:03.255Z,Global,Monthly,-,-,-,0,0,0
2026-04-28T10:57:03.255Z,Global,All Time,-,-,-,0,0,0
2026-04-28T10:57:03.255Z,Japanese,Now,-,-,-,0,0,0
2026-04-28T10:57:03.255Z,Japanese,Weekly,-,-,-,0,0,0
2026-04-28T10:57:03.255Z,Japanese,Monthly,coban3137,79cf91bc-167e-481f-9a49-b581919560c4,BINARY,13,5642,724
2026-04-28T10:57:03.255Z,Japanese,All Time,-,-,-,0,0,0
2026-04-28T12:23:05.273Z,Global,Now,-,-,-,0,0,0
2026-04-28T12:23:05.273Z,Global,Weekly,-,-,-,0,0,0
2026-04-28T12:23:05.273Z,Global,Monthly,-,-,-,0,0,0
2026-04-28T12:23:05.273Z,Global,All Time,-,-,-,0,0,0
2026-04-28T12:23:05.273Z,Japanese,Now,-,-,-,0,0,0
2026-04-28T12:23:05.273Z,Japanese,Weekly,-,-,-,0,0,0
2026-04-28T12:23:05.273Z,Japanese,Monthly,coban3137,79cf91bc-167e-481f-9a49-b581919560c4,BINARY,13,5642,724
2026-04-28T12:23:05.273Z,Japanese,All Time,-,-,-,0,0,0
2026-04-28T15:22:03.175Z,Global,Now,-,-,-,0,0,0
2026-04-28T15:22:03.175Z,Global,Weekly,-,-,-,0,0,0
2026-04-28T15:22:03.175Z,Global,Monthly,-,-,-,0,0,0
2026-04-28T15:22:03.175Z,Global,All Time,-,-,-,0,0,0
2026-04-28T15:22:03.175Z,Japanese,Now,-,-,-,0,0,0
2026-04-28T15:22:03.175Z,Japanese,Weekly,-,-,-,0,0,0
2026-04-28T15:22:03.175Z,Japanese,Monthly,coban3137,79cf91bc-167e-481f-9a49-b581919560c4,BINARY,13,5642,725
2026-04-28T15:22:03.175Z,Japanese,All Time,-,-,-,0,0,0
2026-04-28T17:41:29.332Z,Global,Now,-,-,-,0,0,0
2026-04-28T17:41:29.332Z,Global,Weekly,-,-,-,0,0,0
2026-04-28T17:41:29.332Z,Global,Monthly,-,-,-,0,0,0
2026-04-28T17:41:29.332Z,Global,All Time,-,-,-,0,0,0
2026-04-28T17:41:29.332Z,Japanese,Now,-,-,-,0,0,0
2026-04-28T17:41:29.332Z,Japanese,Weekly,-,-,-,0,0,0
2026-04-28T17:41:29.332Z,Japanese,Monthly,coban3137,79cf91bc-167e-481f-9a49-b581919560c4,BINARY,13,5651,725
2026-04-28T17:41:29.332Z,Japanese,All Time,-,-,-,0,0,0
2026-04-28T19:23:04.764Z,Global,Now,-,-,-,0,0,0
2026-04-28T19:23:04.764Z,Global,Weekly,-,-,-,0,0,0
2026-04-28T19:23:04.764Z,Global,Monthly,-,-,-,0,0,0
2026-04-28T19:23:04.764Z,Global,All Time,-,-,-,0,0,0
2026-04-28T19:23:04.764Z,Japanese,Now,-,-,-,0,0,0
2026-04-28T19:23:04.764Z,Japanese,Weekly,-,-,-,0,0,0
2026-04-28T19:23:04.764Z,Japanese,Monthly,coban3137,79cf91bc-167e-481f-9a49-b581919560c4,BINARY,13,5651,725
2026-04-28T19:23:04.764Z,Japanese,All Time,-,-,-,0,0,0
2026-04-28T21:01:13.638Z,Global,Now,-,-,-,0,0,0
2026-04-28T21:01:13.638Z,Global,Weekly,-,-,-,0,0,0
2026-04-28T21:01:13.638Z,Global,Monthly,-,-,-,0,0,0
2026-04-28T21:01:13.638Z,Global,All Time,-,-,-,0,0,0
2026-04-28T21:01:13.638Z,Japanese,Now,coban3137,4baa6e0c-f136-4b6c-9967-4925febb7d01,LOVE,37,56,44
2026-04-28T21:01:13.638Z,Japanese,Weekly,-,-,-,0,0,0
2026-04-28T21:01:13.638Z,Japanese,Monthly,coban3137,79cf91bc-167e-481f-9a49-b581919560c4,BINARY,13,5651,725
2026-04-28T21:01:13.638Z,Japanese,All Time,-,-,-,0,0,0
2026-04-28T22:48:52.702Z,Global,Now,-,-,-,0,0,0
2026-04-28T22:48:52.702Z,Global,Weekly,-,-,-,0,0,0
2026-04-28T22:48:52.702Z,Global,Monthly,-,-,-,0,0,0
2026-04-28T22:48:52.702Z,Global,All Time,-,-,-,0,0,0
2026-04-28T22:48:52.702Z,Japanese,Now,coban3137,4baa6e0c-f136-4b6c-9967-4925febb7d01,LOVE,37,62,49
2026-04-28T22:48:52.702Z,Japanese,Weekly,-,-,-,0,0,0
2026-04-28T22:48:52.702Z,Japanese,Monthly,coban3137,79cf91bc-167e-481f-9a49-b581919560c4,BINARY,13,5651,725
2026-04-28T22:48:52.702Z,Japanese,All Time,-,-,-,0,0,0
2026-04-28T23:46:52.195Z,Global,Now,-,-,-,0,0,0
2026-04-28T23:46:52.195Z,Global,Weekly,-,-,-,0,0,0
2026-04-28T23:46:52.195Z,Global,Monthly,-,-,-,0,0,0
2026-04-28T23:46:52.195Z,Global,All Time,-,-,-,0,0,0
2026-04-28T23:46:52.195Z,Japanese,Now,coban3137,4baa6e0c-f136-4b6c-9967-4925febb7d01,LOVE,36,62,52
2026-04-28T23:46:52.195Z,Japanese,Weekly,-,-,-,0,0,0
2026-04-28T23:46:52.195Z,Japanese,Monthly,coban3137,79cf91bc-167e-481f-9a49-b581919560c4,BINARY,13,5651,725
2026-04-28T23:46:52.195Z,Japanese,All Time,-,-,-,0,0,0
2026-04-29T02:09:34.405Z,Global,Now,-,-,-,0,0,0
2026-04-29T02:09:34.405Z,Global,Weekly,-,-,-,0,0,0
2026-04-29T02:09:34.405Z,Global,Monthly,-,-,-,0,0,0
2026-04-29T02:09:34.405Z,Global,All Time,-,-,-,0,0,0
2026-04-29T02:09:34.405Z,Japanese,Now,coban3137,4baa6e0c-f136-4b6c-9967-4925febb7d01,LOVE,36,102,63
2026-04-29T02:09:34.405Z,Japanese,Weekly,-,-,-,0,0,0
2026-04-29T02:09:34.405Z,Japanese,Monthly,coban3137,79cf91bc-167e-481f-9a49-b581919560c4,BINARY,13,5651,726
2026-04-29T02:09:34.405Z,Japanese,All Time,-,-,-,0,0,0
2026-04-29T05:47:31.547Z,Global,Now,-,-,-,0,0,0
2026-04-29T05:47:31.547Z,Global,Weekly,-,-,-,0,0,0
2026-04-29T05:47:31.547Z,Global,Monthly,-,-,-,0,0,0
2026-04-29T05:47:31.547Z,Global,All Time,-,-,-,0,0,0
2026-04-29T05:47:31.547Z,Japanese,Now,coban3137,4baa6e0c-f136-4b6c-9967-4925febb7d01,LOVE,35,102,75
2026-04-29T05:47:31.547Z,Japanese,Weekly,-,-,-,0,0,0
2026-04-29T05:47:31.547Z,Japanese,Monthly,coban3137,79cf91bc-167e-481f-9a49-b581919560c4,BINARY,13,5651,726
2026-04-29T05:47:31.547Z,Japanese,All Time,-,-,-,0,0,0
2026-04-29T08:03:45.982Z,Global,Now,-,-,-,0,0,0
2026-04-29T08:03:45.982Z,Global,Weekly,-,-,-,0,0,0
2026-04-29T08:03:45.982Z,Global,Monthly,-,-,-,0,0,0
2026-04-29T08:03:45.982Z,Global,All Time,-,-,-,0,0,0
2026-04-29T08:03:45.982Z,Japanese,Now,coban3137,4baa6e0c-f136-4b6c-9967-4925febb7d01,LOVE,29,102,85
2026-04-29T08:03:45.982Z,Japanese,Weekly,-,-,-,0,0,0
2026-04-29T08:03:45.982Z,Japanese,Monthly,coban3137,79cf91bc-167e-481f-9a49-b581919560c4,BINARY,13,5651,727
2026-04-29T08:03:45.982Z,Japanese,All Time,-,-,-,0,0,0
2026-04-29T10:48:27.723Z,Global,Now,-,-,-,0,0,0
2026-04-29T10:48:27.723Z,Global,Weekly,-,-,-,0,0,0
2026-04-29T10:48:27.723Z,Global,Monthly,-,-,-,0,0,0
2026-04-29T10:48:27.723Z,Global,All Time,-,-,-,0,0,0
2026-04-29T10:48:27.723Z,Japanese,Now,coban3137,4baa6e0c-f136-4b6c-9967-4925febb7d01,LOVE,17,117,94
2026-04-29T10:48:27.723Z,Japanese,Weekly,coban3137,4baa6e0c-f136-4b6c-9967-4925febb7d01,LOVE,44,117,94
2026-04-29T10:48:27.723Z,Japanese,Monthly,coban3137,79cf91bc-167e-481f-9a49-b581919560c4,BINARY,13,5651,727
2026-04-29T10:48:27.723Z,Japanese,All Time,-,-,-,0,0,0
2026-04-29T12:12:43.673Z,Global,Now,-,-,-,0,0,0
2026-04-29T12:12:43.673Z,Global,Weekly,-,-,-,0,0,0
2026-04-29T12:12:43.673Z,Global,Monthly,-,-,-,0,0,0
2026-04-29T12:12:43.673Z,Global,All Time,-,-,-,0,0,0
2026-04-29T12:12:43.673Z,Japanese,Now,coban3137,4baa6e0c-f136-4b6c-9967-4925febb7d01,LOVE,14,132,100
2026-04-29T12:12:43.673Z,Japanese,Weekly,coban3137,4baa6e0c-f136-4b6c-9967-4925febb7d01,LOVE,39,132,100
2026-04-29T12:12:43.673Z,Japanese,Monthly,coban3137,79cf91bc-167e-481f-9a49-b581919560c4,BINARY,13,5651,727
2026-04-29T12:12:43.673Z,Japanese,All Time,-,-,-,0,0,0
2026-04-29T15:05:36.384Z,Global,Now,-,-,-,0,0,0
2026-04-29T15:05:36.384Z,Global,Weekly,-,-,-,0,0,0
2026-04-29T15:05:36.384Z,Global,Monthly,-,-,-,0,0,0
2026-04-29T15:05:36.384Z,Global,All Time,-,-,-,0,0,0
2026-04-29T15:05:36.384Z,Japanese,Now,coban3137,4baa6e0c-f136-4b6c-9967-4925febb7d01,LOVE,12,149,108
2026-04-29T15:05:36.384Z,Japanese,Weekly,coban3137,4baa6e0c-f136-4b6c-9967-4925febb7d01,LOVE,31,149,108
2026-04-29T15:05:36.384Z,Japanese,Monthly,coban3137,79cf91bc-167e-481f-9a49-b581919560c4,BINARY,13,5651,727
2026-04-29T15:05:36.384Z,Japanese,All Time,-,-,-,0,0,0
2026-04-29T17:20:26.760Z,Global,Now,coban3137,4baa6e0c-f136-4b6c-9967-4925febb7d01,LOVE,45,156,118
2026-04-29T17:20:26.760Z,Global,Weekly,-,-,-,0,0,0
2026-04-29T17:20:26.760Z,Global,Monthly,-,-,-,0,0,0
2026-04-29T17:20:26.760Z,Global,All Time,-,-,-,0,0,0
2026-04-29T17:20:26.760Z,Japanese,Now,coban3137,4baa6e0c-f136-4b6c-9967-4925febb7d01,LOVE,11,156,118
2026-04-29T17:20:26.760Z,Japanese,Weekly,coban3137,4baa6e0c-f136-4b6c-9967-4925febb7d01,LOVE,28,156,118
2026-04-29T17:20:26.760Z,Japanese,Monthly,coban3137,79cf91bc-167e-481f-9a49-b581919560c4,BINARY,13,5651,727
2026-04-29T17:20:26.760Z,Japanese,All Time,-,-,-,0,0,0
2026-04-29T19:12:44.425Z,Global,Now,coban3137,4baa6e0c-f136-4b6c-9967-4925febb7d01,LOVE,45,164,123
2026-04-29T19:12:44.425Z,Global,Weekly,-,-,-,0,0,0
2026-04-29T19:12:44.425Z,Global,Monthly,-,-,-,0,0,0
2026-04-29T19:12:44.425Z,Global,All Time,-,-,-,0,0,0
2026-04-29T19:12:44.425Z,Japanese,Now,coban3137,4baa6e0c-f136-4b6c-9967-4925febb7d01,LOVE,11,164,123
2026-04-29T19:12:44.425Z,Japanese,Weekly,coban3137,4baa6e0c-f136-4b6c-9967-4925febb7d01,LOVE,25,164,123
2026-04-29T19:12:44.425Z,Japanese,Monthly,coban3137,79cf91bc-167e-481f-9a49-b581919560c4,BINARY,13,5651,727
2026-04-29T19:12:44.425Z,Japanese,All Time,-,-,-,0,0,0
2026-04-29T20:55:55.178Z,Global,Now,coban3137,4baa6e0c-f136-4b6c-9967-4925febb7d01,LOVE,45,179,128
2026-04-29T20:55:55.178Z,Global,Weekly,-,-,-,0,0,0
2026-04-29T20:55:55.178Z,Global,Monthly,-,-,-,0,0,0
2026-04-29T20:55:55.178Z,Global,All Time,-,-,-,0,0,0
2026-04-29T20:55:55.178Z,Japanese,Now,coban3137,4baa6e0c-f136-4b6c-9967-4925febb7d01,LOVE,10,179,128
2026-04-29T20:55:55.178Z,Japanese,Weekly,coban3137,4baa6e0c-f136-4b6c-9967-4925febb7d01,LOVE,24,179,128
2026-04-29T20:55:55.178Z,Japanese,Monthly,coban3137,79cf91bc-167e-481f-9a49-b581919560c4,BINARY,13,5651,727
2026-04-29T20:55:55.178Z,Japanese,All Time,-,-,-,0,0,0
2026-04-29T21:54:10.024Z,Global,Now,coban3137,4baa6e0c-f136-4b6c-9967-4925febb7d01,LOVE,44,187,132
2026-04-29T21:54:10.024Z,Global,Weekly,-,-,-,0,0,0
2026-04-29T21:54:10.024Z,Global,Monthly,-,-,-,0,0,0
2026-04-29T21:54:10.024Z,Global,All Time,-,-,-,0,0,0
2026-04-29T21:54:10.024Z,Japanese,Now,coban3137,4baa6e0c-f136-4b6c-9967-4925febb7d01,LOVE,10,187,132
2026-04-29T21:54:10.024Z,Japanese,Weekly,coban3137,4baa6e0c-f136-4b6c-9967-4925febb7d01,LOVE,22,187,132
2026-04-29T21:54:10.024Z,Japanese,Monthly,coban3137,79cf91bc-167e-481f-9a49-b581919560c4,BINARY,13,5651,727
2026-04-29T21:54:10.024Z,Japanese,All Time,-,-,-,0,0,0
2026-04-29T22:51:06.166Z,Global,Now,-,-,-,0,0,0
2026-04-29T22:51:06.166Z,Global,Weekly,-,-,-,0,0,0
2026-04-29T22:51:06.166Z,Global,Monthly,-,-,-,0,0,0
2026-04-29T22:51:06.166Z,Global,All Time,-,-,-,0,0,0
2026-04-29T22:51:06.166Z,Japanese,Now,darari_nu,bb8dc65c-a5f6-4399-9aaf-9b9640dbf08c,Beast,5,1839,407
2026-04-29T22:51:06.166Z,Japanese,Weekly,coban3137,4baa6e0c-f136-4b6c-9967-4925febb7d01,LOVE,21,187,134
2026-04-29T22:51:06.166Z,Japanese,Monthly,coban3137,79cf91bc-167e-481f-9a49-b581919560c4,BINARY,13,5651,727
2026-04-29T22:51:06.166Z,Japanese,All Time,-,-,-,0,0,0
2026-04-29T23:46:23.197Z,Global,Now,-,-,-,0,0,0
2026-04-29T23:46:23.197Z,Global,Weekly,-,-,-,0,0,0
2026-04-29T23:46:23.197Z,Global,Monthly,-,-,-,0,0,0
2026-04-29T23:46:23.197Z,Global,All Time,-,-,-,0,0,0
2026-04-29T23:46:23.197Z,Japanese,Now,darari_nu,bb8dc65c-a5f6-4399-9aaf-9b9640dbf08c,Beast,5,1839,407
2026-04-29T23:46:23.197Z,Japanese,Weekly,coban3137,4baa6e0c-f136-4b6c-9967-4925febb7d01,LOVE,21,195,135
2026-04-29T23:46:23.197Z,Japanese,Monthly,coban3137,79cf91bc-167e-481f-9a49-b581919560c4,BINARY,13,5651,727
2026-04-29T23:46:23.197Z,Japanese,All Time,-,-,-,0,0,0
2026-04-30T02:09:46.348Z,Global,Now,-,-,-,0,0,0
2026-04-30T02:09:46.348Z,Global,Weekly,-,-,-,0,0,0
2026-04-30T02:09:46.348Z,Global,Monthly,-,-,-,0,0,0
2026-04-30T02:09:46.348Z,Global,All Time,-,-,-,0,0,0
2026-04-30T02:09:46.348Z,Japanese,Now,darari_nu,bb8dc65c-a5f6-4399-9aaf-9b9640dbf08c,Beast,5,1839,407
2026-04-30T02:09:46.348Z,Japanese,Weekly,darari_nu,bb8dc65c-a5f6-4399-9aaf-9b9640dbf08c,Beast,5,1839,407
2026-04-30T02:09:46.348Z,Japanese,Monthly,coban3137,79cf91bc-167e-481f-9a49-b581919560c4,BINARY,13,5651,727
2026-04-30T02:09:46.348Z,Japanese,All Time,-,-,-,0,0,0
2026-04-30T05:51:34.587Z,Global,Now,-,-,-,0,0,0
2026-04-30T05:51:34.587Z,Global,Weekly,-,-,-,0,0,0
2026-04-30T05:51:34.587Z,Global,Monthly,-,-,-,0,0,0
2026-04-30T05:51:34.587Z,Global,All Time,-,-,-,0,0,0
2026-04-30T05:51:34.587Z,Japanese,Now,darari_nu,bb8dc65c-a5f6-4399-9aaf-9b9640dbf08c,Beast,5,1839,409
2026-04-30T05:51:34.587Z,Japanese,Weekly,darari_nu,bb8dc65c-a5f6-4399-9aaf-9b9640dbf08c,Beast,5,1839,409
2026-04-30T05:51:34.587Z,Japanese,Monthly,coban3137,79cf91bc-167e-481f-9a49-b581919560c4,BINARY,13,5651,727
2026-04-30T05:51:34.587Z,Japanese,All Time,-,-,-,0,0,0
2026-04-30T08:07:29.697Z,Global,Now,-,-,-,0,0,0
2026-04-30T08:07:29.697Z,Global,Weekly,-,-,-,0,0,0
2026-04-30T08:07:29.697Z,Global,Monthly,-,-,-,0,0,0
2026-04-30T08:07:29.697Z,Global,All Time,-,-,-,0,0,0
2026-04-30T08:07:29.697Z,Japanese,Now,darari_nu,bb8dc65c-a5f6-4399-9aaf-9b9640dbf08c,Beast,5,1839,409
2026-04-30T08:07:29.697Z,Japanese,Weekly,darari_nu,bb8dc65c-a5f6-4399-9aaf-9b9640dbf08c,Beast,5,1839,409
2026-04-30T08:07:29.697Z,Japanese,Monthly,coban3137,79cf91bc-167e-481f-9a49-b581919560c4,BINARY,13,5651,727
2026-04-30T08:07:29.697Z,Japanese,All Time,-,-,-,0,0,0
2026-04-30T10:48:37.722Z,Global,Now,-,-,-,0,0,0
2026-04-30T10:48:37.722Z,Global,Weekly,-,-,-,0,0,0
2026-04-30T10:48:37.722Z,Global,Monthly,-,-,-,0,0,0
2026-04-30T10:48:37.722Z,Global,All Time,-,-,-,0,0,0
2026-04-30T10:48:37.722Z,Japanese,Now,darari_nu,bb8dc65c-a5f6-4399-9aaf-9b9640dbf08c,Beast,5,1839,409
2026-04-30T10:48:37.722Z,Japanese,Weekly,darari_nu,bb8dc65c-a5f6-4399-9aaf-9b9640dbf08c,Beast,5,1839,409
2026-04-30T10:48:37.722Z,Japanese,Monthly,coban3137,79cf91bc-167e-481f-9a49-b581919560c4,BINARY,13,5651,727
2026-04-30T10:48:37.722Z,Japanese,All Time,-,-,-,0,0,0
2026-04-30T12:10:10.375Z,Global,Now,-,-,-,0,0,0
2026-04-30T12:10:10.375Z,Global,Weekly,-,-,-,0,0,0
2026-04-30T12:10:10.375Z,Global,Monthly,-,-,-,0,0,0
2026-04-30T12:10:10.375Z,Global,All Time,-,-,-,0,0,0
2026-04-30T12:10:10.375Z,Japanese,Now,darari_nu,bb8dc65c-a5f6-4399-9aaf-9b9640dbf08c,Beast,5,1839,409
2026-04-30T12:10:10.375Z,Japanese,Weekly,darari_nu,bb8dc65c-a5f6-4399-9aaf-9b9640dbf08c,Beast,5,1839,409
2026-04-30T12:10:10.375Z,Japanese,Monthly,coban3137,79cf91bc-167e-481f-9a49-b581919560c4,BINARY,13,5651,729
2026-04-30T12:10:10.375Z,Japanese,All Time,-,-,-,0,0,0
2026-04-30T15:02:35.702Z,Global,Now,-,-,-,0,0,0
2026-04-30T15:02:35.702Z,Global,Weekly,-,-,-,0,0,0
2026-04-30T15:02:35.702Z,Global,Monthly,-,-,-,0,0,0
2026-04-30T15:02:35.702Z,Global,All Time,-,-,-,0,0,0
2026-04-30T15:02:35.702Z,Japanese,Now,darari_nu,bb8dc65c-a5f6-4399-9aaf-9b9640dbf08c,Beast,5,1848,409
2026-04-30T15:02:35.702Z,Japanese,Weekly,darari_nu,bb8dc65c-a5f6-4399-9aaf-9b9640dbf08c,Beast,5,1848,409
2026-04-30T15:02:35.702Z,Japanese,Monthly,coban3137,79cf91bc-167e-481f-9a49-b581919560c4,BINARY,13,5651,729
2026-04-30T15:02:35.702Z,Japanese,All Time,-,-,-,0,0,0
2026-04-30T17:11:30.945Z,Global,Now,-,-,-,0,0,0
2026-04-30T17:11:30.945Z,Global,Weekly,-,-,-,0,0,0
2026-04-30T17:11:30.945Z,Global,Monthly,-,-,-,0,0,0
2026-04-30T17:11:30.945Z,Global,All Time,-,-,-,0,0,0
2026-04-30T17:11:30.945Z,Japanese,Now,darari_nu,bb8dc65c-a5f6-4399-9aaf-9b9640dbf08c,Beast,5,1848,410
2026-04-30T17:11:30.945Z,Japanese,Weekly,darari_nu,bb8dc65c-a5f6-4399-9aaf-9b9640dbf08c,Beast,5,1848,410
2026-04-30T17:11:30.945Z,Japanese,Monthly,coban3137,79cf91bc-167e-481f-9a49-b581919560c4,BINARY,13,5651,731
2026-04-30T17:11:30.945Z,Japanese,All Time,-,-,-,0,0,0
2026-04-30T19:08:46.431Z,Global,Now,-,-,-,0,0,0
2026-04-30T19:08:46.431Z,Global,Weekly,-,-,-,0,0,0
2026-04-30T19:08:46.431Z,Global,Monthly,-,-,-,0,0,0
2026-04-30T19:08:46.431Z,Global,All Time,-,-,-,0,0,0
2026-04-30T19:08:46.431Z,Japanese,Now,darari_nu,bb8dc65c-a5f6-4399-9aaf-9b9640dbf08c,Beast,5,1848,410
2026-04-30T19:08:46.431Z,Japanese,Weekly,darari_nu,bb8dc65c-a5f6-4399-9aaf-9b9640dbf08c,Beast,5,1848,410
2026-04-30T19:08:46.431Z,Japanese,Monthly,coban3137,79cf91bc-167e-481f-9a49-b581919560c4,BINARY,13,5651,731
2026-04-30T19:08:46.431Z,Japanese,All Time,-,-,-,0,0,0
2026-04-30T20:52:53.652Z,Global,Now,-,-,-,0,0,0
2026-04-30T20:52:53.652Z,Global,Weekly,-,-,-,0,0,0
2026-04-30T20:52:53.652Z,Global,Monthly,-,-,-,0,0,0
2026-04-30T20:52:53.652Z,Global,All Time,-,-,-,0,0,0
2026-04-30T20:52:53.652Z,Japanese,Now,darari_nu,bb8dc65c-a5f6-4399-9aaf-9b9640dbf08c,Beast,5,1848,410
2026-04-30T20:52:53.652Z,Japanese,Weekly,darari_nu,bb8dc65c-a5f6-4399-9aaf-9b9640dbf08c,Beast,5,1848,410
2026-04-30T20:52:53.652Z,Japanese,Monthly,coban3137,79cf91bc-167e-481f-9a49-b581919560c4,BINARY,13,5651,731
2026-04-30T20:52:53.652Z,Japanese,All Time,-,-,-,0,0,0
2026-04-30T21:51:12.616Z,Global,Now,-,-,-,0,0,0
2026-04-30T21:51:12.616Z,Global,Weekly,-,-,-,0,0,0
2026-04-30T21:51:12.616Z,Global,Monthly,-,-,-,0,0,0
2026-04-30T21:51:12.616Z,Global,All Time,-,-,-,0,0,0
2026-04-30T21:51:12.616Z,Japanese,Now,darari_nu,bb8dc65c-a5f6-4399-9aaf-9b9640dbf08c,Beast,5,1848,410
2026-04-30T21:51:12.616Z,Japanese,Weekly,darari_nu,bb8dc65c-a5f6-4399-9aaf-9b9640dbf08c,Beast,5,1848,410
2026-04-30T21:51:12.616Z,Japanese,Monthly,coban3137,79cf91bc-167e-481f-9a49-b581919560c4,BINARY,13,5651,731
2026-04-30T21:51:12.616Z,Japanese,All Time,-,-,-,0,0,0
2026-04-30T22:44:07.090Z,Global,Now,-,-,-,0,0,0
2026-04-30T22:44:07.090Z,Global,Weekly,-,-,-,0,0,0
2026-04-30T22:44:07.090Z,Global,Monthly,-,-,-,0,0,0
2026-04-30T22:44:07.090Z,Global,All Time,-,-,-,0,0,0
2026-04-30T22:44:07.090Z,Japanese,Now,darari_nu,bb8dc65c-a5f6-4399-9aaf-9b9640dbf08c,Beast,5,1848,410
2026-04-30T22:44:07.090Z,Japanese,Weekly,darari_nu,bb8dc65c-a5f6-4399-9aaf-9b9640dbf08c,Beast,5,1848,410
2026-04-30T22:44:07.090Z,Japanese,Monthly,coban3137,79cf91bc-167e-481f-9a49-b581919560c4,BINARY,13,5651,731
2026-04-30T22:44:07.090Z,Japanese,All Time,-,-,-,0,0,0
2026-04-30T23:44:17.378Z,Global,Now,-,-,-,0,0,0
2026-04-30T23:44:17.378Z,Global,Weekly,-,-,-,0,0,0
2026-04-30T23:44:17.378Z,Global,Monthly,-,-,-,0,0,0
2026-04-30T23:44:17.378Z,Global,All Time,-,-,-,0,0,0
2026-04-30T23:44:17.378Z,Japanese,Now,darari_nu,bb8dc65c-a5f6-4399-9aaf-9b9640dbf08c,Beast,5,1848,410
2026-04-30T23:44:17.378Z,Japanese,Weekly,darari_nu,bb8dc65c-a5f6-4399-9aaf-9b9640dbf08c,Beast,5,1848,410
2026-04-30T23:44:17.378Z,Japanese,Monthly,coban3137,79cf91bc-167e-481f-9a49-b581919560c4,BINARY,13,5651,731
2026-04-30T23:44:17.378Z,Japanese,All Time,-,-,-,0,0,0
2026-05-01T02:13:31.488Z,Global,Now,-,-,-,0,0,0
2026-05-01T02:13:31.488Z,Global,Weekly,-,-,-,0,0,0
2026-05-01T02:13:31.488Z,Global,Monthly,-,-,-,0,0,0
2026-05-01T02:13:31.488Z,Global,All Time,-,-,-,0,0,0
2026-05-01T02:13:31.488Z,Japanese,Now,darari_nu,bb8dc65c-a5f6-4399-9aaf-9b9640dbf08c,Beast,6,1848,410
2026-05-01T02:13:31.488Z,Japanese,Weekly,darari_nu,bb8dc65c-a5f6-4399-9aaf-9b9640dbf08c,Beast,6,1848,410
2026-05-01T02:13:31.488Z,Japanese,Monthly,coban3137,79cf91bc-167e-481f-9a49-b581919560c4,BINARY,13,5651,732
2026-05-01T02:13:31.488Z,Japanese,All Time,-,-,-,0,0,0
2026-05-01T06:09:24.276Z,Global,Now,-,-,-,0,0,0
2026-05-01T06:09:24.276Z,Global,Weekly,-,-,-,0,0,0
2026-05-01T06:09:24.276Z,Global,Monthly,-,-,-,0,0,0
2026-05-01T06:09:24.276Z,Global,All Time,-,-,-,0,0,0
2026-05-01T06:09:24.276Z,Japanese,Now,coban3137,4baa6e0c-f136-4b6c-9967-4925febb7d01,LOVE,2,295,172
2026-05-01T06:09:24.276Z,Japanese,Weekly,darari_nu,bb8dc65c-a5f6-4399-9aaf-9b9640dbf08c,Beast,5,1848,411
2026-05-01T06:09:24.276Z,Japanese,Monthly,coban3137,79cf91bc-167e-481f-9a49-b581919560c4,BINARY,13,5651,732
2026-05-01T06:09:24.276Z,Japanese,All Time,-,-,-,0,0,0
2026-05-01T08:55:14.742Z,Global,Now,-,-,-,0,0,0
2026-05-01T08:55:14.742Z,Global,Weekly,-,-,-,0,0,0
2026-05-01T08:55:14.742Z,Global,Monthly,-,-,-,0,0,0
2026-05-01T08:55:14.742Z,Global,All Time,-,-,-,0,0,0
2026-05-01T08:55:14.742Z,Japanese,Now,coban3137,4baa6e0c-f136-4b6c-9967-4925febb7d01,LOVE,1,295,174
2026-05-01T08:55:14.742Z,Japanese,Weekly,darari_nu,bb8dc65c-a5f6-4399-9aaf-9b9640dbf08c,Beast,5,1848,411
2026-05-01T08:55:14.742Z,Japanese,Monthly,coban3137,79cf91bc-167e-481f-9a49-b581919560c4,BINARY,13,5651,732
2026-05-01T08:55:14.742Z,Japanese,All Time,-,-,-,0,0,0
2026-05-01T10:18:19.862Z,Global,Now,-,-,-,0,0,0
2026-05-01T10:18:19.862Z,Global,Weekly,-,-,-,0,0,0
2026-05-01T10:18:19.862Z,Global,Monthly,-,-,-,0,0,0
2026-05-01T10:18:19.862Z,Global,All Time,-,-,-,0,0,0
2026-05-01T10:18:19.862Z,Japanese,Now,coban3137,4baa6e0c-f136-4b6c-9967-4925febb7d01,LOVE,1,295,177
2026-05-01T10:18:19.862Z,Japanese,Weekly,darari_nu,bb8dc65c-a5f6-4399-9aaf-9b9640dbf08c,Beast,5,1848,411
2026-05-01T10:18:19.862Z,Japanese,Monthly,coban3137,79cf91bc-167e-481f-9a49-b581919560c4,BINARY,13,5651,732
2026-05-01T10:18:19.862Z,Japanese,All Time,-,-,-,0,0,0
2026-05-01T11:53:17.730Z,Global,Now,-,-,-,0,0,0
2026-05-01T11:53:17.730Z,Global,Weekly,-,-,-,0,0,0
2026-05-01T11:53:17.730Z,Global,Monthly,-,-,-,0,0,0
2026-05-01T11:53:17.730Z,Global,All Time,-,-,-,0,0,0
2026-05-01T11:53:17.730Z,Japanese,Now,coban3137,4baa6e0c-f136-4b6c-9967-4925febb7d01,LOVE,1,295,178
2026-05-01T11:53:17.730Z,Japanese,Weekly,darari_nu,bb8dc65c-a5f6-4399-9aaf-9b9640dbf08c,Beast,5,1848,411
2026-05-01T11:53:17.730Z,Japanese,Monthly,coban3137,79cf91bc-167e-481f-9a49-b581919560c4,BINARY,13,5651,732
2026-05-01T11:53:17.730Z,Japanese,All Time,-,-,-,0,0,0
2026-05-01T13:00:35.572Z,Global,Now,-,-,-,0,0,0
2026-05-01T13:00:35.572Z,Global,Weekly,-,-,-,0,0,0
2026-05-01T13:00:35.572Z,Global,Monthly,-,-,-,0,0,0
2026-05-01T13:00:35.572Z,Global,All Time,-,-,-,0,0,0
2026-05-01T13:00:35.572Z,Japanese,Now,coban3137,4baa6e0c-f136-4b6c-9967-4925febb7d01,LOVE,1,295,179
2026-05-01T13:00:35.572Z,Japanese,Weekly,darari_nu,bb8dc65c-a5f6-4399-9aaf-9b9640dbf08c,Beast,5,1848,411
2026-05-01T13:00:35.572Z,Japanese,Monthly,coban3137,79cf91bc-167e-481f-9a49-b581919560c4,BINARY,13,5651,732
2026-05-01T13:00:35.572Z,Japanese,All Time,-,-,-,0,0,0
2026-05-01T14:19:28.384Z,Global,Now,-,-,-,0,0,0
2026-05-01T14:19:28.384Z,Global,Weekly,-,-,-,0,0,0
2026-05-01T14:19:28.384Z,Global,Monthly,-,-,-,0,0,0
2026-05-01T14:19:28.384Z,Global,All Time,-,-,-,0,0,0
2026-05-01T14:19:28.384Z,Japanese,Now,coban3137,4baa6e0c-f136-4b6c-9967-4925febb7d01,LOVE,1,304,180
2026-05-01T14:19:28.384Z,Japanese,Weekly,darari_nu,bb8dc65c-a5f6-4399-9aaf-9b9640dbf08c,Beast,5,1848,411
2026-05-01T14:19:28.384Z,Japanese,Monthly,coban3137,79cf91bc-167e-481f-9a49-b581919560c4,BINARY,13,5651,732
2026-05-01T14:19:28.384Z,Japanese,All Time,-,-,-,0,0,0
2026-05-01T15:50:01.005Z,Global,Now,-,-,-,0,0,0
2026-05-01T15:50:01.005Z,Global,Weekly,-,-,-,0,0,0
2026-05-01T15:50:01.005Z,Global,Monthly,-,-,-,0,0,0
2026-05-01T15:50:01.005Z,Global,All Time,-,-,-,0,0,0
2026-05-01T15:50:01.005Z,Japanese,Now,coban3137,4baa6e0c-f136-4b6c-9967-4925febb7d01,LOVE,1,304,180
2026-05-01T15:50:01.005Z,Japanese,Weekly,darari_nu,bb8dc65c-a5f6-4399-9aaf-9b9640dbf08c,Beast,5,1848,411
2026-05-01T15:50:01.005Z,Japanese,Monthly,coban3137,79cf91bc-167e-481f-9a49-b581919560c4,BINARY,13,5651,732
2026-05-01T15:50:01.005Z,Japanese,All Time,-,-,-,0,0,0
2026-05-01T16:47:40.166Z,Global,Now,-,-,-,0,0,0
2026-05-01T16:47:40.166Z,Global,Weekly,-,-,-,0,0,0
2026-05-01T16:47:40.166Z,Global,Monthly,-,-,-,0,0,0
2026-05-01T16:47:40.166Z,Global,All Time,-,-,-,0,0,0
2026-05-01T16:47:40.166Z,Japanese,Now,coban3137,4baa6e0c-f136-4b6c-9967-4925febb7d01,LOVE,1,304,181
2026-05-01T16:47:40.166Z,Japanese,Weekly,darari_nu,bb8dc65c-a5f6-4399-9aaf-9b9640dbf08c,Beast,5,1848,411
2026-05-01T16:47:40.166Z,Japanese,Monthly,coban3137,79cf91bc-167e-481f-9a49-b581919560c4,BINARY,13,5651,732
2026-05-01T16:47:40.166Z,Japanese,All Time,-,-,-,0,0,0
2026-05-01T17:52:36.918Z,Global,Now,-,-,-,0,0,0
2026-05-01T17:52:36.918Z,Global,Weekly,-,-,-,0,0,0
2026-05-01T17:52:36.918Z,Global,Monthly,-,-,-,0,0,0
2026-05-01T17:52:36.918Z,Global,All Time,-,-,-,0,0,0
2026-05-01T17:52:36.918Z,Japanese,Now,coban3137,4baa6e0c-f136-4b6c-9967-4925febb7d01,LOVE,1,312,182
2026-05-01T17:52:36.918Z,Japanese,Weekly,darari_nu,bb8dc65c-a5f6-4399-9aaf-9b9640dbf08c,Beast,5,1848,411
2026-05-01T17:52:36.918Z,Japanese,Monthly,coban3137,79cf91bc-167e-481f-9a49-b581919560c4,BINARY,13,5651,732
2026-05-01T17:52:36.918Z,Japanese,All Time,-,-,-,0,0,0
2026-05-01T19:00:21.680Z,Global,Now,-,-,-,0,0,0
2026-05-01T19:00:21.680Z,Global,Weekly,-,-,-,0,0,0
2026-05-01T19:00:21.680Z,Global,Monthly,-,-,-,0,0,0
2026-05-01T19:00:21.680Z,Global,All Time,-,-,-,0,0,0
2026-05-01T19:00:21.680Z,Japanese,Now,coban3137,4baa6e0c-f136-4b6c-9967-4925febb7d01,LOVE,1,312,183
2026-05-01T19:00:21.680Z,Japanese,Weekly,darari_nu,bb8dc65c-a5f6-4399-9aaf-9b9640dbf08c,Beast,5,1848,412
2026-05-01T19:00:21.680Z,Japanese,Monthly,coban3137,79cf91bc-167e-481f-9a49-b581919560c4,BINARY,13,5651,732
2026-05-01T19:00:21.680Z,Japanese,All Time,-,-,-,0,0,0
2026-05-01T20:08:27.335Z,Global,Now,-,-,-,0,0,0
2026-05-01T20:08:27.335Z,Global,Weekly,-,-,-,0,0,0
2026-05-01T20:08:27.335Z,Global,Monthly,-,-,-,0,0,0
2026-05-01T20:08:27.335Z,Global,All Time,-,-,-,0,0,0
2026-05-01T20:08:27.335Z,Japanese,Now,coban3137,4baa6e0c-f136-4b6c-9967-4925febb7d01,LOVE,1,328,184
2026-05-01T20:08:27.335Z,Japanese,Weekly,darari_nu,bb8dc65c-a5f6-4399-9aaf-9b9640dbf08c,Beast,5,1848,412
2026-05-01T20:08:27.335Z,Japanese,Monthly,coban3137,79cf91bc-167e-481f-9a49-b581919560c4,BINARY,13,5651,732
2026-05-01T20:08:27.335Z,Japanese,All Time,-,-,-,0,0,0
2026-05-01T21:44:51.925Z,Global,Now,-,-,-,0,0,0
2026-05-01T21:44:51.925Z,Global,Weekly,-,-,-,0,0,0
2026-05-01T21:44:51.925Z,Global,Monthly,-,-,-,0,0,0
2026-05-01T21:44:51.925Z,Global,All Time,-,-,-,0,0,0
2026-05-01T21:44:51.925Z,Japanese,Now,coban3137,4baa6e0c-f136-4b6c-9967-4925febb7d01,LOVE,1,328,184
2026-05-01T21:44:51.925Z,Japanese,Weekly,darari_nu,bb8dc65c-a5f6-4399-9aaf-9b9640dbf08c,Beast,5,1848,412
2026-05-01T21:44:51.925Z,Japanese,Monthly,coban3137,79cf91bc-167e-481f-9a49-b581919560c4,BINARY,13,5651,732
2026-05-01T21:44:51.925Z,Japanese,All Time,-,-,-,0,0,0
2026-05-01T22:42:21.657Z,Global,Now,-,-,-,0,0,0
2026-05-01T22:42:21.657Z,Global,Weekly,-,-,-,0,0,0
2026-05-01T22:42:21.657Z,Global,Monthly,-,-,-,0,0,0
2026-05-01T22:42:21.657Z,Global,All Time,-,-,-,0,0,0
2026-05-01T22:42:21.657Z,Japanese,Now,coban3137,4baa6e0c-f136-4b6c-9967-4925febb7d01,LOVE,1,328,185
2026-05-01T22:42:21.657Z,Japanese,Weekly,darari_nu,bb8dc65c-a5f6-4399-9aaf-9b9640dbf08c,Beast,5,1848,412
2026-05-01T22:42:21.657Z,Japanese,Monthly,coban3137,79cf91bc-167e-481f-9a49-b581919560c4,BINARY,13,5651,732
2026-05-01T22:42:21.657Z,Japanese,All Time,-,-,-,0,0,0
2026-05-01T23:43:53.364Z,Global,Now,-,-,-,0,0,0
2026-05-01T23:43:53.364Z,Global,Weekly,-,-,-,0,0,0
2026-05-01T23:43:53.364Z,Global,Monthly,-,-,-,0,0,0
2026-05-01T23:43:53.364Z,Global,All Time,-,-,-,0,0,0
2026-05-01T23:43:53.364Z,Japanese,Now,coban3137,4baa6e0c-f136-4b6c-9967-4925febb7d01,LOVE,1,328,185
2026-05-01T23:43:53.364Z,Japanese,Weekly,darari_nu,bb8dc65c-a5f6-4399-9aaf-9b9640dbf08c,Beast,5,1848,412
2026-05-01T23:43:53.364Z,Japanese,Monthly,coban3137,79cf91bc-167e-481f-9a49-b581919560c4,BINARY,13,5651,732
2026-05-01T23:43:53.364Z,Japanese,All Time,-,-,-,0,0,0
2026-05-02T02:00:51.906Z,Global,Now,-,-,-,0,0,0
2026-05-02T02:00:51.906Z,Global,Weekly,-,-,-,0,0,0
2026-05-02T02:00:51.906Z,Global,Monthly,-,-,-,0,0,0
2026-05-02T02:00:51.906Z,Global,All Time,-,-,-,0,0,0
2026-05-02T02:00:51.906Z,Japanese,Now,coban3137,4baa6e0c-f136-4b6c-9967-4925febb7d01,LOVE,1,346,188
2026-05-02T02:00:51.906Z,Japanese,Weekly,darari_nu,bb8dc65c-a5f6-4399-9aaf-9b9640dbf08c,Beast,5,1848,412
2026-05-02T02:00:51.906Z,Japanese,Monthly,coban3137,79cf91bc-167e-481f-9a49-b581919560c4,BINARY,13,5651,732
2026-05-02T02:00:51.906Z,Japanese,All Time,-,-,-,0,0,0
2026-05-02T05:30:01.033Z,Global,Now,coban3137,4baa6e0c-f136-4b6c-9967-4925febb7d01,LOVE,10,353,192
2026-05-02T05:30:01.033Z,Global,Weekly,-,-,-,0,0,0
2026-05-02T05:30:01.033Z,Global,Monthly,-,-,-,0,0,0
2026-05-02T05:30:01.033Z,Global,All Time,-,-,-,0,0,0
2026-05-02T05:30:01.033Z,Japanese,Now,coban3137,4baa6e0c-f136-4b6c-9967-4925febb7d01,LOVE,1,353,192
2026-05-02T05:30:01.033Z,Japanese,Weekly,darari_nu,bb8dc65c-a5f6-4399-9aaf-9b9640dbf08c,Beast,5,1848,412
2026-05-02T05:30:01.033Z,Japanese,Monthly,coban3137,79cf91bc-167e-481f-9a49-b581919560c4,BINARY,13,5651,732
2026-05-02T05:30:01.033Z,Japanese,All Time,-,-,-,0,0,0
2026-05-02T07:21:53.045Z,Global,Now,coban3137,4baa6e0c-f136-4b6c-9967-4925febb7d01,LOVE,10,369,193
2026-05-02T07:21:53.045Z,Global,Weekly,-,-,-,0,0,0
2026-05-02T07:21:53.045Z,Global,Monthly,-,-,-,0,0,0
2026-05-02T07:21:53.045Z,Global,All Time,-,-,-,0,0,0
2026-05-02T07:21:53.045Z,Japanese,Now,coban3137,4baa6e0c-f136-4b6c-9967-4925febb7d01,LOVE,1,369,193
2026-05-02T07:21:53.045Z,Japanese,Weekly,darari_nu,bb8dc65c-a5f6-4399-9aaf-9b9640dbf08c,Beast,5,1848,412
2026-05-02T07:21:53.045Z,Japanese,Monthly,coban3137,79cf91bc-167e-481f-9a49-b581919560c4,BINARY,13,5651,732
2026-05-02T07:21:53.045Z,Japanese,All Time,-,-,-,0,0,0
2026-05-02T08:58:41.223Z,Global,Now,coban3137,4baa6e0c-f136-4b6c-9967-4925febb7d01,LOVE,10,378,194
2026-05-02T08:58:41.223Z,Global,Weekly,-,-,-,0,0,0
2026-05-02T08:58:41.223Z,Global,Monthly,-,-,-,0,0,0
2026-05-02T08:58:41.223Z,Global,All Time,-,-,-,0,0,0
2026-05-02T08:58:41.223Z,Japanese,Now,coban3137,4baa6e0c-f136-4b6c-9967-4925febb7d01,LOVE,1,378,194
2026-05-02T08:58:41.223Z,Japanese,Weekly,darari_nu,bb8dc65c-a5f6-4399-9aaf-9b9640dbf08c,Beast,5,1848,412
2026-05-02T08:58:41.223Z,Japanese,Monthly,coban3137,79cf91bc-167e-481f-9a49-b581919560c4,BINARY,13,5651,732
2026-05-02T08:58:41.223Z,Japanese,All Time,-,-,-,0,0,0
2026-05-02T09:58:53.289Z,Global,Now,coban3137,4baa6e0c-f136-4b6c-9967-4925febb7d01,LOVE,10,393,194
2026-05-02T09:58:53.289Z,Global,Weekly,-,-,-,0,0,0
2026-05-02T09:58:53.289Z,Global,Monthly,-,-,-,0,0,0
2026-05-02T09:58:53.289Z,Global,All Time,-,-,-,0,0,0
2026-05-02T09:58:53.289Z,Japanese,Now,coban3137,4baa6e0c-f136-4b6c-9967-4925febb7d01,LOVE,1,393,194
2026-05-02T09:58:53.289Z,Japanese,Weekly,darari_nu,bb8dc65c-a5f6-4399-9aaf-9b9640dbf08c,Beast,5,1848,412
2026-05-02T09:58:53.289Z,Japanese,Monthly,coban3137,79cf91bc-167e-481f-9a49-b581919560c4,BINARY,13,5651,732
2026-05-02T09:58:53.289Z,Japanese,All Time,-,-,-,0,0,0
2026-05-02T10:53:33.114Z,Global,Now,coban3137,4baa6e0c-f136-4b6c-9967-4925febb7d01,LOVE,10,393,195
2026-05-02T10:53:33.114Z,Global,Weekly,-,-,-,0,0,0
2026-05-02T10:53:33.114Z,Global,Monthly,-,-,-,0,0,0
2026-05-02T10:53:33.114Z,Global,All Time,-,-,-,0,0,0
2026-05-02T10:53:33.114Z,Japanese,Now,coban3137,4baa6e0c-f136-4b6c-9967-4925febb7d01,LOVE,1,393,195
2026-05-02T10:53:33.114Z,Japanese,Weekly,darari_nu,bb8dc65c-a5f6-4399-9aaf-9b9640dbf08c,Beast,5,1848,412
2026-05-02T10:53:33.114Z,Japanese,Monthly,coban3137,79cf91bc-167e-481f-9a49-b581919560c4,BINARY,13,5651,732
2026-05-02T10:53:33.114Z,Japanese,All Time,-,-,-,0,0,0
2026-05-02T11:39:19.853Z,Global,Now,coban3137,4baa6e0c-f136-4b6c-9967-4925febb7d01,LOVE,10,401,195
2026-05-02T11:39:19.853Z,Global,Weekly,-,-,-,0,0,0
2026-05-02T11:39:19.853Z,Global,Monthly,-,-,-,0,0,0
2026-05-02T11:39:19.853Z,Global,All Time,-,-,-,0,0,0
2026-05-02T11:39:19.853Z,Japanese,Now,coban3137,4baa6e0c-f136-4b6c-9967-4925febb7d01,LOVE,1,401,195
2026-05-02T11:39:19.853Z,Japanese,Weekly,darari_nu,bb8dc65c-a5f6-4399-9aaf-9b9640dbf08c,Beast,5,1848,412
2026-05-02T11:39:19.853Z,Japanese,Monthly,coban3137,79cf91bc-167e-481f-9a49-b581919560c4,BINARY,13,5651,732
2026-05-02T11:39:19.853Z,Japanese,All Time,-,-,-,0,0,0
2026-05-02T12:52:15.300Z,Global,Now,-,-,-,0,0,0
2026-05-02T12:52:15.300Z,Global,Weekly,-,-,-,0,0,0
2026-05-02T12:52:15.300Z,Global,Monthly,-,-,-,0,0,0
2026-05-02T12:52:15.300Z,Global,All Time,-,-,-,0,0,0
2026-05-02T12:52:15.300Z,Japanese,Now,-,-,-,0,0,0
2026-05-02T12:52:15.300Z,Japanese,Weekly,darari_nu,bb8dc65c-a5f6-4399-9aaf-9b9640dbf08c,Beast,5,1848,412
2026-05-02T12:52:15.300Z,Japanese,Monthly,coban3137,79cf91bc-167e-481f-9a49-b581919560c4,BINARY,13,5651,732
2026-05-02T12:52:15.300Z,Japanese,All Time,-,-,-,0,0,0
2026-05-02T14:07:03.046Z,Global,Now,-,-,-,0,0,0
2026-05-02T14:07:03.046Z,Global,Weekly,-,-,-,0,0,0
2026-05-02T14:07:03.046Z,Global,Monthly,-,-,-,0,0,0
2026-05-02T14:07:03.046Z,Global,All Time,-,-,-,0,0,0
2026-05-02T14:07:03.046Z,Japanese,Now,-,-,-,0,0,0
2026-05-02T14:07:03.046Z,Japanese,Weekly,darari_nu,bb8dc65c-a5f6-4399-9aaf-9b9640dbf08c,Beast,5,1848,412
2026-05-02T14:07:03.046Z,Japanese,Monthly,coban3137,79cf91bc-167e-481f-9a49-b581919560c4,BINARY,13,5651,732
2026-05-02T14:07:03.046Z,Japanese,All Time,-,-,-,0,0,0
2026-05-02T15:39:43.681Z,Global,Now,-,-,-,0,0,0
2026-05-02T15:39:43.681Z,Global,Weekly,-,-,-,0,0,0
2026-05-02T15:39:43.681Z,Global,Monthly,-,-,-,0,0,0
2026-05-02T15:39:43.681Z,Global,All Time,-,-,-,0,0,0
2026-05-02T15:39:43.681Z,Japanese,Now,-,-,-,0,0,0
2026-05-02T15:39:43.681Z,Japanese,Weekly,darari_nu,bb8dc65c-a5f6-4399-9aaf-9b9640dbf08c,Beast,5,1848,412
2026-05-02T15:39:43.681Z,Japanese,Monthly,coban3137,79cf91bc-167e-481f-9a49-b581919560c4,BINARY,13,5651,732
2026-05-02T15:39:43.681Z,Japanese,All Time,-,-,-,0,0,0
2026-05-02T16:38:44.651Z,Global,Now,-,-,-,0,0,0
2026-05-02T16:38:44.651Z,Global,Weekly,-,-,-,0,0,0
2026-05-02T16:38:44.651Z,Global,Monthly,-,-,-,0,0,0
2026-05-02T16:38:44.651Z,Global,All Time,-,-,-,0,0,0
2026-05-02T16:38:44.651Z,Japanese,Now,-,-,-,0,0,0
2026-05-02T16:38:44.651Z,Japanese,Weekly,darari_nu,bb8dc65c-a5f6-4399-9aaf-9b9640dbf08c,Beast,5,1848,412
2026-05-02T16:38:44.651Z,Japanese,Monthly,coban3137,79cf91bc-167e-481f-9a49-b581919560c4,BINARY,13,5651,732
2026-05-02T16:38:44.651Z,Japanese,All Time,-,-,-,0,0,0
2026-05-02T17:38:28.750Z,Global,Now,-,-,-,0,0,0
2026-05-02T17:38:28.750Z,Global,Weekly,-,-,-,0,0,0
2026-05-02T17:38:28.750Z,Global,Monthly,-,-,-,0,0,0
2026-05-02T17:38:28.750Z,Global,All Time,-,-,-,0,0,0
2026-05-02T17:38:28.750Z,Japanese,Now,-,-,-,0,0,0
2026-05-02T17:38:28.750Z,Japanese,Weekly,darari_nu,bb8dc65c-a5f6-4399-9aaf-9b9640dbf08c,Beast,5,1848,412
2026-05-02T17:38:28.750Z,Japanese,Monthly,coban3137,79cf91bc-167e-481f-9a49-b581919560c4,BINARY,13,5651,732
2026-05-02T17:38:28.750Z,Japanese,All Time,-,-,-,0,0,0
2026-05-02T18:45:36.594Z,Global,Now,-,-,-,0,0,0
2026-05-02T18:45:36.594Z,Global,Weekly,-,-,-,0,0,0
2026-05-02T18:45:36.594Z,Global,Monthly,-,-,-,0,0,0
2026-05-02T18:45:36.594Z,Global,All Time,-,-,-,0,0,0
2026-05-02T18:45:36.594Z,Japanese,Now,-,-,-,0,0,0
2026-05-02T18:45:36.594Z,Japanese,Weekly,darari_nu,bb8dc65c-a5f6-4399-9aaf-9b9640dbf08c,Beast,5,1848,412
2026-05-02T18:45:36.594Z,Japanese,Monthly,coban3137,79cf91bc-167e-481f-9a49-b581919560c4,BINARY,13,5651,732
2026-05-02T18:45:36.594Z,Japanese,All Time,-,-,-,0,0,0
2026-05-02T19:49:29.728Z,Global,Now,-,-,-,0,0,0
2026-05-02T19:49:29.728Z,Global,Weekly,-,-,-,0,0,0
2026-05-02T19:49:29.728Z,Global,Monthly,-,-,-,0,0,0
2026-05-02T19:49:29.728Z,Global,All Time,-,-,-,0,0,0
2026-05-02T19:49:29.728Z,Japanese,Now,-,-,-,0,0,0
2026-05-02T19:49:29.728Z,Japanese,Weekly,darari_nu,bb8dc65c-a5f6-4399-9aaf-9b9640dbf08c,Beast,6,1848,412
2026-05-02T19:49:29.728Z,Japanese,Monthly,coban3137,79cf91bc-167e-481f-9a49-b581919560c4,BINARY,13,5651,732
2026-05-02T19:49:29.728Z,Japanese,All Time,-,-,-,0,0,0
2026-05-02T20:33:55.020Z,Global,Now,-,-,-,0,0,0
2026-05-02T20:33:55.020Z,Global,Weekly,-,-,-,0,0,0
2026-05-02T20:33:55.020Z,Global,Monthly,-,-,-,0,0,0
2026-05-02T20:33:55.020Z,Global,All Time,-,-,-,0,0,0
2026-05-02T20:33:55.020Z,Japanese,Now,-,-,-,0,0,0
2026-05-02T20:33:55.020Z,Japanese,Weekly,darari_nu,bb8dc65c-a5f6-4399-9aaf-9b9640dbf08c,Beast,6,1848,412
2026-05-02T20:33:55.020Z,Japanese,Monthly,coban3137,79cf91bc-167e-481f-9a49-b581919560c4,BINARY,13,5651,732
2026-05-02T20:33:55.020Z,Japanese,All Time,-,-,-,0,0,0
2026-05-02T21:33:35.097Z,Global,Now,-,-,-,0,0,0
2026-05-02T21:33:35.097Z,Global,Weekly,-,-,-,0,0,0
2026-05-02T21:33:35.097Z,Global,Monthly,-,-,-,0,0,0
2026-05-02T21:33:35.097Z,Global,All Time,-,-,-,0,0,0
2026-05-02T21:33:35.097Z,Japanese,Now,-,-,-,0,0,0
2026-05-02T21:33:35.097Z,Japanese,Weekly,darari_nu,bb8dc65c-a5f6-4399-9aaf-9b9640dbf08c,Beast,6,1848,412
2026-05-02T21:33:35.097Z,Japanese,Monthly,coban3137,79cf91bc-167e-481f-9a49-b581919560c4,BINARY,13,5651,732
2026-05-02T21:33:35.097Z,Japanese,All Time,-,-,-,0,0,0
2026-05-02T22:32:57.483Z,Global,Now,-,-,-,0,0,0
2026-05-02T22:32:57.483Z,Global,Weekly,-,-,-,0,0,0
2026-05-02T22:32:57.483Z,Global,Monthly,-,-,-,0,0,0
2026-05-02T22:32:57.483Z,Global,All Time,-,-,-,0,0,0
2026-05-02T22:32:57.483Z,Japanese,Now,-,-,-,0,0,0
2026-05-02T22:32:57.483Z,Japanese,Weekly,darari_nu,bb8dc65c-a5f6-4399-9aaf-9b9640dbf08c,Beast,6,1848,412
2026-05-02T22:32:57.483Z,Japanese,Monthly,coban3137,79cf91bc-167e-481f-9a49-b581919560c4,BINARY,13,5651,732
2026-05-02T22:32:57.483Z,Japanese,All Time,-,-,-,0,0,0
2026-05-02T23:36:01.741Z,Global,Now,-,-,-,0,0,0
2026-05-02T23:36:01.741Z,Global,Weekly,-,-,-,0,0,0
2026-05-02T23:36:01.741Z,Global,Monthly,-,-,-,0,0,0
2026-05-02T23:36:01.741Z,Global,All Time,-,-,-,0,0,0
2026-05-02T23:36:01.741Z,Japanese,Now,-,-,-,0,0,0
2026-05-02T23:36:01.741Z,Japanese,Weekly,darari_nu,bb8dc65c-a5f6-4399-9aaf-9b9640dbf08c,Beast,6,1848,412
2026-05-02T23:36:01.741Z,Japanese,Monthly,coban3137,79cf91bc-167e-481f-9a49-b581919560c4,BINARY,13,5651,732
2026-05-02T23:36:01.741Z,Japanese,All Time,-,-,-,0,0,0
2026-05-03T02:05:46.743Z,Global,Now,-,-,-,0,0,0
2026-05-03T02:05:46.743Z,Global,Weekly,-,-,-,0,0,0
2026-05-03T02:05:46.743Z,Global,Monthly,-,-,-,0,0,0
2026-05-03T02:05:46.743Z,Global,All Time,-,-,-,0,0,0
2026-05-03T02:05:46.743Z,Japanese,Now,-,-,-,0,0,0
2026-05-03T02:05:46.743Z,Japanese,Weekly,darari_nu,bb8dc65c-a5f6-4399-9aaf-9b9640dbf08c,Beast,6,1848,412
2026-05-03T02:05:46.743Z,Japanese,Monthly,coban3137,79cf91bc-167e-481f-9a49-b581919560c4,BINARY,13,5651,732
2026-05-03T02:05:46.743Z,Japanese,All Time,-,-,-,0,0,0
2026-05-03T05:51:38.981Z,Global,Now,-,-,-,0,0,0
2026-05-03T05:51:38.981Z,Global,Weekly,-,-,-,0,0,0
2026-05-03T05:51:38.981Z,Global,Monthly,-,-,-,0,0,0
2026-05-03T05:51:38.981Z,Global,All Time,-,-,-,0,0,0
2026-05-03T05:51:38.981Z,Japanese,Now,-,-,-,0,0,0
2026-05-03T05:51:38.981Z,Japanese,Weekly,darari_nu,bb8dc65c-a5f6-4399-9aaf-9b9640dbf08c,Beast,6,1848,412
2026-05-03T05:51:38.981Z,Japanese,Monthly,coban3137,79cf91bc-167e-481f-9a49-b581919560c4,BINARY,13,5651,732
2026-05-03T05:51:38.981Z,Japanese,All Time,-,-,-,0,0,0
2026-05-03T07:50:35.840Z,Global,Now,-,-,-,0,0,0
2026-05-03T07:50:35.840Z,Global,Weekly,-,-,-,0,0,0
2026-05-03T07:50:35.840Z,Global,Monthly,-,-,-,0,0,0
2026-05-03T07:50:35.840Z,Global,All Time,-,-,-,0,0,0
2026-05-03T07:50:35.840Z,Japanese,Now,-,-,-,0,0,0
2026-05-03T07:50:35.840Z,Japanese,Weekly,darari_nu,bb8dc65c-a5f6-4399-9aaf-9b9640dbf08c,Beast,6,1848,412
2026-05-03T07:50:35.840Z,Japanese,Monthly,coban3137,79cf91bc-167e-481f-9a49-b581919560c4,BINARY,13,5651,732
2026-05-03T07:50:35.840Z,Japanese,All Time,-,-,-,0,0,0
2026-05-03T09:15:52.069Z,Global,Now,-,-,-,0,0,0
2026-05-03T09:15:52.069Z,Global,Weekly,-,-,-,0,0,0
2026-05-03T09:15:52.069Z,Global,Monthly,-,-,-,0,0,0
2026-05-03T09:15:52.069Z,Global,All Time,-,-,-,0,0,0
2026-05-03T09:15:52.069Z,Japanese,Now,-,-,-,0,0,0
2026-05-03T09:15:52.069Z,Japanese,Weekly,darari_nu,bb8dc65c-a5f6-4399-9aaf-9b9640dbf08c,Beast,6,1848,412
2026-05-03T09:15:52.069Z,Japanese,Monthly,coban3137,79cf91bc-167e-481f-9a49-b581919560c4,BINARY,13,5651,732
2026-05-03T09:15:52.069Z,Japanese,All Time,-,-,-,0,0,0
2026-05-03T10:47:06.242Z,Global,Now,-,-,-,0,0,0
2026-05-03T10:47:06.242Z,Global,Weekly,-,-,-,0,0,0
2026-05-03T10:47:06.242Z,Global,Monthly,-,-,-,0,0,0
2026-05-03T10:47:06.242Z,Global,All Time,-,-,-,0,0,0
2026-05-03T10:47:06.242Z,Japanese,Now,-,-,-,0,0,0
2026-05-03T10:47:06.242Z,Japanese,Weekly,darari_nu,bb8dc65c-a5f6-4399-9aaf-9b9640dbf08c,Beast,6,1848,412
2026-05-03T10:47:06.242Z,Japanese,Weekly,coban3137,4baa6e0c-f136-4b6c-9967-4925febb7d01,LOVE,32,436,203
2026-05-03T10:47:06.242Z,Japanese,Monthly,coban3137,79cf91bc-167e-481f-9a49-b581919560c4,BINARY,13,5651,732
2026-05-03T10:47:06.242Z,Japanese,All Time,-,-,-,0,0,0
2026-05-03T11:36:56.009Z,Global,Now,-,-,-,0,0,0
2026-05-03T11:36:56.009Z,Global,Weekly,-,-,-,0,0,0
2026-05-03T11:36:56.009Z,Global,Monthly,-,-,-,0,0,0
2026-05-03T11:36:56.009Z,Global,All Time,-,-,-,0,0,0
2026-05-03T11:36:56.009Z,Japanese,Now,-,-,-,0,0,0
2026-05-03T11:36:56.009Z,Japanese,Weekly,darari_nu,bb8dc65c-a5f6-4399-9aaf-9b9640dbf08c,Beast,6,1848,412
2026-05-03T11:36:56.009Z,Japanese,Weekly,coban3137,4baa6e0c-f136-4b6c-9967-4925febb7d01,LOVE,32,436,203
2026-05-03T11:36:56.009Z,Japanese,Monthly,coban3137,79cf91bc-167e-481f-9a49-b581919560c4,BINARY,13,5651,732
2026-05-03T11:36:56.009Z,Japanese,All Time,-,-,-,0,0,0
2026-05-03T12:52:21.054Z,Global,Now,-,-,-,0,0,0
2026-05-03T12:52:21.054Z,Global,Weekly,-,-,-,0,0,0
2026-05-03T12:52:21.054Z,Global,Monthly,-,-,-,0,0,0
2026-05-03T12:52:21.054Z,Global,All Time,-,-,-,0,0,0
2026-05-03T12:52:21.054Z,Japanese,Now,-,-,-,0,0,0
2026-05-03T12:52:21.054Z,Japanese,Weekly,darari_nu,bb8dc65c-a5f6-4399-9aaf-9b9640dbf08c,Beast,6,1848,412
2026-05-03T12:52:21.054Z,Japanese,Weekly,coban3137,4baa6e0c-f136-4b6c-9967-4925febb7d01,LOVE,32,436,203
2026-05-03T12:52:21.054Z,Japanese,Monthly,coban3137,79cf91bc-167e-481f-9a49-b581919560c4,BINARY,13,5651,732
2026-05-03T12:52:21.054Z,Japanese,All Time,-,-,-,0,0,0
2026-05-03T14:07:56.368Z,Global,Now,-,-,-,0,0,0
2026-05-03T14:07:56.368Z,Global,Weekly,-,-,-,0,0,0
2026-05-03T14:07:56.368Z,Global,Monthly,-,-,-,0,0,0
2026-05-03T14:07:56.368Z,Global,All Time,-,-,-,0,0,0
2026-05-03T14:07:56.368Z,Japanese,Now,-,-,-,0,0,0
2026-05-03T14:07:56.368Z,Japanese,Weekly,darari_nu,bb8dc65c-a5f6-4399-9aaf-9b9640dbf08c,Beast,6,1848,412
2026-05-03T14:07:56.368Z,Japanese,Weekly,coban3137,4baa6e0c-f136-4b6c-9967-4925febb7d01,LOVE,31,436,203
2026-05-03T14:07:56.368Z,Japanese,Monthly,coban3137,79cf91bc-167e-481f-9a49-b581919560c4,BINARY,13,5651,732
2026-05-03T14:07:56.368Z,Japanese,All Time,-,-,-,0,0,0
2026-05-03T15:39:57.307Z,Global,Now,-,-,-,0,0,0
2026-05-03T15:39:57.307Z,Global,Weekly,-,-,-,0,0,0
2026-05-03T15:39:57.307Z,Global,Monthly,-,-,-,0,0,0
2026-05-03T15:39:57.307Z,Global,All Time,-,-,-,0,0,0
2026-05-03T15:39:57.307Z,Japanese,Now,-,-,-,0,0,0
2026-05-03T15:39:57.307Z,Japanese,Weekly,darari_nu,bb8dc65c-a5f6-4399-9aaf-9b9640dbf08c,Beast,6,1848,412
2026-05-03T15:39:57.307Z,Japanese,Weekly,coban3137,4baa6e0c-f136-4b6c-9967-4925febb7d01,LOVE,31,436,203
2026-05-03T15:39:57.307Z,Japanese,Monthly,coban3137,79cf91bc-167e-481f-9a49-b581919560c4,BINARY,13,5651,732
2026-05-03T15:39:57.307Z,Japanese,All Time,-,-,-,0,0,0
2026-05-03T16:39:49.298Z,Global,Now,-,-,-,0,0,0
2026-05-03T16:39:49.298Z,Global,Weekly,-,-,-,0,0,0
2026-05-03T16:39:49.298Z,Global,Monthly,-,-,-,0,0,0
2026-05-03T16:39:49.298Z,Global,All Time,-,-,-,0,0,0
2026-05-03T16:39:49.298Z,Japanese,Now,-,-,-,0,0,0
2026-05-03T16:39:49.298Z,Japanese,Weekly,darari_nu,bb8dc65c-a5f6-4399-9aaf-9b9640dbf08c,Beast,6,1848,412
2026-05-03T16:39:49.298Z,Japanese,Weekly,coban3137,4baa6e0c-f136-4b6c-9967-4925febb7d01,LOVE,31,436,203
2026-05-03T16:39:49.298Z,Japanese,Monthly,coban3137,79cf91bc-167e-481f-9a49-b581919560c4,BINARY,13,5651,732
2026-05-03T16:39:49.298Z,Japanese,All Time,-,-,-,0,0,0
2026-05-03T17:40:59.034Z,Global,Now,-,-,-,0,0,0
2026-05-03T17:40:59.034Z,Global,Weekly,-,-,-,0,0,0
2026-05-03T17:40:59.034Z,Global,Monthly,-,-,-,0,0,0
2026-05-03T17:40:59.034Z,Global,All Time,-,-,-,0,0,0
2026-05-03T17:40:59.034Z,Japanese,Now,-,-,-,0,0,0
2026-05-03T17:40:59.034Z,Japanese,Weekly,darari_nu,bb8dc65c-a5f6-4399-9aaf-9b9640dbf08c,Beast,6,1848,412
2026-05-03T17:40:59.034Z,Japanese,Weekly,coban3137,4baa6e0c-f136-4b6c-9967-4925febb7d01,LOVE,31,436,204
2026-05-03T17:40:59.034Z,Japanese,Monthly,coban3137,79cf91bc-167e-481f-9a49-b581919560c4,BINARY,13,5651,732
2026-05-03T17:40:59.034Z,Japanese,All Time,-,-,-,0,0,0
2026-05-03T18:46:45.101Z,Global,Now,-,-,-,0,0,0
2026-05-03T18:46:45.101Z,Global,Weekly,-,-,-,0,0,0
2026-05-03T18:46:45.101Z,Global,Monthly,-,-,-,0,0,0
2026-05-03T18:46:45.101Z,Global,All Time,-,-,-,0,0,0
2026-05-03T18:46:45.101Z,Japanese,Now,-,-,-,0,0,0
2026-05-03T18:46:45.101Z,Japanese,Weekly,darari_nu,bb8dc65c-a5f6-4399-9aaf-9b9640dbf08c,Beast,6,1848,412
2026-05-03T18:46:45.101Z,Japanese,Weekly,coban3137,4baa6e0c-f136-4b6c-9967-4925febb7d01,LOVE,31,445,204
2026-05-03T18:46:45.101Z,Japanese,Monthly,coban3137,79cf91bc-167e-481f-9a49-b581919560c4,BINARY,13,5651,732
2026-05-03T18:46:45.101Z,Japanese,All Time,-,-,-,0,0,0
2026-05-03T19:49:25.204Z,Global,Now,-,-,-,0,0,0
2026-05-03T19:49:25.204Z,Global,Weekly,-,-,-,0,0,0
2026-05-03T19:49:25.204Z,Global,Monthly,-,-,-,0,0,0
2026-05-03T19:49:25.204Z,Global,All Time,-,-,-,0,0,0
2026-05-03T19:49:25.204Z,Japanese,Now,-,-,-,0,0,0
2026-05-03T19:49:25.204Z,Japanese,Weekly,darari_nu,bb8dc65c-a5f6-4399-9aaf-9b9640dbf08c,Beast,6,1848,412
2026-05-03T19:49:25.204Z,Japanese,Weekly,coban3137,4baa6e0c-f136-4b6c-9967-4925febb7d01,LOVE,31,445,204
2026-05-03T19:49:25.204Z,Japanese,Monthly,coban3137,79cf91bc-167e-481f-9a49-b581919560c4,BINARY,13,5651,732
2026-05-03T19:49:25.204Z,Japanese,All Time,-,-,-,0,0,0
2026-05-03T20:34:48.740Z,Global,Now,-,-,-,0,0,0
2026-05-03T20:34:48.740Z,Global,Weekly,-,-,-,0,0,0
2026-05-03T20:34:48.740Z,Global,Monthly,-,-,-,0,0,0
2026-05-03T20:34:48.740Z,Global,All Time,-,-,-,0,0,0
2026-05-03T20:34:48.740Z,Japanese,Now,-,-,-,0,0,0
2026-05-03T20:34:48.740Z,Japanese,Weekly,darari_nu,bb8dc65c-a5f6-4399-9aaf-9b9640dbf08c,Beast,6,1848,412
2026-05-03T20:34:48.740Z,Japanese,Weekly,coban3137,4baa6e0c-f136-4b6c-9967-4925febb7d01,LOVE,31,453,204
2026-05-03T20:34:48.740Z,Japanese,Monthly,coban3137,79cf91bc-167e-481f-9a49-b581919560c4,BINARY,13,5651,732
2026-05-03T20:34:48.740Z,Japanese,All Time,-,-,-,0,0,0
2026-05-03T21:35:03.032Z,Global,Now,-,-,-,0,0,0
2026-05-03T21:35:03.032Z,Global,Weekly,-,-,-,0,0,0
2026-05-03T21:35:03.032Z,Global,Monthly,-,-,-,0,0,0
2026-05-03T21:35:03.032Z,Global,All Time,-,-,-,0,0,0
2026-05-03T21:35:03.032Z,Japanese,Now,-,-,-,0,0,0
2026-05-03T21:35:03.032Z,Japanese,Weekly,darari_nu,bb8dc65c-a5f6-4399-9aaf-9b9640dbf08c,Beast,6,1848,412
2026-05-03T21:35:03.032Z,Japanese,Weekly,coban3137,4baa6e0c-f136-4b6c-9967-4925febb7d01,LOVE,31,453,204
2026-05-03T21:35:03.032Z,Japanese,Monthly,coban3137,79cf91bc-167e-481f-9a49-b581919560c4,BINARY,13,5651,732
2026-05-03T21:35:03.032Z,Japanese,All Time,-,-,-,0,0,0
2026-05-03T22:33:34.130Z,Global,Now,-,-,-,0,0,0
2026-05-03T22:33:34.130Z,Global,Weekly,-,-,-,0,0,0
2026-05-03T22:33:34.130Z,Global,Monthly,-,-,-,0,0,0
2026-05-03T22:33:34.130Z,Global,All Time,-,-,-,0,0,0
2026-05-03T22:33:34.130Z,Japanese,Now,-,-,-,0,0,0
2026-05-03T22:33:34.130Z,Japanese,Weekly,darari_nu,bb8dc65c-a5f6-4399-9aaf-9b9640dbf08c,Beast,6,1848,412
2026-05-03T22:33:34.130Z,Japanese,Weekly,coban3137,4baa6e0c-f136-4b6c-9967-4925febb7d01,LOVE,31,453,205
2026-05-03T22:33:34.130Z,Japanese,Monthly,coban3137,79cf91bc-167e-481f-9a49-b581919560c4,BINARY,13,5651,732
2026-05-03T22:33:34.130Z,Japanese,All Time,-,-,-,0,0,0
2026-05-03T23:37:08.515Z,Global,Now,-,-,-,0,0,0
2026-05-03T23:37:08.515Z,Global,Weekly,-,-,-,0,0,0
2026-05-03T23:37:08.515Z,Global,Monthly,-,-,-,0,0,0
2026-05-03T23:37:08.515Z,Global,All Time,-,-,-,0,0,0
2026-05-03T23:37:08.515Z,Japanese,Now,-,-,-,0,0,0
2026-05-03T23:37:08.515Z,Japanese,Weekly,darari_nu,bb8dc65c-a5f6-4399-9aaf-9b9640dbf08c,Beast,6,1848,412
2026-05-03T23:37:08.515Z,Japanese,Weekly,coban3137,4baa6e0c-f136-4b6c-9967-4925febb7d01,LOVE,31,453,205
2026-05-03T23:37:08.515Z,Japanese,Monthly,coban3137,79cf91bc-167e-481f-9a49-b581919560c4,BINARY,13,5651,732
2026-05-03T23:37:08.515Z,Japanese,All Time,-,-,-,0,0,0
2026-05-04T02:05:23.134Z,Global,Now,-,-,-,0,0,0
2026-05-04T02:05:23.134Z,Global,Weekly,-,-,-,0,0,0
2026-05-04T02:05:23.134Z,Global,Monthly,-,-,-,0,0,0
2026-05-04T02:05:23.134Z,Global,All Time,-,-,-,0,0,0
2026-05-04T02:05:23.134Z,Japanese,Now,-,-,-,0,0,0
2026-05-04T02:05:23.134Z,Japanese,Weekly,darari_nu,bb8dc65c-a5f6-4399-9aaf-9b9640dbf08c,Beast,6,1848,412
2026-05-04T02:05:23.134Z,Japanese,Weekly,coban3137,4baa6e0c-f136-4b6c-9967-4925febb7d01,LOVE,32,453,205
2026-05-04T02:05:23.134Z,Japanese,Monthly,coban3137,79cf91bc-167e-481f-9a49-b581919560c4,BINARY,13,5651,732
2026-05-04T02:05:23.134Z,Japanese,All Time,-,-,-,0,0,0
2026-05-04T05:56:46.867Z,Global,Now,-,-,-,0,0,0
2026-05-04T05:56:46.867Z,Global,Weekly,-,-,-,0,0,0
2026-05-04T05:56:46.867Z,Global,Monthly,-,-,-,0,0,0
2026-05-04T05:56:46.867Z,Global,All Time,-,-,-,0,0,0
2026-05-04T05:56:46.867Z,Japanese,Now,-,-,-,0,0,0
2026-05-04T05:56:46.867Z,Japanese,Weekly,darari_nu,bb8dc65c-a5f6-4399-9aaf-9b9640dbf08c,Beast,6,1848,412
2026-05-04T05:56:46.867Z,Japanese,Weekly,coban3137,4baa6e0c-f136-4b6c-9967-4925febb7d01,LOVE,31,460,205
2026-05-04T05:56:46.867Z,Japanese,Monthly,coban3137,79cf91bc-167e-481f-9a49-b581919560c4,BINARY,13,5651,732
2026-05-04T05:56:46.867Z,Japanese,All Time,-,-,-,0,0,0
2026-05-04T08:24:31.395Z,Global,Now,-,-,-,0,0,0
2026-05-04T08:24:31.395Z,Global,Weekly,-,-,-,0,0,0
2026-05-04T08:24:31.395Z,Global,Monthly,-,-,-,0,0,0
2026-05-04T08:24:31.395Z,Global,All Time,-,-,-,0,0,0
2026-05-04T08:24:31.395Z,Japanese,Now,-,-,-,0,0,0
2026-05-04T08:24:31.395Z,Japanese,Weekly,darari_nu,bb8dc65c-a5f6-4399-9aaf-9b9640dbf08c,Beast,6,1848,412
2026-05-04T08:24:31.395Z,Japanese,Weekly,coban3137,4baa6e0c-f136-4b6c-9967-4925febb7d01,LOVE,31,460,205
2026-05-04T08:24:31.395Z,Japanese,Monthly,coban3137,79cf91bc-167e-481f-9a49-b581919560c4,BINARY,13,5651,732
2026-05-04T08:24:31.395Z,Japanese,All Time,-,-,-,0,0,0
2026-05-04T10:58:47.366Z,Global,Now,-,-,-,0,0,0
2026-05-04T10:58:47.366Z,Global,Weekly,-,-,-,0,0,0
2026-05-04T10:58:47.366Z,Global,Monthly,-,-,-,0,0,0
2026-05-04T10:58:47.366Z,Global,All Time,-,-,-,0,0,0
2026-05-04T10:58:47.366Z,Japanese,Now,-,-,-,0,0,0
2026-05-04T10:58:47.366Z,Japanese,Weekly,darari_nu,bb8dc65c-a5f6-4399-9aaf-9b9640dbf08c,Beast,6,1848,412
2026-05-04T10:58:47.366Z,Japanese,Weekly,coban3137,4baa6e0c-f136-4b6c-9967-4925febb7d01,LOVE,31,468,205
2026-05-04T10:58:47.366Z,Japanese,Monthly,coban3137,79cf91bc-167e-481f-9a49-b581919560c4,BINARY,13,5651,732
2026-05-04T10:58:47.366Z,Japanese,All Time,-,-,-,0,0,0
2026-05-04T12:21:14.513Z,Global,Now,-,-,-,0,0,0
2026-05-04T12:21:14.513Z,Global,Weekly,-,-,-,0,0,0
2026-05-04T12:21:14.513Z,Global,Monthly,-,-,-,0,0,0
2026-05-04T12:21:14.513Z,Global,All Time,-,-,-,0,0,0
2026-05-04T12:21:14.513Z,Japanese,Now,-,-,-,0,0,0
2026-05-04T12:21:14.513Z,Japanese,Weekly,darari_nu,bb8dc65c-a5f6-4399-9aaf-9b9640dbf08c,Beast,6,1848,412
2026-05-04T12:21:14.513Z,Japanese,Weekly,coban3137,4baa6e0c-f136-4b6c-9967-4925febb7d01,LOVE,30,468,205
2026-05-04T12:21:14.513Z,Japanese,Monthly,coban3137,79cf91bc-167e-481f-9a49-b581919560c4,BINARY,13,5651,732
2026-05-04T12:21:14.513Z,Japanese,All Time,-,-,-,0,0,0
2026-05-04T15:06:18.038Z,Global,Now,-,-,-,0,0,0
2026-05-04T15:06:18.038Z,Global,Weekly,-,-,-,0,0,0
2026-05-04T15:06:18.038Z,Global,Monthly,-,-,-,0,0,0
2026-05-04T15:06:18.038Z,Global,All Time,-,-,-,0,0,0
2026-05-04T15:06:18.038Z,Japanese,Now,-,-,-,0,0,0
2026-05-04T15:06:18.038Z,Japanese,Weekly,darari_nu,bb8dc65c-a5f6-4399-9aaf-9b9640dbf08c,Beast,6,1848,412
2026-05-04T15:06:18.038Z,Japanese,Weekly,coban3137,4baa6e0c-f136-4b6c-9967-4925febb7d01,LOVE,30,468,205
2026-05-04T15:06:18.038Z,Japanese,Monthly,coban3137,79cf91bc-167e-481f-9a49-b581919560c4,BINARY,13,5651,732
2026-05-04T15:06:18.038Z,Japanese,All Time,-,-,-,0,0,0
2026-05-04T17:24:39.998Z,Global,Now,-,-,-,0,0,0
2026-05-04T17:24:39.998Z,Global,Weekly,-,-,-,0,0,0
2026-05-04T17:24:39.998Z,Global,Monthly,-,-,-,0,0,0
2026-05-04T17:24:39.998Z,Global,All Time,-,-,-,0,0,0
2026-05-04T17:24:39.998Z,Japanese,Now,-,-,-,0,0,0
2026-05-04T17:24:39.998Z,Japanese,Weekly,darari_nu,bb8dc65c-a5f6-4399-9aaf-9b9640dbf08c,Beast,6,1848,412
2026-05-04T17:24:39.998Z,Japanese,Weekly,coban3137,4baa6e0c-f136-4b6c-9967-4925febb7d01,LOVE,30,475,206
2026-05-04T17:24:39.998Z,Japanese,Monthly,coban3137,79cf91bc-167e-481f-9a49-b581919560c4,BINARY,13,5651,732
2026-05-04T17:24:39.998Z,Japanese,All Time,-,-,-,0,0,0
2026-05-04T19:17:30.211Z,Global,Now,-,-,-,0,0,0
2026-05-04T19:17:30.211Z,Global,Weekly,-,-,-,0,0,0
2026-05-04T19:17:30.211Z,Global,Monthly,-,-,-,0,0,0
2026-05-04T19:17:30.211Z,Global,All Time,-,-,-,0,0,0
2026-05-04T19:17:30.211Z,Japanese,Now,-,-,-,0,0,0
2026-05-04T19:17:30.211Z,Japanese,Weekly,darari_nu,bb8dc65c-a5f6-4399-9aaf-9b9640dbf08c,Beast,6,1848,412
2026-05-04T19:17:30.211Z,Japanese,Weekly,coban3137,4baa6e0c-f136-4b6c-9967-4925febb7d01,LOVE,30,475,207
2026-05-04T19:17:30.211Z,Japanese,Monthly,coban3137,79cf91bc-167e-481f-9a49-b581919560c4,BINARY,13,5651,732
2026-05-04T19:17:30.211Z,Japanese,All Time,-,-,-,0,0,0
2026-05-04T21:00:38.235Z,Global,Now,-,-,-,0,0,0
2026-05-04T21:00:38.235Z,Global,Weekly,-,-,-,0,0,0
2026-05-04T21:00:38.235Z,Global,Monthly,-,-,-,0,0,0
2026-05-04T21:00:38.235Z,Global,All Time,-,-,-,0,0,0
2026-05-04T21:00:38.235Z,Japanese,Now,-,-,-,0,0,0
2026-05-04T21:00:38.235Z,Japanese,Weekly,darari_nu,bb8dc65c-a5f6-4399-9aaf-9b9640dbf08c,Beast,6,1848,412
2026-05-04T21:00:38.235Z,Japanese,Weekly,coban3137,4baa6e0c-f136-4b6c-9967-4925febb7d01,LOVE,30,475,207
2026-05-04T21:00:38.235Z,Japanese,Monthly,coban3137,79cf91bc-167e-481f-9a49-b581919560c4,BINARY,13,5651,732
2026-05-04T21:00:38.235Z,Japanese,All Time,-,-,-,0,0,0
2026-05-04T22:07:55.603Z,Global,Now,-,-,-,0,0,0
2026-05-04T22:07:55.603Z,Global,Weekly,-,-,-,0,0,0
2026-05-04T22:07:55.603Z,Global,Monthly,-,-,-,0,0,0
2026-05-04T22:07:55.603Z,Global,All Time,-,-,-,0,0,0
2026-05-04T22:07:55.603Z,Japanese,Now,-,-,-,0,0,0
2026-05-04T22:07:55.603Z,Japanese,Weekly,darari_nu,bb8dc65c-a5f6-4399-9aaf-9b9640dbf08c,Beast,6,1848,412
2026-05-04T22:07:55.603Z,Japanese,Weekly,coban3137,4baa6e0c-f136-4b6c-9967-4925febb7d01,LOVE,30,475,207
2026-05-04T22:07:55.603Z,Japanese,Monthly,coban3137,79cf91bc-167e-481f-9a49-b581919560c4,BINARY,13,5651,732
2026-05-04T22:07:55.603Z,Japanese,All Time,-,-,-,0,0,0
2026-05-04T23:45:19.568Z,Global,Now,-,-,-,0,0,0
2026-05-04T23:45:19.568Z,Global,Weekly,-,-,-,0,0,0
2026-05-04T23:45:19.568Z,Global,Monthly,-,-,-,0,0,0
2026-05-04T23:45:19.568Z,Global,All Time,-,-,-,0,0,0
2026-05-04T23:45:19.568Z,Japanese,Now,-,-,-,0,0,0
2026-05-04T23:45:19.568Z,Japanese,Weekly,darari_nu,bb8dc65c-a5f6-4399-9aaf-9b9640dbf08c,Beast,6,1848,412
2026-05-04T23:45:19.568Z,Japanese,Weekly,coban3137,4baa6e0c-f136-4b6c-9967-4925febb7d01,LOVE,30,475,207
2026-05-04T23:45:19.568Z,Japanese,Monthly,coban3137,79cf91bc-167e-481f-9a49-b581919560c4,BINARY,13,5651,732
2026-05-04T23:45:19.568Z,Japanese,All Time,-,-,-,0,0,0
2026-05-05T02:04:49.318Z,Global,Now,-,-,-,0,0,0
2026-05-05T02:04:49.318Z,Global,Weekly,-,-,-,0,0,0
2026-05-05T02:04:49.318Z,Global,Monthly,-,-,-,0,0,0
2026-05-05T02:04:49.318Z,Global,All Time,-,-,-,0,0,0
2026-05-05T02:04:49.318Z,Japanese,Now,-,-,-,0,0,0
2026-05-05T02:04:49.318Z,Japanese,Weekly,darari_nu,bb8dc65c-a5f6-4399-9aaf-9b9640dbf08c,Beast,6,1848,412
2026-05-05T02:04:49.318Z,Japanese,Weekly,coban3137,4baa6e0c-f136-4b6c-9967-4925febb7d01,LOVE,30,475,207
2026-05-05T02:04:49.318Z,Japanese,Monthly,coban3137,79cf91bc-167e-481f-9a49-b581919560c4,BINARY,13,5651,732
2026-05-05T02:04:49.318Z,Japanese,All Time,-,-,-,0,0,0
2026-05-05T05:35:53.634Z,Global,Now,-,-,-,0,0,0
2026-05-05T05:35:53.634Z,Global,Weekly,-,-,-,0,0,0
2026-05-05T05:35:53.634Z,Global,Monthly,-,-,-,0,0,0
2026-05-05T05:35:53.634Z,Global,All Time,-,-,-,0,0,0
2026-05-05T05:35:53.634Z,Japanese,Now,-,-,-,0,0,0
2026-05-05T05:35:53.634Z,Japanese,Weekly,darari_nu,bb8dc65c-a5f6-4399-9aaf-9b9640dbf08c,Beast,6,1848,412
2026-05-05T05:35:53.634Z,Japanese,Weekly,coban3137,4baa6e0c-f136-4b6c-9967-4925febb7d01,LOVE,30,475,208
2026-05-05T05:35:53.634Z,Japanese,Monthly,coban3137,79cf91bc-167e-481f-9a49-b581919560c4,BINARY,13,5651,732
2026-05-05T05:35:53.634Z,Japanese,All Time,-,-,-,0,0,0
2026-05-05T07:59:49.812Z,Global,Now,-,-,-,0,0,0
2026-05-05T07:59:49.812Z,Global,Weekly,-,-,-,0,0,0
2026-05-05T07:59:49.812Z,Global,Monthly,-,-,-,0,0,0
2026-05-05T07:59:49.812Z,Global,All Time,-,-,-,0,0,0
2026-05-05T07:59:49.812Z,Japanese,Now,-,-,-,0,0,0
2026-05-05T07:59:49.812Z,Japanese,Weekly,darari_nu,bb8dc65c-a5f6-4399-9aaf-9b9640dbf08c,Beast,6,1848,412
2026-05-05T07:59:49.812Z,Japanese,Weekly,coban3137,4baa6e0c-f136-4b6c-9967-4925febb7d01,LOVE,30,483,208
2026-05-05T07:59:49.812Z,Japanese,Monthly,coban3137,79cf91bc-167e-481f-9a49-b581919560c4,BINARY,13,5651,732
2026-05-05T07:59:49.812Z,Japanese,All Time,-,-,-,0,0,0
2026-05-05T10:00:31.342Z,Global,Now,-,-,-,0,0,0
2026-05-05T10:00:31.342Z,Global,Weekly,-,-,-,0,0,0
2026-05-05T10:00:31.342Z,Global,Monthly,-,-,-,0,0,0
2026-05-05T10:00:31.342Z,Global,All Time,-,-,-,0,0,0
2026-05-05T10:00:31.342Z,Japanese,Now,-,-,-,0,0,0
2026-05-05T10:00:31.342Z,Japanese,Weekly,darari_nu,bb8dc65c-a5f6-4399-9aaf-9b9640dbf08c,Beast,6,1848,412
2026-05-05T10:00:31.342Z,Japanese,Weekly,coban3137,4baa6e0c-f136-4b6c-9967-4925febb7d01,LOVE,31,483,208
2026-05-05T10:00:31.342Z,Japanese,Monthly,coban3137,79cf91bc-167e-481f-9a49-b581919560c4,BINARY,13,5651,732
2026-05-05T10:00:31.342Z,Japanese,All Time,-,-,-,0,0,0
2026-05-05T11:18:59.091Z,Global,Now,-,-,-,0,0,0
2026-05-05T11:18:59.091Z,Global,Weekly,-,-,-,0,0,0
2026-05-05T11:18:59.091Z,Global,Monthly,-,-,-,0,0,0
2026-05-05T11:18:59.091Z,Global,All Time,-,-,-,0,0,0
2026-05-05T11:18:59.091Z,Japanese,Now,-,-,-,0,0,0
2026-05-05T11:18:59.091Z,Japanese,Weekly,darari_nu,bb8dc65c-a5f6-4399-9aaf-9b9640dbf08c,Beast,6,1855,412
2026-05-05T11:18:59.091Z,Japanese,Weekly,coban3137,4baa6e0c-f136-4b6c-9967-4925febb7d01,LOVE,31,483,209
2026-05-05T11:18:59.091Z,Japanese,Monthly,coban3137,79cf91bc-167e-481f-9a49-b581919560c4,BINARY,13,5651,732
2026-05-05T11:18:59.091Z,Japanese,All Time,-,-,-,0,0,0
2026-05-05T13:19:31.536Z,Global,Now,-,-,-,0,0,0
2026-05-05T13:19:31.536Z,Global,Weekly,-,-,-,0,0,0
2026-05-05T13:19:31.536Z,Global,Monthly,-,-,-,0,0,0
2026-05-05T13:19:31.536Z,Global,All Time,-,-,-,0,0,0
2026-05-05T13:19:31.536Z,Japanese,Now,-,-,-,0,0,0
2026-05-05T13:19:31.536Z,Japanese,Weekly,darari_nu,bb8dc65c-a5f6-4399-9aaf-9b9640dbf08c,Beast,6,1855,412
2026-05-05T13:19:31.536Z,Japanese,Weekly,coban3137,4baa6e0c-f136-4b6c-9967-4925febb7d01,LOVE,31,491,210
2026-05-05T13:19:31.536Z,Japanese,Monthly,coban3137,79cf91bc-167e-481f-9a49-b581919560c4,BINARY,13,5651,732
2026-05-05T13:19:31.536Z,Japanese,All Time,-,-,-,0,0,0
2026-05-05T15:54:11.883Z,Global,Now,-,-,-,0,0,0
2026-05-05T15:54:11.883Z,Global,Weekly,-,-,-,0,0,0
2026-05-05T15:54:11.883Z,Global,Monthly,-,-,-,0,0,0
2026-05-05T15:54:11.883Z,Global,All Time,-,-,-,0,0,0
2026-05-05T15:54:11.883Z,Japanese,Now,-,-,-,0,0,0
2026-05-05T15:54:11.883Z,Japanese,Weekly,darari_nu,bb8dc65c-a5f6-4399-9aaf-9b9640dbf08c,Beast,6,1855,412
2026-05-05T15:54:11.883Z,Japanese,Weekly,coban3137,4baa6e0c-f136-4b6c-9967-4925febb7d01,LOVE,31,491,211
2026-05-05T15:54:11.883Z,Japanese,Monthly,coban3137,79cf91bc-167e-481f-9a49-b581919560c4,BINARY,13,5651,732
2026-05-05T15:54:11.883Z,Japanese,All Time,-,-,-,0,0,0
2026-05-05T17:16:47.087Z,Global,Now,-,-,-,0,0,0
2026-05-05T17:16:47.087Z,Global,Weekly,-,-,-,0,0,0
2026-05-05T17:16:47.087Z,Global,Monthly,-,-,-,0,0,0
2026-05-05T17:16:47.087Z,Global,All Time,-,-,-,0,0,0
2026-05-05T17:16:47.087Z,Japanese,Now,-,-,-,0,0,0
2026-05-05T17:16:47.087Z,Japanese,Weekly,darari_nu,bb8dc65c-a5f6-4399-9aaf-9b9640dbf08c,Beast,6,1855,412
2026-05-05T17:16:47.087Z,Japanese,Weekly,coban3137,4baa6e0c-f136-4b6c-9967-4925febb7d01,LOVE,31,498,212
2026-05-05T17:16:47.087Z,Japanese,Monthly,coban3137,79cf91bc-167e-481f-9a49-b581919560c4,BINARY,13,5651,732
2026-05-05T17:16:47.087Z,Japanese,All Time,-,-,-,0,0,0
2026-05-05T19:09:28.804Z,Global,Now,-,-,-,0,0,0
2026-05-05T19:09:28.804Z,Global,Weekly,-,-,-,0,0,0
2026-05-05T19:09:28.804Z,Global,Monthly,-,-,-,0,0,0
2026-05-05T19:09:28.804Z,Global,All Time,-,-,-,0,0,0
2026-05-05T19:09:28.804Z,Japanese,Now,-,-,-,0,0,0
2026-05-05T19:09:28.804Z,Japanese,Weekly,darari_nu,bb8dc65c-a5f6-4399-9aaf-9b9640dbf08c,Beast,6,1855,412
2026-05-05T19:09:28.804Z,Japanese,Weekly,coban3137,4baa6e0c-f136-4b6c-9967-4925febb7d01,LOVE,30,498,213
2026-05-05T19:09:28.804Z,Japanese,Monthly,coban3137,79cf91bc-167e-481f-9a49-b581919560c4,BINARY,13,5651,732
2026-05-05T19:09:28.804Z,Japanese,All Time,-,-,-,0,0,0
2026-05-05T20:56:03.687Z,Global,Now,-,-,-,0,0,0
2026-05-05T20:56:03.687Z,Global,Weekly,-,-,-,0,0,0
2026-05-05T20:56:03.687Z,Global,Monthly,-,-,-,0,0,0
2026-05-05T20:56:03.687Z,Global,All Time,-,-,-,0,0,0
2026-05-05T20:56:03.687Z,Japanese,Now,-,-,-,0,0,0
2026-05-05T20:56:03.687Z,Japanese,Weekly,darari_nu,bb8dc65c-a5f6-4399-9aaf-9b9640dbf08c,Beast,6,1855,412
2026-05-05T20:56:03.687Z,Japanese,Weekly,coban3137,4baa6e0c-f136-4b6c-9967-4925febb7d01,LOVE,30,498,213
2026-05-05T20:56:03.687Z,Japanese,Monthly,coban3137,79cf91bc-167e-481f-9a49-b581919560c4,BINARY,13,5651,732
2026-05-05T20:56:03.687Z,Japanese,All Time,-,-,-,0,0,0
2026-05-05T21:57:09.561Z,Global,Now,-,-,-,0,0,0
2026-05-05T21:57:09.561Z,Global,Weekly,-,-,-,0,0,0
2026-05-05T21:57:09.561Z,Global,Monthly,-,-,-,0,0,0
2026-05-05T21:57:09.561Z,Global,All Time,-,-,-,0,0,0
2026-05-05T21:57:09.561Z,Japanese,Now,-,-,-,0,0,0
2026-05-05T21:57:09.561Z,Japanese,Weekly,darari_nu,bb8dc65c-a5f6-4399-9aaf-9b9640dbf08c,Beast,6,1855,412
2026-05-05T21:57:09.561Z,Japanese,Weekly,coban3137,4baa6e0c-f136-4b6c-9967-4925febb7d01,LOVE,30,498,214
2026-05-05T21:57:09.561Z,Japanese,Monthly,coban3137,79cf91bc-167e-481f-9a49-b581919560c4,BINARY,13,5651,732
2026-05-05T21:57:09.561Z,Japanese,All Time,-,-,-,0,0,0
2026-05-05T22:52:47.935Z,Global,Now,-,-,-,0,0,0
2026-05-05T22:52:47.935Z,Global,Weekly,-,-,-,0,0,0
2026-05-05T22:52:47.935Z,Global,Monthly,-,-,-,0,0,0
2026-05-05T22:52:47.935Z,Global,All Time,-,-,-,0,0,0
2026-05-05T22:52:47.935Z,Japanese,Now,-,-,-,0,0,0
2026-05-05T22:52:47.935Z,Japanese,Weekly,darari_nu,bb8dc65c-a5f6-4399-9aaf-9b9640dbf08c,Beast,6,1855,412
2026-05-05T22:52:47.935Z,Japanese,Weekly,coban3137,4baa6e0c-f136-4b6c-9967-4925febb7d01,LOVE,30,498,215
2026-05-05T22:52:47.935Z,Japanese,Monthly,coban3137,79cf91bc-167e-481f-9a49-b581919560c4,BINARY,13,5651,733
2026-05-05T22:52:47.935Z,Japanese,All Time,-,-,-,0,0,0
2026-05-05T23:41:27.486Z,Global,Now,-,-,-,0,0,0
2026-05-05T23:41:27.486Z,Global,Weekly,-,-,-,0,0,0
2026-05-05T23:41:27.486Z,Global,Monthly,-,-,-,0,0,0
2026-05-05T23:41:27.486Z,Global,All Time,-,-,-,0,0,0
2026-05-05T23:41:27.486Z,Japanese,Now,-,-,-,0,0,0
2026-05-05T23:41:27.486Z,Japanese,Weekly,darari_nu,bb8dc65c-a5f6-4399-9aaf-9b9640dbf08c,Beast,6,1855,412
2026-05-05T23:41:27.486Z,Japanese,Weekly,coban3137,4baa6e0c-f136-4b6c-9967-4925febb7d01,LOVE,30,513,216
2026-05-05T23:41:27.486Z,Japanese,Monthly,coban3137,79cf91bc-167e-481f-9a49-b581919560c4,BINARY,13,5651,733
2026-05-05T23:41:27.486Z,Japanese,All Time,-,-,-,0,0,0
2026-05-06T02:04:26.569Z,Global,Now,-,-,-,0,0,0
2026-05-06T02:04:26.569Z,Global,Weekly,-,-,-,0,0,0
2026-05-06T02:04:26.569Z,Global,Monthly,-,-,-,0,0,0
2026-05-06T02:04:26.569Z,Global,All Time,-,-,-,0,0,0
2026-05-06T02:04:26.569Z,Japanese,Now,coban3137,9d1157bf-f4e0-44f4-b01a-e8ae2d5ccca1,side:B,41,192,51
2026-05-06T02:04:26.569Z,Japanese,Weekly,darari_nu,bb8dc65c-a5f6-4399-9aaf-9b9640dbf08c,Beast,6,1855,412
2026-05-06T02:04:26.569Z,Japanese,Weekly,coban3137,4baa6e0c-f136-4b6c-9967-4925febb7d01,LOVE,30,520,218
2026-05-06T02:04:26.569Z,Japanese,Monthly,coban3137,79cf91bc-167e-481f-9a49-b581919560c4,BINARY,13,5651,733
2026-05-06T02:04:26.569Z,Japanese,All Time,-,-,-,0,0,0
2026-05-06T05:50:17.737Z,Global,Now,-,-,-,0,0,0
2026-05-06T05:50:17.737Z,Global,Weekly,-,-,-,0,0,0
2026-05-06T05:50:17.737Z,Global,Monthly,-,-,-,0,0,0
2026-05-06T05:50:17.737Z,Global,All Time,-,-,-,0,0,0
2026-05-06T05:50:17.737Z,Japanese,Now,coban3137,9d1157bf-f4e0-44f4-b01a-e8ae2d5ccca1,side:B,37,201,65
2026-05-06T05:50:17.737Z,Japanese,Weekly,darari_nu,bb8dc65c-a5f6-4399-9aaf-9b9640dbf08c,Beast,6,1855,413
2026-05-06T05:50:17.737Z,Japanese,Weekly,coban3137,4baa6e0c-f136-4b6c-9967-4925febb7d01,LOVE,30,520,220
2026-05-06T05:50:17.737Z,Japanese,Monthly,coban3137,79cf91bc-167e-481f-9a49-b581919560c4,BINARY,13,5651,733
2026-05-06T05:50:17.737Z,Japanese,All Time,-,-,-,0,0,0
2026-05-06T10:34:55.789Z,Global,Now,darari_nu,bb8dc65c-a5f6-4399-9aaf-9b9640dbf08c,Beast,48,1874,413
2026-05-06T10:34:55.789Z,Global,Weekly,-,-,-,0,0,0
2026-05-06T10:34:55.789Z,Global,Monthly,-,-,-,0,0,0
2026-05-06T10:34:55.789Z,Global,All Time,-,-,-,0,0,0
2026-05-06T10:34:55.789Z,Japanese,Now,coban3137,9d1157bf-f4e0-44f4-b01a-e8ae2d5ccca1,side:B,31,216,72
2026-05-06T10:34:55.789Z,Japanese,Weekly,darari_nu,bb8dc65c-a5f6-4399-9aaf-9b9640dbf08c,Beast,6,1874,413
2026-05-06T10:34:55.789Z,Japanese,Weekly,coban3137,4baa6e0c-f136-4b6c-9967-4925febb7d01,LOVE,29,520,222
2026-05-06T10:34:55.789Z,Japanese,Monthly,coban3137,79cf91bc-167e-481f-9a49-b581919560c4,BINARY,13,5651,733
2026-05-06T10:34:55.789Z,Japanese,All Time,-,-,-,0,0,0
2026-05-06T10:59:29.519Z,Global,Now,darari_nu,bb8dc65c-a5f6-4399-9aaf-9b9640dbf08c,Beast,49,1874,413
2026-05-06T10:59:29.519Z,Global,Weekly,-,-,-,0,0,0
2026-05-06T10:59:29.519Z,Global,Monthly,-,-,-,0,0,0
2026-05-06T10:59:29.519Z,Global,All Time,-,-,-,0,0,0
2026-05-06T10:59:29.519Z,Japanese,Now,coban3137,9d1157bf-f4e0-44f4-b01a-e8ae2d5ccca1,side:B,29,216,74
2026-05-06T10:59:29.519Z,Japanese,Weekly,darari_nu,bb8dc65c-a5f6-4399-9aaf-9b9640dbf08c,Beast,6,1874,413
2026-05-06T10:59:29.519Z,Japanese,Weekly,coban3137,4baa6e0c-f136-4b6c-9967-4925febb7d01,LOVE,29,520,223
2026-05-06T10:59:29.519Z,Japanese,Monthly,coban3137,79cf91bc-167e-481f-9a49-b581919560c4,BINARY,13,5651,733
2026-05-06T10:59:29.519Z,Japanese,All Time,-,-,-,0,0,0
2026-05-06T12:28:42.705Z,Global,Now,darari_nu,bb8dc65c-a5f6-4399-9aaf-9b9640dbf08c,Beast,48,1874,414
2026-05-06T12:28:42.705Z,Global,Weekly,-,-,-,0,0,0
2026-05-06T12:28:42.705Z,Global,Monthly,-,-,-,0,0,0
2026-05-06T12:28:42.705Z,Global,All Time,-,-,-,0,0,0
2026-05-06T12:28:42.705Z,Japanese,Now,coban3137,9d1157bf-f4e0-44f4-b01a-e8ae2d5ccca1,side:B,24,250,81
2026-05-06T12:28:42.705Z,Japanese,Weekly,darari_nu,bb8dc65c-a5f6-4399-9aaf-9b9640dbf08c,Beast,5,1874,414
2026-05-06T12:28:42.705Z,Japanese,Weekly,coban3137,4baa6e0c-f136-4b6c-9967-4925febb7d01,LOVE,29,520,223
2026-05-06T12:28:42.705Z,Japanese,Monthly,coban3137,79cf91bc-167e-481f-9a49-b581919560c4,BINARY,13,5651,733
2026-05-06T12:28:42.705Z,Japanese,All Time,-,-,-,0,0,0
2026-05-06T15:24:28.193Z,Global,Now,darari_nu,bb8dc65c-a5f6-4399-9aaf-9b9640dbf08c,Beast,48,1874,414
2026-05-06T15:24:28.193Z,Global,Weekly,-,-,-,0,0,0
2026-05-06T15:24:28.193Z,Global,Monthly,-,-,-,0,0,0
2026-05-06T15:24:28.193Z,Global,All Time,-,-,-,0,0,0
2026-05-06T15:24:28.193Z,Japanese,Now,coban3137,9d1157bf-f4e0-44f4-b01a-e8ae2d5ccca1,side:B,18,294,95
2026-05-06T15:24:28.193Z,Japanese,Weekly,darari_nu,bb8dc65c-a5f6-4399-9aaf-9b9640dbf08c,Beast,5,1874,414
2026-05-06T15:24:28.193Z,Japanese,Weekly,coban3137,4baa6e0c-f136-4b6c-9967-4925febb7d01,LOVE,29,520,226
2026-05-06T15:24:28.193Z,Japanese,Monthly,coban3137,79cf91bc-167e-481f-9a49-b581919560c4,BINARY,13,5651,733
2026-05-06T15:24:28.193Z,Japanese,All Time,-,-,-,0,0,0
2026-05-06T17:24:47.855Z,Global,Now,darari_nu,bb8dc65c-a5f6-4399-9aaf-9b9640dbf08c,Beast,49,1874,414
2026-05-06T17:24:47.855Z,Global,Weekly,-,-,-,0,0,0
2026-05-06T17:24:47.855Z,Global,Monthly,-,-,-,0,0,0
2026-05-06T17:24:47.855Z,Global,All Time,-,-,-,0,0,0
2026-05-06T17:24:47.855Z,Japanese,Now,coban3137,9d1157bf-f4e0-44f4-b01a-e8ae2d5ccca1,side:B,14,311,105
2026-05-06T17:24:47.855Z,Japanese,Weekly,darari_nu,bb8dc65c-a5f6-4399-9aaf-9b9640dbf08c,Beast,5,1874,414
2026-05-06T17:24:47.855Z,Japanese,Weekly,coban3137,4baa6e0c-f136-4b6c-9967-4925febb7d01,LOVE,29,520,229
2026-05-06T17:24:47.855Z,Japanese,Monthly,coban3137,79cf91bc-167e-481f-9a49-b581919560c4,BINARY,13,5651,733
2026-05-06T17:24:47.855Z,Japanese,All Time,-,-,-,0,0,0
2026-05-06T19:26:10.071Z,Global,Now,darari_nu,bb8dc65c-a5f6-4399-9aaf-9b9640dbf08c,Beast,49,1874,414
2026-05-06T19:26:10.071Z,Global,Weekly,-,-,-,0,0,0
2026-05-06T19:26:10.071Z,Global,Monthly,-,-,-,0,0,0
2026-05-06T19:26:10.071Z,Global,All Time,-,-,-,0,0,0
2026-05-06T19:26:10.071Z,Japanese,Now,coban3137,9d1157bf-f4e0-44f4-b01a-e8ae2d5ccca1,side:B,13,311,110
2026-05-06T19:26:10.071Z,Japanese,Weekly,darari_nu,bb8dc65c-a5f6-4399-9aaf-9b9640dbf08c,Beast,5,1874,414
2026-05-06T19:26:10.071Z,Japanese,Weekly,coban3137,4baa6e0c-f136-4b6c-9967-4925febb7d01,LOVE,28,520,231
2026-05-06T19:26:10.071Z,Japanese,Monthly,coban3137,79cf91bc-167e-481f-9a49-b581919560c4,BINARY,13,5651,733
2026-05-06T19:26:10.071Z,Japanese,All Time,-,-,-,0,0,0
2026-05-06T21:04:36.749Z,Global,Now,darari_nu,bb8dc65c-a5f6-4399-9aaf-9b9640dbf08c,Beast,50,1883,414
2026-05-06T21:04:36.749Z,Global,Weekly,-,-,-,0,0,0
2026-05-06T21:04:36.749Z,Global,Monthly,-,-,-,0,0,0
2026-05-06T21:04:36.749Z,Global,All Time,-,-,-,0,0,0
2026-05-06T21:04:36.749Z,Japanese,Now,coban3137,9d1157bf-f4e0-44f4-b01a-e8ae2d5ccca1,side:B,11,311,112
2026-05-06T21:04:36.749Z,Japanese,Weekly,darari_nu,bb8dc65c-a5f6-4399-9aaf-9b9640dbf08c,Beast,4,1883,414
2026-05-06T21:04:36.749Z,Japanese,Weekly,coban3137,4baa6e0c-f136-4b6c-9967-4925febb7d01,LOVE,26,520,232
2026-05-06T21:04:36.749Z,Japanese,Monthly,coban3137,79cf91bc-167e-481f-9a49-b581919560c4,BINARY,13,5651,733
2026-05-06T21:04:36.749Z,Japanese,All Time,-,-,-,0,0,0
2026-05-06T22:45:05.768Z,Global,Now,darari_nu,bb8dc65c-a5f6-4399-9aaf-9b9640dbf08c,Beast,50,1883,414
2026-05-06T22:45:05.768Z,Global,Weekly,-,-,-,0,0,0
2026-05-06T22:45:05.768Z,Global,Monthly,-,-,-,0,0,0
2026-05-06T22:45:05.768Z,Global,All Time,-,-,-,0,0,0
2026-05-06T22:45:05.768Z,Japanese,Now,coban3137,9d1157bf-f4e0-44f4-b01a-e8ae2d5ccca1,side:B,11,311,115
2026-05-06T22:45:05.768Z,Japanese,Weekly,darari_nu,bb8dc65c-a5f6-4399-9aaf-9b9640dbf08c,Beast,4,1883,414
2026-05-06T22:45:05.768Z,Japanese,Weekly,coban3137,4baa6e0c-f136-4b6c-9967-4925febb7d01,LOVE,26,520,232
2026-05-06T22:45:05.768Z,Japanese,Monthly,coban3137,79cf91bc-167e-481f-9a49-b581919560c4,BINARY,13,5651,733
2026-05-06T22:45:05.768Z,Japanese,All Time,-,-,-,0,0,0
2026-05-06T23:42:33.702Z,Global,Now,darari_nu,bb8dc65c-a5f6-4399-9aaf-9b9640dbf08c,Beast,50,1883,414
2026-05-06T23:42:33.702Z,Global,Weekly,-,-,-,0,0,0
2026-05-06T23:42:33.702Z,Global,Monthly,-,-,-,0,0,0
2026-05-06T23:42:33.702Z,Global,All Time,-,-,-,0,0,0
2026-05-06T23:42:33.702Z,Japanese,Now,coban3137,9d1157bf-f4e0-44f4-b01a-e8ae2d5ccca1,side:B,10,319,117
2026-05-06T23:42:33.702Z,Japanese,Weekly,darari_nu,bb8dc65c-a5f6-4399-9aaf-9b9640dbf08c,Beast,4,1883,414
2026-05-06T23:42:33.702Z,Japanese,Weekly,coban3137,4baa6e0c-f136-4b6c-9967-4925febb7d01,LOVE,25,520,233
2026-05-06T23:42:33.702Z,Japanese,Monthly,coban3137,79cf91bc-167e-481f-9a49-b581919560c4,BINARY,13,5651,733
2026-05-06T23:42:33.702Z,Japanese,All Time,-,-,-,0,0,0
2026-05-07T02:07:18.826Z,Global,Now,-,-,-,0,0,0
2026-05-07T02:07:18.826Z,Global,Weekly,-,-,-,0,0,0
2026-05-07T02:07:18.826Z,Global,Monthly,-,-,-,0,0,0
2026-05-07T02:07:18.826Z,Global,All Time,-,-,-,0,0,0
2026-05-07T02:07:18.826Z,Japanese,Now,coban3137,9d1157bf-f4e0-44f4-b01a-e8ae2d5ccca1,side:B,7,335,125
2026-05-07T02:07:18.826Z,Japanese,Weekly,darari_nu,bb8dc65c-a5f6-4399-9aaf-9b9640dbf08c,Beast,4,1883,416
2026-05-07T02:07:18.826Z,Japanese,Weekly,coban3137,4baa6e0c-f136-4b6c-9967-4925febb7d01,LOVE,25,528,235
2026-05-07T02:07:18.826Z,Japanese,Monthly,coban3137,79cf91bc-167e-481f-9a49-b581919560c4,BINARY,13,5651,733
2026-05-07T02:07:18.826Z,Japanese,All Time,-,-,-,0,0,0
2026-05-07T05:54:13.898Z,Global,Now,-,-,-,0,0,0
2026-05-07T05:54:13.898Z,Global,Weekly,-,-,-,0,0,0
2026-05-07T05:54:13.898Z,Global,Monthly,-,-,-,0,0,0
2026-05-07T05:54:13.898Z,Global,All Time,-,-,-,0,0,0
2026-05-07T05:54:13.898Z,Japanese,Now,coban3137,9d1157bf-f4e0-44f4-b01a-e8ae2d5ccca1,side:B,7,342,135
2026-05-07T05:54:13.898Z,Japanese,Weekly,darari_nu,bb8dc65c-a5f6-4399-9aaf-9b9640dbf08c,Beast,4,1883,416
2026-05-07T05:54:13.898Z,Japanese,Weekly,coban3137,4baa6e0c-f136-4b6c-9967-4925febb7d01,LOVE,25,528,237
2026-05-07T05:54:13.898Z,Japanese,Monthly,coban3137,79cf91bc-167e-481f-9a49-b581919560c4,BINARY,13,5651,734
2026-05-07T05:54:13.898Z,Japanese,All Time,-,-,-,0,0,0
2026-05-07T08:20:15.536Z,Global,Now,-,-,-,0,0,0
2026-05-07T08:20:15.536Z,Global,Weekly,-,-,-,0,0,0
2026-05-07T08:20:15.536Z,Global,Monthly,-,-,-,0,0,0
2026-05-07T08:20:15.536Z,Global,All Time,-,-,-,0,0,0
2026-05-07T08:20:15.536Z,Japanese,Now,coban3137,9d1157bf-f4e0-44f4-b01a-e8ae2d5ccca1,side:B,6,342,144
2026-05-07T08:20:15.536Z,Japanese,Weekly,darari_nu,bb8dc65c-a5f6-4399-9aaf-9b9640dbf08c,Beast,4,1883,416
2026-05-07T08:20:15.536Z,Japanese,Weekly,coban3137,4baa6e0c-f136-4b6c-9967-4925febb7d01,LOVE,23,536,240
2026-05-07T08:20:15.536Z,Japanese,Monthly,coban3137,79cf91bc-167e-481f-9a49-b581919560c4,BINARY,13,5651,734
2026-05-07T08:20:15.536Z,Japanese,All Time,-,-,-,0,0,0
2026-05-07T11:02:58.820Z,Global,Now,-,-,-,0,0,0
2026-05-07T11:02:58.820Z,Global,Weekly,-,-,-,0,0,0
2026-05-07T11:02:58.820Z,Global,Monthly,-,-,-,0,0,0
2026-05-07T11:02:58.820Z,Global,All Time,-,-,-,0,0,0
2026-05-07T11:02:58.820Z,Japanese,Now,coban3137,9d1157bf-f4e0-44f4-b01a-e8ae2d5ccca1,side:B,6,349,148
2026-05-07T11:02:58.820Z,Japanese,Weekly,darari_nu,bb8dc65c-a5f6-4399-9aaf-9b9640dbf08c,Beast,4,1883,416
2026-05-07T11:02:58.820Z,Japanese,Weekly,coban3137,4baa6e0c-f136-4b6c-9967-4925febb7d01,LOVE,23,536,240
2026-05-07T11:02:58.820Z,Japanese,Monthly,coban3137,79cf91bc-167e-481f-9a49-b581919560c4,BINARY,13,5651,734
2026-05-07T11:02:58.820Z,Japanese,All Time,-,-,-,0,0,0
2026-05-07T13:45:44.818Z,Global,Now,-,-,-,0,0,0
2026-05-07T13:45:44.818Z,Global,Weekly,-,-,-,0,0,0
2026-05-07T13:45:44.818Z,Global,Monthly,-,-,-,0,0,0
2026-05-07T13:45:44.818Z,Global,All Time,-,-,-,0,0,0
2026-05-07T13:45:44.818Z,Japanese,Now,coban3137,9d1157bf-f4e0-44f4-b01a-e8ae2d5ccca1,side:B,6,363,155
2026-05-07T13:45:44.818Z,Japanese,Weekly,darari_nu,bb8dc65c-a5f6-4399-9aaf-9b9640dbf08c,Beast,4,1883,416
2026-05-07T13:45:44.818Z,Japanese,Weekly,coban3137,4baa6e0c-f136-4b6c-9967-4925febb7d01,LOVE,23,536,240
2026-05-07T13:45:44.818Z,Japanese,Monthly,coban3137,79cf91bc-167e-481f-9a49-b581919560c4,BINARY,13,5651,734
2026-05-07T13:45:44.818Z,Japanese,All Time,-,-,-,0,0,0
2026-05-07T16:01:23.271Z,Global,Now,-,-,-,0,0,0
2026-05-07T16:01:23.271Z,Global,Weekly,-,-,-,0,0,0
2026-05-07T16:01:23.271Z,Global,Monthly,-,-,-,0,0,0
2026-05-07T16:01:23.271Z,Global,All Time,-,-,-,0,0,0
2026-05-07T16:01:23.271Z,Japanese,Now,coban3137,9d1157bf-f4e0-44f4-b01a-e8ae2d5ccca1,side:B,6,363,160
2026-05-07T16:01:23.271Z,Japanese,Weekly,darari_nu,bb8dc65c-a5f6-4399-9aaf-9b9640dbf08c,Beast,4,1883,416
2026-05-07T16:01:23.271Z,Japanese,Weekly,coban3137,4baa6e0c-f136-4b6c-9967-4925febb7d01,LOVE,23,536,241
2026-05-07T16:01:23.271Z,Japanese,Monthly,coban3137,79cf91bc-167e-481f-9a49-b581919560c4,BINARY,13,5651,735
2026-05-07T16:01:23.271Z,Japanese,All Time,-,-,-,0,0,0
2026-05-07T18:19:36.299Z,Global,Now,-,-,-,0,0,0
2026-05-07T18:19:36.299Z,Global,Weekly,-,-,-,0,0,0
2026-05-07T18:19:36.299Z,Global,Monthly,-,-,-,0,0,0
2026-05-07T18:19:36.299Z,Global,All Time,-,-,-,0,0,0
2026-05-07T18:19:36.299Z,Japanese,Now,coban3137,9d1157bf-f4e0-44f4-b01a-e8ae2d5ccca1,side:B,6,363,161
2026-05-07T18:19:36.299Z,Japanese,Weekly,darari_nu,bb8dc65c-a5f6-4399-9aaf-9b9640dbf08c,Beast,4,1883,416
2026-05-07T18:19:36.299Z,Japanese,Weekly,coban3137,4baa6e0c-f136-4b6c-9967-4925febb7d01,LOVE,24,544,241
2026-05-07T18:19:36.299Z,Japanese,Monthly,coban3137,79cf91bc-167e-481f-9a49-b581919560c4,BINARY,13,5651,735
2026-05-07T18:19:36.299Z,Japanese,All Time,-,-,-,0,0,0
2026-05-07T20:09:07.022Z,Global,Now,-,-,-,0,0,0
2026-05-07T20:09:07.022Z,Global,Weekly,-,-,-,0,0,0
2026-05-07T20:09:07.022Z,Global,Monthly,-,-,-,0,0,0
2026-05-07T20:09:07.022Z,Global,All Time,-,-,-,0,0,0
2026-05-07T20:09:07.022Z,Japanese,Now,coban3137,9d1157bf-f4e0-44f4-b01a-e8ae2d5ccca1,side:B,6,363,162
2026-05-07T20:09:07.022Z,Japanese,Weekly,darari_nu,bb8dc65c-a5f6-4399-9aaf-9b9640dbf08c,Beast,4,1883,416
2026-05-07T20:09:07.022Z,Japanese,Weekly,coban3137,4baa6e0c-f136-4b6c-9967-4925febb7d01,LOVE,24,544,242
2026-05-07T20:09:07.022Z,Japanese,Monthly,coban3137,79cf91bc-167e-481f-9a49-b581919560c4,BINARY,13,5651,735
2026-05-07T20:09:07.022Z,Japanese,All Time,-,-,-,0,0,0
2026-05-07T21:48:50.173Z,Global,Now,-,-,-,0,0,0
2026-05-07T21:48:50.173Z,Global,Weekly,-,-,-,0,0,0
2026-05-07T21:48:50.173Z,Global,Monthly,-,-,-,0,0,0
2026-05-07T21:48:50.173Z,Global,All Time,-,-,-,0,0,0
2026-05-07T21:48:50.173Z,Japanese,Now,coban3137,9d1157bf-f4e0-44f4-b01a-e8ae2d5ccca1,side:B,5,371,164
2026-05-07T21:48:50.173Z,Japanese,Weekly,darari_nu,bb8dc65c-a5f6-4399-9aaf-9b9640dbf08c,Beast,4,1883,416
2026-05-07T21:48:50.173Z,Japanese,Weekly,coban3137,4baa6e0c-f136-4b6c-9967-4925febb7d01,LOVE,24,544,242
2026-05-07T21:48:50.173Z,Japanese,Monthly,coban3137,79cf91bc-167e-481f-9a49-b581919560c4,BINARY,13,5651,735
2026-05-07T21:48:50.173Z,Japanese,All Time,-,-,-,0,0,0
2026-05-07T22:54:51.458Z,Global,Now,-,-,-,0,0,0
2026-05-07T22:54:51.458Z,Global,Weekly,-,-,-,0,0,0
2026-05-07T22:54:51.458Z,Global,Monthly,-,-,-,0,0,0
2026-05-07T22:54:51.458Z,Global,All Time,-,-,-,0,0,0
2026-05-07T22:54:51.458Z,Japanese,Now,coban3137,9d1157bf-f4e0-44f4-b01a-e8ae2d5ccca1,side:B,5,371,164
2026-05-07T22:54:51.458Z,Japanese,Weekly,darari_nu,bb8dc65c-a5f6-4399-9aaf-9b9640dbf08c,Beast,4,1883,416
2026-05-07T22:54:51.458Z,Japanese,Weekly,coban3137,4baa6e0c-f136-4b6c-9967-4925febb7d01,LOVE,24,544,243
2026-05-07T22:54:51.458Z,Japanese,Monthly,coban3137,79cf91bc-167e-481f-9a49-b581919560c4,BINARY,13,5651,735
2026-05-07T22:54:51.458Z,Japanese,All Time,-,-,-,0,0,0
2026-05-07T23:45:20.871Z,Global,Now,-,-,-,0,0,0
2026-05-07T23:45:20.871Z,Global,Weekly,-,-,-,0,0,0
2026-05-07T23:45:20.871Z,Global,Monthly,-,-,-,0,0,0
2026-05-07T23:45:20.871Z,Global,All Time,-,-,-,0,0,0
2026-05-07T23:45:20.871Z,Japanese,Now,coban3137,9d1157bf-f4e0-44f4-b01a-e8ae2d5ccca1,side:B,4,371,164
2026-05-07T23:45:20.871Z,Japanese,Weekly,darari_nu,bb8dc65c-a5f6-4399-9aaf-9b9640dbf08c,Beast,4,1883,416
2026-05-07T23:45:20.871Z,Japanese,Weekly,coban3137,4baa6e0c-f136-4b6c-9967-4925febb7d01,LOVE,24,544,243
2026-05-07T23:45:20.871Z,Japanese,Monthly,coban3137,79cf91bc-167e-481f-9a49-b581919560c4,BINARY,13,5651,735
2026-05-07T23:45:20.871Z,Japanese,All Time,-,-,-,0,0,0
2026-05-08T02:14:12.111Z,Global,Now,-,-,-,0,0,0
2026-05-08T02:14:12.111Z,Global,Weekly,-,-,-,0,0,0
2026-05-08T02:14:12.111Z,Global,Monthly,-,-,-,0,0,0
2026-05-08T02:14:12.111Z,Global,All Time,-,-,-,0,0,0
2026-05-08T02:14:12.111Z,Japanese,Now,darari_nu,bb8dc65c-a5f6-4399-9aaf-9b9640dbf08c,Beast,4,1883,416
2026-05-08T02:14:12.111Z,Japanese,Now,coban3137,4baa6e0c-f136-4b6c-9967-4925febb7d01,LOVE,24,552,244
2026-05-08T02:14:12.111Z,Japanese,Weekly,darari_nu,bb8dc65c-a5f6-4399-9aaf-9b9640dbf08c,Beast,4,1883,416
2026-05-08T02:14:12.111Z,Japanese,Weekly,coban3137,4baa6e0c-f136-4b6c-9967-4925febb7d01,LOVE,24,552,244
2026-05-08T02:14:12.111Z,Japanese,Monthly,coban3137,79cf91bc-167e-481f-9a49-b581919560c4,BINARY,13,5651,735
2026-05-08T02:14:12.111Z,Japanese,All Time,-,-,-,0,0,0
2026-05-08T05:24:15.952Z,Global,Now,-,-,-,0,0,0
2026-05-08T05:24:15.952Z,Global,Weekly,-,-,-,0,0,0
2026-05-08T05:24:15.952Z,Global,Monthly,-,-,-,0,0,0
2026-05-08T05:24:15.952Z,Global,All Time,-,-,-,0,0,0
2026-05-08T05:24:15.952Z,Japanese,Now,darari_nu,bb8dc65c-a5f6-4399-9aaf-9b9640dbf08c,Beast,5,1883,416
2026-05-08T05:24:15.952Z,Japanese,Now,coban3137,4baa6e0c-f136-4b6c-9967-4925febb7d01,LOVE,24,552,245
2026-05-08T05:24:15.952Z,Japanese,Weekly,darari_nu,bb8dc65c-a5f6-4399-9aaf-9b9640dbf08c,Beast,5,1883,416
2026-05-08T05:24:15.952Z,Japanese,Weekly,coban3137,4baa6e0c-f136-4b6c-9967-4925febb7d01,LOVE,24,552,245
2026-05-08T05:24:15.952Z,Japanese,Monthly,coban3137,79cf91bc-167e-481f-9a49-b581919560c4,BINARY,13,5651,735
2026-05-08T05:24:15.952Z,Japanese,All Time,-,-,-,0,0,0
2026-05-08T07:19:11.613Z,Global,Now,-,-,-,0,0,0
2026-05-08T07:19:11.613Z,Global,Weekly,-,-,-,0,0,0
2026-05-08T07:19:11.613Z,Global,Monthly,-,-,-,0,0,0
2026-05-08T07:19:11.613Z,Global,All Time,-,-,-,0,0,0
2026-05-08T07:19:11.613Z,Japanese,Now,darari_nu,bb8dc65c-a5f6-4399-9aaf-9b9640dbf08c,Beast,5,1883,418
2026-05-08T07:19:11.613Z,Japanese,Now,coban3137,4baa6e0c-f136-4b6c-9967-4925febb7d01,LOVE,24,559,247
2026-05-08T07:19:11.613Z,Japanese,Weekly,darari_nu,bb8dc65c-a5f6-4399-9aaf-9b9640dbf08c,Beast,5,1883,418
2026-05-08T07:19:11.613Z,Japanese,Weekly,coban3137,4baa6e0c-f136-4b6c-9967-4925febb7d01,LOVE,24,559,247
2026-05-08T07:19:11.613Z,Japanese,Monthly,coban3137,79cf91bc-167e-481f-9a49-b581919560c4,BINARY,13,5651,735
2026-05-08T07:19:11.613Z,Japanese,All Time,-,-,-,0,0,0
2026-05-08T09:08:39.504Z,Global,Now,-,-,-,0,0,0
2026-05-08T09:08:39.504Z,Global,Weekly,-,-,-,0,0,0
2026-05-08T09:08:39.504Z,Global,Monthly,-,-,-,0,0,0
2026-05-08T09:08:39.504Z,Global,All Time,-,-,-,0,0,0
2026-05-08T09:08:39.504Z,Japanese,Now,darari_nu,bb8dc65c-a5f6-4399-9aaf-9b9640dbf08c,Beast,5,1883,418
2026-05-08T09:08:39.504Z,Japanese,Now,coban3137,4baa6e0c-f136-4b6c-9967-4925febb7d01,LOVE,24,559,247
2026-05-08T09:08:39.504Z,Japanese,Weekly,darari_nu,bb8dc65c-a5f6-4399-9aaf-9b9640dbf08c,Beast,5,1883,418
2026-05-08T09:08:39.504Z,Japanese,Weekly,coban3137,4baa6e0c-f136-4b6c-9967-4925febb7d01,LOVE,24,559,247
2026-05-08T09:08:39.504Z,Japanese,Monthly,coban3137,79cf91bc-167e-481f-9a49-b581919560c4,BINARY,13,5651,735
2026-05-08T09:08:39.504Z,Japanese,All Time,-,-,-,0,0,0
2026-05-08T11:05:26.053Z,Global,Now,-,-,-,0,0,0
2026-05-08T11:05:26.053Z,Global,Weekly,-,-,-,0,0,0
2026-05-08T11:05:26.053Z,Global,Monthly,-,-,-,0,0,0
2026-05-08T11:05:26.053Z,Global,All Time,-,-,-,0,0,0
2026-05-08T11:05:26.053Z,Japanese,Now,darari_nu,bb8dc65c-a5f6-4399-9aaf-9b9640dbf08c,Beast,5,1883,418
2026-05-08T11:05:26.053Z,Japanese,Now,coban3137,4baa6e0c-f136-4b6c-9967-4925febb7d01,LOVE,24,566,249
2026-05-08T11:05:26.053Z,Japanese,Weekly,darari_nu,bb8dc65c-a5f6-4399-9aaf-9b9640dbf08c,Beast,5,1883,418
2026-05-08T11:05:26.053Z,Japanese,Weekly,coban3137,4baa6e0c-f136-4b6c-9967-4925febb7d01,LOVE,24,566,249
2026-05-08T11:05:26.053Z,Japanese,Monthly,coban3137,79cf91bc-167e-481f-9a49-b581919560c4,BINARY,13,5651,735
2026-05-08T11:05:26.053Z,Japanese,All Time,-,-,-,0,0,0
2026-05-08T13:17:41.118Z,Global,Now,-,-,-,0,0,0
2026-05-08T13:17:41.118Z,Global,Weekly,-,-,-,0,0,0
2026-05-08T13:17:41.118Z,Global,Monthly,-,-,-,0,0,0
2026-05-08T13:17:41.118Z,Global,All Time,-,-,-,0,0,0
2026-05-08T13:17:41.118Z,Japanese,Now,darari_nu,bb8dc65c-a5f6-4399-9aaf-9b9640dbf08c,Beast,5,1883,419
2026-05-08T13:17:41.118Z,Japanese,Now,coban3137,4baa6e0c-f136-4b6c-9967-4925febb7d01,LOVE,24,566,249
2026-05-08T13:17:41.118Z,Japanese,Weekly,darari_nu,bb8dc65c-a5f6-4399-9aaf-9b9640dbf08c,Beast,5,1883,419
2026-05-08T13:17:41.118Z,Japanese,Weekly,coban3137,4baa6e0c-f136-4b6c-9967-4925febb7d01,LOVE,24,566,249
2026-05-08T13:17:41.118Z,Japanese,Monthly,coban3137,79cf91bc-167e-481f-9a49-b581919560c4,BINARY,13,5651,735
2026-05-08T13:17:41.118Z,Japanese,All Time,-,-,-,0,0,0
2026-05-08T15:15:17.948Z,Global,Now,-,-,-,0,0,0
2026-05-08T15:15:17.948Z,Global,Weekly,-,-,-,0,0,0
2026-05-08T15:15:17.948Z,Global,Monthly,-,-,-,0,0,0
2026-05-08T15:15:17.948Z,Global,All Time,-,-,-,0,0,0
2026-05-08T15:15:17.948Z,Japanese,Now,darari_nu,bb8dc65c-a5f6-4399-9aaf-9b9640dbf08c,Beast,5,1883,419
2026-05-08T15:15:17.948Z,Japanese,Now,coban3137,4baa6e0c-f136-4b6c-9967-4925febb7d01,LOVE,23,566,250
2026-05-08T15:15:17.948Z,Japanese,Weekly,darari_nu,bb8dc65c-a5f6-4399-9aaf-9b9640dbf08c,Beast,5,1883,419
2026-05-08T15:15:17.948Z,Japanese,Weekly,coban3137,4baa6e0c-f136-4b6c-9967-4925febb7d01,LOVE,23,566,250
2026-05-08T15:15:17.948Z,Japanese,Monthly,coban3137,79cf91bc-167e-481f-9a49-b581919560c4,BINARY,13,5651,735
2026-05-08T15:15:17.948Z,Japanese,All Time,-,-,-,0,0,0
2026-05-08T17:05:17.953Z,Global,Now,-,-,-,0,0,0
2026-05-08T17:05:17.953Z,Global,Weekly,-,-,-,0,0,0
2026-05-08T17:05:17.953Z,Global,Monthly,-,-,-,0,0,0
2026-05-08T17:05:17.953Z,Global,All Time,-,-,-,0,0,0
2026-05-08T17:05:17.953Z,Japanese,Now,darari_nu,bb8dc65c-a5f6-4399-9aaf-9b9640dbf08c,Beast,5,1883,419
2026-05-08T17:05:17.953Z,Japanese,Now,coban3137,4baa6e0c-f136-4b6c-9967-4925febb7d01,LOVE,23,566,250
2026-05-08T17:05:17.953Z,Japanese,Weekly,darari_nu,bb8dc65c-a5f6-4399-9aaf-9b9640dbf08c,Beast,5,1883,419
2026-05-08T17:05:17.953Z,Japanese,Weekly,coban3137,4baa6e0c-f136-4b6c-9967-4925febb7d01,LOVE,23,566,250
2026-05-08T17:05:17.953Z,Japanese,Monthly,coban3137,79cf91bc-167e-481f-9a49-b581919560c4,BINARY,13,5651,735
2026-05-08T17:05:17.953Z,Japanese,All Time,-,-,-,0,0,0
2026-05-08T19:06:46.204Z,Global,Now,-,-,-,0,0,0
2026-05-08T19:06:46.204Z,Global,Weekly,-,-,-,0,0,0
2026-05-08T19:06:46.204Z,Global,Monthly,-,-,-,0,0,0
2026-05-08T19:06:46.204Z,Global,All Time,-,-,-,0,0,0
2026-05-08T19:06:46.204Z,Japanese,Now,darari_nu,bb8dc65c-a5f6-4399-9aaf-9b9640dbf08c,Beast,5,1883,419
2026-05-08T19:06:46.204Z,Japanese,Now,coban3137,4baa6e0c-f136-4b6c-9967-4925febb7d01,LOVE,23,566,250
2026-05-08T19:06:46.204Z,Japanese,Weekly,darari_nu,bb8dc65c-a5f6-4399-9aaf-9b9640dbf08c,Beast,5,1883,419
2026-05-08T19:06:46.204Z,Japanese,Weekly,coban3137,4baa6e0c-f136-4b6c-9967-4925febb7d01,LOVE,23,566,250
2026-05-08T19:06:46.204Z,Japanese,Monthly,coban3137,79cf91bc-167e-481f-9a49-b581919560c4,BINARY,13,5651,735
2026-05-08T19:06:46.204Z,Japanese,All Time,-,-,-,0,0,0
2026-05-08T20:50:25.273Z,Global,Now,-,-,-,0,0,0
2026-05-08T20:50:25.273Z,Global,Weekly,-,-,-,0,0,0
2026-05-08T20:50:25.273Z,Global,Monthly,-,-,-,0,0,0
2026-05-08T20:50:25.273Z,Global,All Time,-,-,-,0,0,0
2026-05-08T20:50:25.273Z,Japanese,Now,darari_nu,bb8dc65c-a5f6-4399-9aaf-9b9640dbf08c,Beast,5,1883,419
2026-05-08T20:50:25.273Z,Japanese,Now,coban3137,4baa6e0c-f136-4b6c-9967-4925febb7d01,LOVE,23,575,251
2026-05-08T20:50:25.273Z,Japanese,Weekly,darari_nu,bb8dc65c-a5f6-4399-9aaf-9b9640dbf08c,Beast,5,1883,419
2026-05-08T20:50:25.273Z,Japanese,Weekly,coban3137,4baa6e0c-f136-4b6c-9967-4925febb7d01,LOVE,23,575,251
2026-05-08T20:50:25.273Z,Japanese,Monthly,coban3137,79cf91bc-167e-481f-9a49-b581919560c4,BINARY,13,5651,735
2026-05-08T20:50:25.273Z,Japanese,All Time,-,-,-,0,0,0
2026-05-08T21:52:51.354Z,Global,Now,-,-,-,0,0,0
2026-05-08T21:52:51.354Z,Global,Weekly,-,-,-,0,0,0
2026-05-08T21:52:51.354Z,Global,Monthly,-,-,-,0,0,0
2026-05-08T21:52:51.354Z,Global,All Time,-,-,-,0,0,0
2026-05-08T21:52:51.354Z,Japanese,Now,darari_nu,bb8dc65c-a5f6-4399-9aaf-9b9640dbf08c,Beast,5,1883,419
2026-05-08T21:52:51.354Z,Japanese,Now,coban3137,4baa6e0c-f136-4b6c-9967-4925febb7d01,LOVE,23,575,251
2026-05-08T21:52:51.354Z,Japanese,Weekly,darari_nu,bb8dc65c-a5f6-4399-9aaf-9b9640dbf08c,Beast,5,1883,419
2026-05-08T21:52:51.354Z,Japanese,Weekly,coban3137,4baa6e0c-f136-4b6c-9967-4925febb7d01,LOVE,23,575,251
2026-05-08T21:52:51.354Z,Japanese,Monthly,coban3137,79cf91bc-167e-481f-9a49-b581919560c4,BINARY,13,5651,735
2026-05-08T21:52:51.354Z,Japanese,All Time,-,-,-,0,0,0
2026-05-08T22:48:43.961Z,Global,Now,-,-,-,0,0,0
2026-05-08T22:48:43.961Z,Global,Weekly,-,-,-,0,0,0
2026-05-08T22:48:43.961Z,Global,Monthly,-,-,-,0,0,0
2026-05-08T22:48:43.961Z,Global,All Time,-,-,-,0,0,0
2026-05-08T22:48:43.961Z,Japanese,Now,darari_nu,bb8dc65c-a5f6-4399-9aaf-9b9640dbf08c,Beast,5,1883,419
2026-05-08T22:48:43.961Z,Japanese,Now,coban3137,4baa6e0c-f136-4b6c-9967-4925febb7d01,LOVE,23,575,251
2026-05-08T22:48:43.961Z,Japanese,Weekly,darari_nu,bb8dc65c-a5f6-4399-9aaf-9b9640dbf08c,Beast,5,1883,419
2026-05-08T22:48:43.961Z,Japanese,Weekly,coban3137,4baa6e0c-f136-4b6c-9967-4925febb7d01,LOVE,23,575,251
2026-05-08T22:48:43.961Z,Japanese,Monthly,coban3137,79cf91bc-167e-481f-9a49-b581919560c4,BINARY,13,5651,735
2026-05-08T22:48:43.961Z,Japanese,All Time,-,-,-,0,0,0
2026-05-08T23:49:46.129Z,Global,Now,-,-,-,0,0,0
2026-05-08T23:49:46.129Z,Global,Weekly,-,-,-,0,0,0
2026-05-08T23:49:46.129Z,Global,Monthly,-,-,-,0,0,0
2026-05-08T23:49:46.129Z,Global,All Time,-,-,-,0,0,0
2026-05-08T23:49:46.129Z,Japanese,Now,darari_nu,bb8dc65c-a5f6-4399-9aaf-9b9640dbf08c,Beast,5,1883,419
2026-05-08T23:49:46.129Z,Japanese,Now,coban3137,4baa6e0c-f136-4b6c-9967-4925febb7d01,LOVE,23,575,252
2026-05-08T23:49:46.129Z,Japanese,Weekly,darari_nu,bb8dc65c-a5f6-4399-9aaf-9b9640dbf08c,Beast,5,1883,419
2026-05-08T23:49:46.129Z,Japanese,Weekly,coban3137,4baa6e0c-f136-4b6c-9967-4925febb7d01,LOVE,23,575,252
2026-05-08T23:49:46.129Z,Japanese,Monthly,coban3137,79cf91bc-167e-481f-9a49-b581919560c4,BINARY,13,5651,735
2026-05-08T23:49:46.129Z,Japanese,All Time,-,-,-,0,0,0
2026-05-09T02:07:54.020Z,Global,Now,-,-,-,0,0,0
2026-05-09T02:07:54.020Z,Global,Weekly,-,-,-,0,0,0
2026-05-09T02:07:54.020Z,Global,Monthly,-,-,-,0,0,0
2026-05-09T02:07:54.020Z,Global,All Time,-,-,-,0,0,0
2026-05-09T02:07:54.020Z,Japanese,Now,darari_nu,bb8dc65c-a5f6-4399-9aaf-9b9640dbf08c,Beast,5,1883,419
2026-05-09T02:07:54.020Z,Japanese,Now,coban3137,4baa6e0c-f136-4b6c-9967-4925febb7d01,LOVE,23,575,252
2026-05-09T02:07:54.020Z,Japanese,Weekly,darari_nu,bb8dc65c-a5f6-4399-9aaf-9b9640dbf08c,Beast,5,1883,419
2026-05-09T02:07:54.020Z,Japanese,Weekly,coban3137,4baa6e0c-f136-4b6c-9967-4925febb7d01,LOVE,23,575,252
2026-05-09T02:07:54.020Z,Japanese,Monthly,coban3137,79cf91bc-167e-481f-9a49-b581919560c4,BINARY,13,5651,735
2026-05-09T02:07:54.020Z,Japanese,All Time,-,-,-,0,0,0
2026-05-09T05:41:29.958Z,Global,Now,-,-,-,0,0,0
2026-05-09T05:41:29.958Z,Global,Weekly,-,-,-,0,0,0
2026-05-09T05:41:29.958Z,Global,Monthly,-,-,-,0,0,0
2026-05-09T05:41:29.958Z,Global,All Time,-,-,-,0,0,0
2026-05-09T05:41:29.958Z,Japanese,Now,darari_nu,bb8dc65c-a5f6-4399-9aaf-9b9640dbf08c,Beast,5,1883,420
2026-05-09T05:41:29.958Z,Japanese,Now,coban3137,4baa6e0c-f136-4b6c-9967-4925febb7d01,LOVE,22,575,252
2026-05-09T05:41:29.958Z,Japanese,Weekly,darari_nu,bb8dc65c-a5f6-4399-9aaf-9b9640dbf08c,Beast,5,1883,420
2026-05-09T05:41:29.958Z,Japanese,Weekly,coban3137,4baa6e0c-f136-4b6c-9967-4925febb7d01,LOVE,22,575,252
2026-05-09T05:41:29.958Z,Japanese,Monthly,coban3137,79cf91bc-167e-481f-9a49-b581919560c4,BINARY,13,5651,735
2026-05-09T05:41:29.958Z,Japanese,All Time,-,-,-,0,0,0
2026-05-09T07:46:07.143Z,Global,Now,-,-,-,0,0,0
2026-05-09T07:46:07.143Z,Global,Weekly,-,-,-,0,0,0
2026-05-09T07:46:07.143Z,Global,Monthly,-,-,-,0,0,0
2026-05-09T07:46:07.143Z,Global,All Time,-,-,-,0,0,0
2026-05-09T07:46:07.143Z,Japanese,Now,darari_nu,bb8dc65c-a5f6-4399-9aaf-9b9640dbf08c,Beast,5,1883,420
2026-05-09T07:46:07.143Z,Japanese,Now,coban3137,4baa6e0c-f136-4b6c-9967-4925febb7d01,LOVE,22,584,252
2026-05-09T07:46:07.143Z,Japanese,Weekly,darari_nu,bb8dc65c-a5f6-4399-9aaf-9b9640dbf08c,Beast,5,1883,420
2026-05-09T07:46:07.143Z,Japanese,Weekly,coban3137,4baa6e0c-f136-4b6c-9967-4925febb7d01,LOVE,22,584,252
2026-05-09T07:46:07.143Z,Japanese,Monthly,coban3137,79cf91bc-167e-481f-9a49-b581919560c4,BINARY,13,5651,735
2026-05-09T07:46:07.143Z,Japanese,All Time,-,-,-,0,0,0
2026-05-09T09:11:04.322Z,Global,Now,-,-,-,0,0,0
2026-05-09T09:11:04.322Z,Global,Weekly,-,-,-,0,0,0
2026-05-09T09:11:04.322Z,Global,Monthly,-,-,-,0,0,0
2026-05-09T09:11:04.322Z,Global,All Time,-,-,-,0,0,0
2026-05-09T09:11:04.322Z,Japanese,Now,darari_nu,bb8dc65c-a5f6-4399-9aaf-9b9640dbf08c,Beast,5,1883,420
2026-05-09T09:11:04.322Z,Japanese,Now,coban3137,4baa6e0c-f136-4b6c-9967-4925febb7d01,LOVE,21,591,252
2026-05-09T09:11:04.322Z,Japanese,Weekly,darari_nu,bb8dc65c-a5f6-4399-9aaf-9b9640dbf08c,Beast,5,1883,420
2026-05-09T09:11:04.322Z,Japanese,Weekly,coban3137,4baa6e0c-f136-4b6c-9967-4925febb7d01,LOVE,21,591,252
2026-05-09T09:11:04.322Z,Japanese,Monthly,coban3137,79cf91bc-167e-481f-9a49-b581919560c4,BINARY,13,5651,735
2026-05-09T09:11:04.322Z,Japanese,All Time,-,-,-,0,0,0
2026-05-09T10:50:23.345Z,Global,Now,-,-,-,0,0,0
2026-05-09T10:50:23.345Z,Global,Weekly,-,-,-,0,0,0
2026-05-09T10:50:23.345Z,Global,Monthly,-,-,-,0,0,0
2026-05-09T10:50:23.345Z,Global,All Time,-,-,-,0,0,0
2026-05-09T10:50:23.345Z,Japanese,Now,darari_nu,bb8dc65c-a5f6-4399-9aaf-9b9640dbf08c,Beast,5,1883,420
2026-05-09T10:50:23.345Z,Japanese,Now,coban3137,4baa6e0c-f136-4b6c-9967-4925febb7d01,LOVE,20,591,252
2026-05-09T10:50:23.345Z,Japanese,Weekly,darari_nu,bb8dc65c-a5f6-4399-9aaf-9b9640dbf08c,Beast,5,1883,420
2026-05-09T10:50:23.345Z,Japanese,Weekly,coban3137,4baa6e0c-f136-4b6c-9967-4925febb7d01,LOVE,20,591,252
2026-05-09T10:50:23.345Z,Japanese,Monthly,coban3137,79cf91bc-167e-481f-9a49-b581919560c4,BINARY,13,5651,735
2026-05-09T10:50:23.345Z,Japanese,All Time,-,-,-,0,0,0
2026-05-09T11:43:09.794Z,Global,Now,-,-,-,0,0,0
2026-05-09T11:43:09.794Z,Global,Weekly,-,-,-,0,0,0
2026-05-09T11:43:09.794Z,Global,Monthly,-,-,-,0,0,0
2026-05-09T11:43:09.794Z,Global,All Time,-,-,-,0,0,0
2026-05-09T11:43:09.794Z,Japanese,Now,darari_nu,bb8dc65c-a5f6-4399-9aaf-9b9640dbf08c,Beast,5,1883,420
2026-05-09T11:43:09.794Z,Japanese,Now,coban3137,4baa6e0c-f136-4b6c-9967-4925febb7d01,LOVE,19,591,252
2026-05-09T11:43:09.794Z,Japanese,Weekly,darari_nu,bb8dc65c-a5f6-4399-9aaf-9b9640dbf08c,Beast,5,1883,420
2026-05-09T11:43:09.794Z,Japanese,Weekly,coban3137,4baa6e0c-f136-4b6c-9967-4925febb7d01,LOVE,19,591,252
2026-05-09T11:43:09.794Z,Japanese,Monthly,coban3137,79cf91bc-167e-481f-9a49-b581919560c4,BINARY,13,5651,735
2026-05-09T11:43:09.794Z,Japanese,All Time,-,-,-,0,0,0
2026-05-09T12:58:55.916Z,Global,Now,-,-,-,0,0,0
2026-05-09T12:58:55.916Z,Global,Weekly,-,-,-,0,0,0
2026-05-09T12:58:55.916Z,Global,Monthly,-,-,-,0,0,0
2026-05-09T12:58:55.916Z,Global,All Time,-,-,-,0,0,0
2026-05-09T12:58:55.916Z,Japanese,Now,darari_nu,bb8dc65c-a5f6-4399-9aaf-9b9640dbf08c,Beast,5,1883,420
2026-05-09T12:58:55.916Z,Japanese,Now,coban3137,4baa6e0c-f136-4b6c-9967-4925febb7d01,LOVE,19,591,252
2026-05-09T12:58:55.916Z,Japanese,Weekly,darari_nu,bb8dc65c-a5f6-4399-9aaf-9b9640dbf08c,Beast,5,1883,420
2026-05-09T12:58:55.916Z,Japanese,Weekly,coban3137,4baa6e0c-f136-4b6c-9967-4925febb7d01,LOVE,19,591,252
2026-05-09T12:58:55.916Z,Japanese,Monthly,coban3137,79cf91bc-167e-481f-9a49-b581919560c4,BINARY,13,5651,735
2026-05-09T12:58:55.916Z,Japanese,All Time,-,-,-,0,0,0
2026-05-09T14:17:31.133Z,Global,Now,-,-,-,0,0,0
2026-05-09T14:17:31.133Z,Global,Weekly,-,-,-,0,0,0
2026-05-09T14:17:31.133Z,Global,Monthly,-,-,-,0,0,0
2026-05-09T14:17:31.133Z,Global,All Time,-,-,-,0,0,0
2026-05-09T14:17:31.133Z,Japanese,Now,darari_nu,bb8dc65c-a5f6-4399-9aaf-9b9640dbf08c,Beast,5,1883,420
2026-05-09T14:17:31.133Z,Japanese,Now,coban3137,4baa6e0c-f136-4b6c-9967-4925febb7d01,LOVE,19,591,254
2026-05-09T14:17:31.133Z,Japanese,Weekly,darari_nu,bb8dc65c-a5f6-4399-9aaf-9b9640dbf08c,Beast,5,1883,420
2026-05-09T14:17:31.133Z,Japanese,Weekly,coban3137,4baa6e0c-f136-4b6c-9967-4925febb7d01,LOVE,19,591,254
2026-05-09T14:17:31.133Z,Japanese,Monthly,coban3137,79cf91bc-167e-481f-9a49-b581919560c4,BINARY,13,5651,735
2026-05-09T14:17:31.133Z,Japanese,All Time,-,-,-,0,0,0
2026-05-09T15:43:25.578Z,Global,Now,-,-,-,0,0,0
2026-05-09T15:43:25.578Z,Global,Weekly,-,-,-,0,0,0
2026-05-09T15:43:25.578Z,Global,Monthly,-,-,-,0,0,0
2026-05-09T15:43:25.578Z,Global,All Time,-,-,-,0,0,0
2026-05-09T15:43:25.578Z,Japanese,Now,darari_nu,bb8dc65c-a5f6-4399-9aaf-9b9640dbf08c,Beast,5,1883,420
2026-05-09T15:43:25.578Z,Japanese,Now,coban3137,4baa6e0c-f136-4b6c-9967-4925febb7d01,LOVE,19,591,254
2026-05-09T15:43:25.578Z,Japanese,Weekly,darari_nu,bb8dc65c-a5f6-4399-9aaf-9b9640dbf08c,Beast,5,1883,420
2026-05-09T15:43:25.578Z,Japanese,Weekly,coban3137,4baa6e0c-f136-4b6c-9967-4925febb7d01,LOVE,19,591,254
2026-05-09T15:43:25.578Z,Japanese,Monthly,coban3137,79cf91bc-167e-481f-9a49-b581919560c4,BINARY,13,5651,735
2026-05-09T15:43:25.578Z,Japanese,All Time,-,-,-,0,0,0
2026-05-09T16:43:24.501Z,Global,Now,-,-,-,0,0,0
2026-05-09T16:43:24.501Z,Global,Weekly,-,-,-,0,0,0
2026-05-09T16:43:24.501Z,Global,Monthly,-,-,-,0,0,0
2026-05-09T16:43:24.501Z,Global,All Time,-,-,-,0,0,0
2026-05-09T16:43:24.501Z,Japanese,Now,darari_nu,bb8dc65c-a5f6-4399-9aaf-9b9640dbf08c,Beast,5,1883,420
2026-05-09T16:43:24.501Z,Japanese,Now,coban3137,4baa6e0c-f136-4b6c-9967-4925febb7d01,LOVE,19,591,254
2026-05-09T16:43:24.501Z,Japanese,Weekly,darari_nu,bb8dc65c-a5f6-4399-9aaf-9b9640dbf08c,Beast,5,1883,420
2026-05-09T16:43:24.501Z,Japanese,Weekly,coban3137,4baa6e0c-f136-4b6c-9967-4925febb7d01,LOVE,19,591,254
2026-05-09T16:43:24.501Z,Japanese,Monthly,coban3137,79cf91bc-167e-481f-9a49-b581919560c4,BINARY,13,5651,735
2026-05-09T16:43:24.501Z,Japanese,All Time,-,-,-,0,0,0
2026-05-09T17:42:54.377Z,Global,Now,-,-,-,0,0,0
2026-05-09T17:42:54.377Z,Global,Weekly,-,-,-,0,0,0
2026-05-09T17:42:54.377Z,Global,Monthly,-,-,-,0,0,0
2026-05-09T17:42:54.377Z,Global,All Time,-,-,-,0,0,0
2026-05-09T17:42:54.377Z,Japanese,Now,darari_nu,bb8dc65c-a5f6-4399-9aaf-9b9640dbf08c,Beast,5,1883,420
2026-05-09T17:42:54.377Z,Japanese,Now,coban3137,4baa6e0c-f136-4b6c-9967-4925febb7d01,LOVE,19,591,254
2026-05-09T17:42:54.377Z,Japanese,Weekly,darari_nu,bb8dc65c-a5f6-4399-9aaf-9b9640dbf08c,Beast,5,1883,420
2026-05-09T17:42:54.377Z,Japanese,Weekly,coban3137,4baa6e0c-f136-4b6c-9967-4925febb7d01,LOVE,19,591,254
2026-05-09T17:42:54.377Z,Japanese,Monthly,coban3137,79cf91bc-167e-481f-9a49-b581919560c4,BINARY,13,5651,735
2026-05-09T17:42:54.377Z,Japanese,All Time,-,-,-,0,0,0
2026-05-09T18:48:52.492Z,Global,Now,-,-,-,0,0,0
2026-05-09T18:48:52.492Z,Global,Weekly,-,-,-,0,0,0
2026-05-09T18:48:52.492Z,Global,Monthly,-,-,-,0,0,0
2026-05-09T18:48:52.492Z,Global,All Time,-,-,-,0,0,0
2026-05-09T18:48:52.492Z,Japanese,Now,darari_nu,bb8dc65c-a5f6-4399-9aaf-9b9640dbf08c,Beast,5,1883,420
2026-05-09T18:48:52.492Z,Japanese,Now,coban3137,4baa6e0c-f136-4b6c-9967-4925febb7d01,LOVE,19,598,254
2026-05-09T18:48:52.492Z,Japanese,Weekly,darari_nu,bb8dc65c-a5f6-4399-9aaf-9b9640dbf08c,Beast,5,1883,420
2026-05-09T18:48:52.492Z,Japanese,Weekly,coban3137,4baa6e0c-f136-4b6c-9967-4925febb7d01,LOVE,19,598,254
2026-05-09T18:48:52.492Z,Japanese,Monthly,coban3137,79cf91bc-167e-481f-9a49-b581919560c4,BINARY,13,5651,735
2026-05-09T18:48:52.492Z,Japanese,All Time,-,-,-,0,0,0
2026-05-09T19:52:27.251Z,Global,Now,-,-,-,0,0,0
2026-05-09T19:52:27.251Z,Global,Weekly,-,-,-,0,0,0
2026-05-09T19:52:27.251Z,Global,Monthly,-,-,-,0,0,0
2026-05-09T19:52:27.251Z,Global,All Time,-,-,-,0,0,0
2026-05-09T19:52:27.251Z,Japanese,Now,darari_nu,bb8dc65c-a5f6-4399-9aaf-9b9640dbf08c,Beast,5,1883,420
2026-05-09T19:52:27.251Z,Japanese,Now,coban3137,4baa6e0c-f136-4b6c-9967-4925febb7d01,LOVE,19,605,255
2026-05-09T19:52:27.251Z,Japanese,Weekly,darari_nu,bb8dc65c-a5f6-4399-9aaf-9b9640dbf08c,Beast,5,1883,420
2026-05-09T19:52:27.251Z,Japanese,Weekly,coban3137,4baa6e0c-f136-4b6c-9967-4925febb7d01,LOVE,19,605,255
2026-05-09T19:52:27.251Z,Japanese,Monthly,coban3137,79cf91bc-167e-481f-9a49-b581919560c4,BINARY,13,5651,735
2026-05-09T19:52:27.251Z,Japanese,All Time,-,-,-,0,0,0
2026-05-09T20:37:02.665Z,Global,Now,-,-,-,0,0,0
2026-05-09T20:37:02.665Z,Global,Weekly,-,-,-,0,0,0
2026-05-09T20:37:02.665Z,Global,Monthly,-,-,-,0,0,0
2026-05-09T20:37:02.665Z,Global,All Time,-,-,-,0,0,0
2026-05-09T20:37:02.665Z,Japanese,Now,darari_nu,bb8dc65c-a5f6-4399-9aaf-9b9640dbf08c,Beast,5,1883,420
2026-05-09T20:37:02.665Z,Japanese,Now,coban3137,4baa6e0c-f136-4b6c-9967-4925febb7d01,LOVE,19,605,255
2026-05-09T20:37:02.665Z,Japanese,Weekly,darari_nu,bb8dc65c-a5f6-4399-9aaf-9b9640dbf08c,Beast,5,1883,420
2026-05-09T20:37:02.665Z,Japanese,Weekly,coban3137,4baa6e0c-f136-4b6c-9967-4925febb7d01,LOVE,19,605,255
2026-05-09T20:37:02.665Z,Japanese,Monthly,coban3137,79cf91bc-167e-481f-9a49-b581919560c4,BINARY,13,5651,735
2026-05-09T20:37:02.665Z,Japanese,All Time,-,-,-,0,0,0
2026-05-09T21:36:36.343Z,Global,Now,-,-,-,0,0,0
2026-05-09T21:36:36.343Z,Global,Weekly,-,-,-,0,0,0
2026-05-09T21:36:36.343Z,Global,Monthly,-,-,-,0,0,0
2026-05-09T21:36:36.343Z,Global,All Time,-,-,-,0,0,0
2026-05-09T21:36:36.343Z,Japanese,Now,darari_nu,bb8dc65c-a5f6-4399-9aaf-9b9640dbf08c,Beast,5,1883,420
2026-05-09T21:36:36.343Z,Japanese,Now,coban3137,4baa6e0c-f136-4b6c-9967-4925febb7d01,LOVE,19,605,255
2026-05-09T21:36:36.343Z,Japanese,Weekly,darari_nu,bb8dc65c-a5f6-4399-9aaf-9b9640dbf08c,Beast,5,1883,420
2026-05-09T21:36:36.343Z,Japanese,Weekly,coban3137,4baa6e0c-f136-4b6c-9967-4925febb7d01,LOVE,19,605,255
2026-05-09T21:36:36.343Z,Japanese,Monthly,coban3137,79cf91bc-167e-481f-9a49-b581919560c4,BINARY,13,5651,735
2026-05-09T21:36:36.343Z,Japanese,All Time,-,-,-,0,0,0
2026-05-09T22:35:31.677Z,Global,Now,-,-,-,0,0,0
2026-05-09T22:35:31.677Z,Global,Weekly,-,-,-,0,0,0
2026-05-09T22:35:31.677Z,Global,Monthly,-,-,-,0,0,0
2026-05-09T22:35:31.677Z,Global,All Time,-,-,-,0,0,0
2026-05-09T22:35:31.677Z,Japanese,Now,darari_nu,bb8dc65c-a5f6-4399-9aaf-9b9640dbf08c,Beast,5,1883,420
2026-05-09T22:35:31.677Z,Japanese,Now,coban3137,4baa6e0c-f136-4b6c-9967-4925febb7d01,LOVE,19,605,255
2026-05-09T22:35:31.677Z,Japanese,Weekly,darari_nu,bb8dc65c-a5f6-4399-9aaf-9b9640dbf08c,Beast,5,1883,420
2026-05-09T22:35:31.677Z,Japanese,Weekly,coban3137,4baa6e0c-f136-4b6c-9967-4925febb7d01,LOVE,19,605,255
2026-05-09T22:35:31.677Z,Japanese,Monthly,coban3137,79cf91bc-167e-481f-9a49-b581919560c4,BINARY,13,5651,735
2026-05-09T22:35:31.677Z,Japanese,All Time,-,-,-,0,0,0
2026-05-09T23:39:30.584Z,Global,Now,-,-,-,0,0,0
2026-05-09T23:39:30.584Z,Global,Weekly,-,-,-,0,0,0
2026-05-09T23:39:30.584Z,Global,Monthly,-,-,-,0,0,0
2026-05-09T23:39:30.584Z,Global,All Time,-,-,-,0,0,0
2026-05-09T23:39:30.584Z,Japanese,Now,darari_nu,bb8dc65c-a5f6-4399-9aaf-9b9640dbf08c,Beast,5,1883,420
2026-05-09T23:39:30.584Z,Japanese,Now,coban3137,4baa6e0c-f136-4b6c-9967-4925febb7d01,LOVE,19,605,255
2026-05-09T23:39:30.584Z,Japanese,Weekly,darari_nu,bb8dc65c-a5f6-4399-9aaf-9b9640dbf08c,Beast,5,1883,420
2026-05-09T23:39:30.584Z,Japanese,Weekly,coban3137,4baa6e0c-f136-4b6c-9967-4925febb7d01,LOVE,19,605,255
2026-05-09T23:39:30.584Z,Japanese,Monthly,coban3137,79cf91bc-167e-481f-9a49-b581919560c4,BINARY,13,5651,735
2026-05-09T23:39:30.584Z,Japanese,All Time,-,-,-,0,0,0
2026-05-10T02:08:42.167Z,Global,Now,-,-,-,0,0,0
2026-05-10T02:08:42.167Z,Global,Weekly,-,-,-,0,0,0
2026-05-10T02:08:42.167Z,Global,Monthly,-,-,-,0,0,0
2026-05-10T02:08:42.167Z,Global,All Time,-,-,-,0,0,0
2026-05-10T02:08:42.167Z,Japanese,Now,-,-,-,0,0,0
2026-05-10T02:08:42.167Z,Japanese,Weekly,darari_nu,bb8dc65c-a5f6-4399-9aaf-9b9640dbf08c,Beast,5,1883,420
2026-05-10T02:08:42.167Z,Japanese,Weekly,coban3137,4baa6e0c-f136-4b6c-9967-4925febb7d01,LOVE,19,605,256
2026-05-10T02:08:42.167Z,Japanese,Monthly,coban3137,79cf91bc-167e-481f-9a49-b581919560c4,BINARY,13,5651,735
2026-05-10T02:08:42.167Z,Japanese,All Time,-,-,-,0,0,0
2026-05-10T05:57:08.027Z,Global,Now,-,-,-,0,0,0
2026-05-10T05:57:08.027Z,Global,Weekly,-,-,-,0,0,0
2026-05-10T05:57:08.027Z,Global,Monthly,-,-,-,0,0,0
2026-05-10T05:57:08.027Z,Global,All Time,-,-,-,0,0,0
2026-05-10T05:57:08.027Z,Japanese,Now,-,-,-,0,0,0
2026-05-10T05:57:08.027Z,Japanese,Weekly,darari_nu,bb8dc65c-a5f6-4399-9aaf-9b9640dbf08c,Beast,5,1883,420
2026-05-10T05:57:08.027Z,Japanese,Weekly,coban3137,4baa6e0c-f136-4b6c-9967-4925febb7d01,LOVE,19,612,256
2026-05-10T05:57:08.027Z,Japanese,Monthly,coban3137,79cf91bc-167e-481f-9a49-b581919560c4,BINARY,13,5651,735
2026-05-10T05:57:08.027Z,Japanese,All Time,-,-,-,0,0,0
2026-05-10T08:04:17.691Z,Global,Now,-,-,-,0,0,0
2026-05-10T08:04:17.691Z,Global,Weekly,-,-,-,0,0,0
2026-05-10T08:04:17.691Z,Global,Monthly,-,-,-,0,0,0
2026-05-10T08:04:17.691Z,Global,All Time,-,-,-,0,0,0
2026-05-10T08:04:17.691Z,Japanese,Now,-,-,-,0,0,0
2026-05-10T08:04:17.691Z,Japanese,Weekly,darari_nu,bb8dc65c-a5f6-4399-9aaf-9b9640dbf08c,Beast,5,1883,420
2026-05-10T08:04:17.691Z,Japanese,Weekly,coban3137,4baa6e0c-f136-4b6c-9967-4925febb7d01,LOVE,18,612,256
2026-05-10T08:04:17.691Z,Japanese,Monthly,coban3137,79cf91bc-167e-481f-9a49-b581919560c4,BINARY,13,5651,735
2026-05-10T08:04:17.691Z,Japanese,All Time,-,-,-,0,0,0
2026-05-10T10:07:01.594Z,Global,Now,-,-,-,0,0,0
2026-05-10T10:07:01.594Z,Global,Weekly,-,-,-,0,0,0
2026-05-10T10:07:01.594Z,Global,Monthly,-,-,-,0,0,0
2026-05-10T10:07:01.594Z,Global,All Time,-,-,-,0,0,0
2026-05-10T10:07:01.594Z,Japanese,Now,-,-,-,0,0,0
2026-05-10T10:07:01.594Z,Japanese,Weekly,darari_nu,bb8dc65c-a5f6-4399-9aaf-9b9640dbf08c,Beast,5,1883,420
2026-05-10T10:07:01.594Z,Japanese,Weekly,coban3137,4baa6e0c-f136-4b6c-9967-4925febb7d01,LOVE,17,612,256
2026-05-10T10:07:01.594Z,Japanese,Monthly,coban3137,79cf91bc-167e-481f-9a49-b581919560c4,BINARY,13,5651,735
2026-05-10T10:07:01.594Z,Japanese,All Time,-,-,-,0,0,0
2026-05-10T11:43:28.186Z,Global,Now,-,-,-,0,0,0
2026-05-10T11:43:28.186Z,Global,Weekly,-,-,-,0,0,0
2026-05-10T11:43:28.186Z,Global,Monthly,-,-,-,0,0,0
2026-05-10T11:43:28.186Z,Global,All Time,-,-,-,0,0,0
2026-05-10T11:43:28.186Z,Japanese,Now,-,-,-,0,0,0
2026-05-10T11:43:28.186Z,Japanese,Weekly,darari_nu,bb8dc65c-a5f6-4399-9aaf-9b9640dbf08c,Beast,5,1883,420
2026-05-10T11:43:28.186Z,Japanese,Weekly,coban3137,4baa6e0c-f136-4b6c-9967-4925febb7d01,LOVE,17,612,256
2026-05-10T11:43:28.186Z,Japanese,Monthly,coban3137,79cf91bc-167e-481f-9a49-b581919560c4,BINARY,13,5651,735
2026-05-10T11:43:28.186Z,Japanese,All Time,-,-,-,0,0,0
2026-05-10T13:00:11.223Z,Global,Now,-,-,-,0,0,0
2026-05-10T13:00:11.223Z,Global,Weekly,-,-,-,0,0,0
2026-05-10T13:00:11.223Z,Global,Monthly,-,-,-,0,0,0
2026-05-10T13:00:11.223Z,Global,All Time,-,-,-,0,0,0
2026-05-10T13:00:11.223Z,Japanese,Now,-,-,-,0,0,0
2026-05-10T13:00:11.223Z,Japanese,Weekly,darari_nu,c6e83917-aead-4a3e-b6aa-9f825fa1471d,The Antidote,11,868,324
2026-05-10T13:00:11.223Z,Japanese,Weekly,coban3137,4baa6e0c-f136-4b6c-9967-4925febb7d01,LOVE,17,612,257
2026-05-10T13:00:11.223Z,Japanese,Monthly,coban3137,79cf91bc-167e-481f-9a49-b581919560c4,BINARY,13,5651,735
2026-05-10T13:00:11.223Z,Japanese,All Time,-,-,-,0,0,0
2026-05-10T14:21:13.137Z,Global,Now,-,-,-,0,0,0
2026-05-10T14:21:13.137Z,Global,Weekly,-,-,-,0,0,0
2026-05-10T14:21:13.137Z,Global,Monthly,-,-,-,0,0,0
2026-05-10T14:21:13.137Z,Global,All Time,-,-,-,0,0,0
2026-05-10T14:21:13.137Z,Japanese,Now,-,-,-,0,0,0
2026-05-10T14:21:13.137Z,Japanese,Weekly,darari_nu,c6e83917-aead-4a3e-b6aa-9f825fa1471d,The Antidote,11,868,324
2026-05-10T14:21:13.137Z,Japanese,Weekly,coban3137,4baa6e0c-f136-4b6c-9967-4925febb7d01,LOVE,17,612,257
2026-05-10T14:21:13.137Z,Japanese,Monthly,coban3137,79cf91bc-167e-481f-9a49-b581919560c4,BINARY,13,5651,735
2026-05-10T14:21:13.137Z,Japanese,All Time,-,-,-,0,0,0
2026-05-10T15:44:18.006Z,Global,Now,-,-,-,0,0,0
2026-05-10T15:44:18.006Z,Global,Weekly,-,-,-,0,0,0
2026-05-10T15:44:18.006Z,Global,Monthly,-,-,-,0,0,0
2026-05-10T15:44:18.006Z,Global,All Time,-,-,-,0,0,0
2026-05-10T15:44:18.006Z,Japanese,Now,-,-,-,0,0,0
2026-05-10T15:44:18.006Z,Japanese,Weekly,darari_nu,c6e83917-aead-4a3e-b6aa-9f825fa1471d,The Antidote,11,868,324
2026-05-10T15:44:18.006Z,Japanese,Weekly,coban3137,4baa6e0c-f136-4b6c-9967-4925febb7d01,LOVE,17,612,257
2026-05-10T15:44:18.006Z,Japanese,Monthly,coban3137,79cf91bc-167e-481f-9a49-b581919560c4,BINARY,13,5651,735
2026-05-10T15:44:18.006Z,Japanese,All Time,-,-,-,0,0,0
2026-05-10T16:43:55.706Z,Global,Now,-,-,-,0,0,0
2026-05-10T16:43:55.706Z,Global,Weekly,-,-,-,0,0,0
2026-05-10T16:43:55.706Z,Global,Monthly,-,-,-,0,0,0
2026-05-10T16:43:55.706Z,Global,All Time,-,-,-,0,0,0
2026-05-10T16:43:55.706Z,Japanese,Now,-,-,-,0,0,0
2026-05-10T16:43:55.706Z,Japanese,Weekly,darari_nu,c6e83917-aead-4a3e-b6aa-9f825fa1471d,The Antidote,11,868,324
2026-05-10T16:43:55.706Z,Japanese,Weekly,coban3137,4baa6e0c-f136-4b6c-9967-4925febb7d01,LOVE,17,612,257
2026-05-10T16:43:55.706Z,Japanese,Monthly,coban3137,79cf91bc-167e-481f-9a49-b581919560c4,BINARY,13,5651,735
2026-05-10T16:43:55.706Z,Japanese,All Time,-,-,-,0,0,0
2026-05-10T17:43:42.874Z,Global,Now,-,-,-,0,0,0
2026-05-10T17:43:42.874Z,Global,Weekly,-,-,-,0,0,0
2026-05-10T17:43:42.874Z,Global,Monthly,-,-,-,0,0,0
2026-05-10T17:43:42.874Z,Global,All Time,-,-,-,0,0,0
2026-05-10T17:43:42.874Z,Japanese,Now,-,-,-,0,0,0
2026-05-10T17:43:42.874Z,Japanese,Weekly,darari_nu,c6e83917-aead-4a3e-b6aa-9f825fa1471d,The Antidote,11,868,324
2026-05-10T17:43:42.874Z,Japanese,Weekly,coban3137,4baa6e0c-f136-4b6c-9967-4925febb7d01,LOVE,17,612,257
2026-05-10T17:43:42.874Z,Japanese,Monthly,coban3137,79cf91bc-167e-481f-9a49-b581919560c4,BINARY,13,5651,735
2026-05-10T17:43:42.874Z,Japanese,All Time,-,-,-,0,0,0
2026-05-10T18:50:19.510Z,Global,Now,-,-,-,0,0,0
2026-05-10T18:50:19.510Z,Global,Weekly,-,-,-,0,0,0
2026-05-10T18:50:19.510Z,Global,Monthly,-,-,-,0,0,0
2026-05-10T18:50:19.510Z,Global,All Time,-,-,-,0,0,0
2026-05-10T18:50:19.510Z,Japanese,Now,-,-,-,0,0,0
2026-05-10T18:50:19.510Z,Japanese,Weekly,darari_nu,c6e83917-aead-4a3e-b6aa-9f825fa1471d,The Antidote,11,868,324
2026-05-10T18:50:19.510Z,Japanese,Weekly,coban3137,4baa6e0c-f136-4b6c-9967-4925febb7d01,LOVE,17,612,257
2026-05-10T18:50:19.510Z,Japanese,Monthly,coban3137,79cf91bc-167e-481f-9a49-b581919560c4,BINARY,13,5651,735
2026-05-10T18:50:19.510Z,Japanese,All Time,-,-,-,0,0,0
2026-05-10T19:54:30.182Z,Global,Now,-,-,-,0,0,0
2026-05-10T19:54:30.182Z,Global,Weekly,-,-,-,0,0,0
2026-05-10T19:54:30.182Z,Global,Monthly,-,-,-,0,0,0
2026-05-10T19:54:30.182Z,Global,All Time,-,-,-,0,0,0
2026-05-10T19:54:30.182Z,Japanese,Now,-,-,-,0,0,0
2026-05-10T19:54:30.182Z,Japanese,Weekly,darari_nu,c6e83917-aead-4a3e-b6aa-9f825fa1471d,The Antidote,11,868,324
2026-05-10T19:54:30.182Z,Japanese,Weekly,coban3137,4baa6e0c-f136-4b6c-9967-4925febb7d01,LOVE,17,612,257
2026-05-10T19:54:30.182Z,Japanese,Monthly,coban3137,79cf91bc-167e-481f-9a49-b581919560c4,BINARY,13,5651,735
2026-05-10T19:54:30.182Z,Japanese,All Time,-,-,-,0,0,0
2026-05-10T20:39:59.730Z,Global,Now,-,-,-,0,0,0
2026-05-10T20:39:59.730Z,Global,Weekly,-,-,-,0,0,0
2026-05-10T20:39:59.730Z,Global,Monthly,-,-,-,0,0,0
2026-05-10T20:39:59.730Z,Global,All Time,-,-,-,0,0,0
2026-05-10T20:39:59.730Z,Japanese,Now,-,-,-,0,0,0
2026-05-10T20:39:59.730Z,Japanese,Weekly,darari_nu,c6e83917-aead-4a3e-b6aa-9f825fa1471d,The Antidote,11,868,324
2026-05-10T20:39:59.730Z,Japanese,Weekly,coban3137,4baa6e0c-f136-4b6c-9967-4925febb7d01,LOVE,17,612,257
2026-05-10T20:39:59.730Z,Japanese,Monthly,coban3137,79cf91bc-167e-481f-9a49-b581919560c4,BINARY,13,5651,735
2026-05-10T20:39:59.730Z,Japanese,All Time,-,-,-,0,0,0
2026-05-10T21:40:29.729Z,Global,Now,-,-,-,0,0,0
2026-05-10T21:40:29.729Z,Global,Weekly,-,-,-,0,0,0
2026-05-10T21:40:29.729Z,Global,Monthly,-,-,-,0,0,0
2026-05-10T21:40:29.729Z,Global,All Time,-,-,-,0,0,0
2026-05-10T21:40:29.729Z,Japanese,Now,-,-,-,0,0,0
2026-05-10T21:40:29.729Z,Japanese,Weekly,darari_nu,c6e83917-aead-4a3e-b6aa-9f825fa1471d,The Antidote,11,868,324
2026-05-10T21:40:29.729Z,Japanese,Weekly,coban3137,4baa6e0c-f136-4b6c-9967-4925febb7d01,LOVE,17,612,257
2026-05-10T21:40:29.729Z,Japanese,Monthly,coban3137,79cf91bc-167e-481f-9a49-b581919560c4,BINARY,13,5651,735
2026-05-10T21:40:29.729Z,Japanese,All Time,-,-,-,0,0,0
2026-05-10T22:38:32.831Z,Global,Now,-,-,-,0,0,0
2026-05-10T22:38:32.831Z,Global,Weekly,-,-,-,0,0,0
2026-05-10T22:38:32.831Z,Global,Monthly,-,-,-,0,0,0
2026-05-10T22:38:32.831Z,Global,All Time,-,-,-,0,0,0
2026-05-10T22:38:32.831Z,Japanese,Now,-,-,-,0,0,0
2026-05-10T22:38:32.831Z,Japanese,Weekly,darari_nu,c6e83917-aead-4a3e-b6aa-9f825fa1471d,The Antidote,11,868,324
2026-05-10T22:38:32.831Z,Japanese,Weekly,coban3137,4baa6e0c-f136-4b6c-9967-4925febb7d01,LOVE,17,612,257
2026-05-10T22:38:32.831Z,Japanese,Monthly,coban3137,79cf91bc-167e-481f-9a49-b581919560c4,BINARY,13,5651,735
2026-05-10T22:38:32.831Z,Japanese,All Time,-,-,-,0,0,0
2026-05-10T23:43:08.325Z,Global,Now,-,-,-,0,0,0
2026-05-10T23:43:08.325Z,Global,Weekly,-,-,-,0,0,0
2026-05-10T23:43:08.325Z,Global,Monthly,-,-,-,0,0,0
2026-05-10T23:43:08.325Z,Global,All Time,-,-,-,0,0,0
2026-05-10T23:43:08.325Z,Japanese,Now,-,-,-,0,0,0
2026-05-10T23:43:08.325Z,Japanese,Weekly,darari_nu,c6e83917-aead-4a3e-b6aa-9f825fa1471d,The Antidote,11,868,324
2026-05-10T23:43:08.325Z,Japanese,Weekly,coban3137,4baa6e0c-f136-4b6c-9967-4925febb7d01,LOVE,17,612,257
2026-05-10T23:43:08.325Z,Japanese,Monthly,coban3137,79cf91bc-167e-481f-9a49-b581919560c4,BINARY,13,5651,735
2026-05-10T23:43:08.325Z,Japanese,All Time,-,-,-,0,0,0
2026-05-11T02:27:28.667Z,Global,Now,-,-,-,0,0,0
2026-05-11T02:27:28.667Z,Global,Weekly,-,-,-,0,0,0
2026-05-11T02:27:28.667Z,Global,Monthly,-,-,-,0,0,0
2026-05-11T02:27:28.667Z,Global,All Time,-,-,-,0,0,0
2026-05-11T02:27:28.667Z,Japanese,Now,darari_nu,c6e83917-aead-4a3e-b6aa-9f825fa1471d,The Antidote,11,868,324
2026-05-11T02:27:28.667Z,Japanese,Now,coban3137,4baa6e0c-f136-4b6c-9967-4925febb7d01,LOVE,17,619,257
2026-05-11T02:27:28.667Z,Japanese,Weekly,darari_nu,c6e83917-aead-4a3e-b6aa-9f825fa1471d,The Antidote,11,868,324
2026-05-11T02:27:28.667Z,Japanese,Weekly,coban3137,4baa6e0c-f136-4b6c-9967-4925febb7d01,LOVE,17,619,257
2026-05-11T02:27:28.667Z,Japanese,Monthly,coban3137,79cf91bc-167e-481f-9a49-b581919560c4,BINARY,13,5651,735
2026-05-11T02:27:28.667Z,Japanese,All Time,-,-,-,0,0,0
2026-05-11T06:31:07.009Z,Global,Now,-,-,-,0,0,0
2026-05-11T06:31:07.009Z,Global,Weekly,-,-,-,0,0,0
2026-05-11T06:31:07.009Z,Global,Monthly,-,-,-,0,0,0
2026-05-11T06:31:07.009Z,Global,All Time,-,-,-,0,0,0
2026-05-11T06:31:07.009Z,Japanese,Now,darari_nu,c6e83917-aead-4a3e-b6aa-9f825fa1471d,The Antidote,11,868,326
2026-05-11T06:31:07.009Z,Japanese,Now,coban3137,4baa6e0c-f136-4b6c-9967-4925febb7d01,LOVE,17,628,258
2026-05-11T06:31:07.009Z,Japanese,Weekly,darari_nu,c6e83917-aead-4a3e-b6aa-9f825fa1471d,The Antidote,11,868,326
2026-05-11T06:31:07.009Z,Japanese,Weekly,coban3137,4baa6e0c-f136-4b6c-9967-4925febb7d01,LOVE,17,628,258
2026-05-11T06:31:07.009Z,Japanese,Monthly,coban3137,79cf91bc-167e-481f-9a49-b581919560c4,BINARY,13,5651,736
2026-05-11T06:31:07.009Z,Japanese,All Time,-,-,-,0,0,0
2026-05-11T10:30:49.610Z,Global,Now,-,-,-,0,0,0
2026-05-11T10:30:49.610Z,Global,Weekly,-,-,-,0,0,0
2026-05-11T10:30:49.610Z,Global,Monthly,-,-,-,0,0,0
2026-05-11T10:30:49.610Z,Global,All Time,-,-,-,0,0,0
2026-05-11T10:30:49.610Z,Japanese,Now,darari_nu,c6e83917-aead-4a3e-b6aa-9f825fa1471d,The Antidote,11,876,327
2026-05-11T10:30:49.610Z,Japanese,Now,coban3137,4baa6e0c-f136-4b6c-9967-4925febb7d01,LOVE,17,636,260
2026-05-11T10:30:49.610Z,Japanese,Weekly,darari_nu,c6e83917-aead-4a3e-b6aa-9f825fa1471d,The Antidote,11,876,327
2026-05-11T10:30:49.610Z,Japanese,Weekly,coban3137,4baa6e0c-f136-4b6c-9967-4925febb7d01,LOVE,17,636,260
2026-05-11T10:30:49.610Z,Japanese,Monthly,coban3137,79cf91bc-167e-481f-9a49-b581919560c4,BINARY,13,5651,736
2026-05-11T10:30:49.610Z,Japanese,All Time,-,-,-,0,0,0
2026-05-11T15:55:39.771Z,Global,Now,-,-,-,0,0,0
2026-05-11T15:55:39.771Z,Global,Weekly,-,-,-,0,0,0
2026-05-11T15:55:39.771Z,Global,Monthly,-,-,-,0,0,0
2026-05-11T15:55:39.771Z,Global,All Time,-,-,-,0,0,0
2026-05-11T15:55:39.771Z,Japanese,Now,darari_nu,c6e83917-aead-4a3e-b6aa-9f825fa1471d,The Antidote,11,876,329
2026-05-11T15:55:39.771Z,Japanese,Now,coban3137,4baa6e0c-f136-4b6c-9967-4925febb7d01,LOVE,16,652,261
2026-05-11T15:55:39.771Z,Japanese,Weekly,darari_nu,c6e83917-aead-4a3e-b6aa-9f825fa1471d,The Antidote,11,876,329
2026-05-11T15:55:39.771Z,Japanese,Weekly,coban3137,4baa6e0c-f136-4b6c-9967-4925febb7d01,LOVE,16,652,261
2026-05-11T15:55:39.771Z,Japanese,Monthly,coban3137,79cf91bc-167e-481f-9a49-b581919560c4,BINARY,13,5651,736
2026-05-11T15:55:39.771Z,Japanese,All Time,-,-,-,0,0,0
2026-05-11T17:54:25.445Z,Global,Now,-,-,-,0,0,0
2026-05-11T17:54:25.445Z,Global,Weekly,-,-,-,0,0,0
2026-05-11T17:54:25.445Z,Global,Monthly,-,-,-,0,0,0
2026-05-11T17:54:25.445Z,Global,All Time,-,-,-,0,0,0
2026-05-11T17:54:25.445Z,Japanese,Now,darari_nu,c6e83917-aead-4a3e-b6aa-9f825fa1471d,The Antidote,11,876,329
2026-05-11T17:54:25.445Z,Japanese,Now,coban3137,4baa6e0c-f136-4b6c-9967-4925febb7d01,LOVE,16,652,261
2026-05-11T17:54:25.445Z,Japanese,Weekly,darari_nu,c6e83917-aead-4a3e-b6aa-9f825fa1471d,The Antidote,11,876,329
2026-05-11T17:54:25.445Z,Japanese,Weekly,coban3137,4baa6e0c-f136-4b6c-9967-4925febb7d01,LOVE,16,652,261
2026-05-11T17:54:25.445Z,Japanese,Monthly,coban3137,79cf91bc-167e-481f-9a49-b581919560c4,BINARY,13,5651,736
2026-05-11T17:54:25.445Z,Japanese,All Time,-,-,-,0,0,0
2026-05-11T19:45:53.026Z,Global,Now,-,-,-,0,0,0
2026-05-11T19:45:53.026Z,Global,Weekly,-,-,-,0,0,0
2026-05-11T19:45:53.026Z,Global,Monthly,-,-,-,0,0,0
2026-05-11T19:45:53.026Z,Global,All Time,-,-,-,0,0,0
2026-05-11T19:45:53.026Z,Japanese,Now,darari_nu,c6e83917-aead-4a3e-b6aa-9f825fa1471d,The Antidote,11,876,329
2026-05-11T19:45:53.026Z,Japanese,Now,coban3137,4baa6e0c-f136-4b6c-9967-4925febb7d01,LOVE,16,652,261
2026-05-11T19:45:53.026Z,Japanese,Weekly,darari_nu,c6e83917-aead-4a3e-b6aa-9f825fa1471d,The Antidote,11,876,329
2026-05-11T19:45:53.026Z,Japanese,Weekly,coban3137,4baa6e0c-f136-4b6c-9967-4925febb7d01,LOVE,16,652,261
2026-05-11T19:45:53.026Z,Japanese,Monthly,coban3137,79cf91bc-167e-481f-9a49-b581919560c4,BINARY,13,5651,736
2026-05-11T19:45:53.026Z,Japanese,All Time,-,-,-,0,0,0
2026-05-11T21:16:12.101Z,Global,Now,-,-,-,0,0,0
2026-05-11T21:16:12.101Z,Global,Weekly,-,-,-,0,0,0
2026-05-11T21:16:12.101Z,Global,Monthly,-,-,-,0,0,0
2026-05-11T21:16:12.101Z,Global,All Time,-,-,-,0,0,0
2026-05-11T21:16:12.101Z,Japanese,Now,darari_nu,c6e83917-aead-4a3e-b6aa-9f825fa1471d,The Antidote,11,876,329
2026-05-11T21:16:12.101Z,Japanese,Now,coban3137,4baa6e0c-f136-4b6c-9967-4925febb7d01,LOVE,16,652,261
2026-05-11T21:16:12.101Z,Japanese,Weekly,darari_nu,c6e83917-aead-4a3e-b6aa-9f825fa1471d,The Antidote,11,876,329
2026-05-11T21:16:12.101Z,Japanese,Weekly,coban3137,4baa6e0c-f136-4b6c-9967-4925febb7d01,LOVE,16,652,261
2026-05-11T21:16:12.101Z,Japanese,Monthly,coban3137,79cf91bc-167e-481f-9a49-b581919560c4,BINARY,13,5651,736
2026-05-11T21:16:12.101Z,Japanese,All Time,-,-,-,0,0,0
2026-05-11T22:53:10.882Z,Global,Now,-,-,-,0,0,0
2026-05-11T22:53:10.882Z,Global,Weekly,-,-,-,0,0,0
2026-05-11T22:53:10.882Z,Global,Monthly,-,-,-,0,0,0
2026-05-11T22:53:10.882Z,Global,All Time,-,-,-,0,0,0
2026-05-11T22:53:10.882Z,Japanese,Now,darari_nu,c6e83917-aead-4a3e-b6aa-9f825fa1471d,The Antidote,11,876,329
2026-05-11T22:53:10.882Z,Japanese,Now,coban3137,4baa6e0c-f136-4b6c-9967-4925febb7d01,LOVE,16,652,261
2026-05-11T22:53:10.882Z,Japanese,Weekly,darari_nu,c6e83917-aead-4a3e-b6aa-9f825fa1471d,The Antidote,11,876,329
2026-05-11T22:53:10.882Z,Japanese,Weekly,coban3137,4baa6e0c-f136-4b6c-9967-4925febb7d01,LOVE,16,652,261
2026-05-11T22:53:10.882Z,Japanese,Monthly,coban3137,79cf91bc-167e-481f-9a49-b581919560c4,BINARY,13,5651,736
2026-05-11T22:53:10.882Z,Japanese,All Time,-,-,-,0,0,0
2026-05-11T23:57:52.819Z,Global,Now,-,-,-,0,0,0
2026-05-11T23:57:52.819Z,Global,Weekly,-,-,-,0,0,0
2026-05-11T23:57:52.819Z,Global,Monthly,-,-,-,0,0,0
2026-05-11T23:57:52.819Z,Global,All Time,-,-,-,0,0,0
2026-05-11T23:57:52.819Z,Japanese,Now,darari_nu,c6e83917-aead-4a3e-b6aa-9f825fa1471d,The Antidote,11,876,329
2026-05-11T23:57:52.819Z,Japanese,Now,coban3137,4baa6e0c-f136-4b6c-9967-4925febb7d01,LOVE,16,652,261
2026-05-11T23:57:52.819Z,Japanese,Weekly,darari_nu,c6e83917-aead-4a3e-b6aa-9f825fa1471d,The Antidote,11,876,329
2026-05-11T23:57:52.819Z,Japanese,Weekly,coban3137,4baa6e0c-f136-4b6c-9967-4925febb7d01,LOVE,16,652,261
2026-05-11T23:57:52.819Z,Japanese,Monthly,coban3137,79cf91bc-167e-481f-9a49-b581919560c4,BINARY,13,5651,736
2026-05-11T23:57:52.819Z,Japanese,All Time,-,-,-,0,0,0
2026-05-12T03:40:22.827Z,Global,Now,-,-,-,0,0,0
2026-05-12T03:40:22.827Z,Global,Weekly,-,-,-,0,0,0
2026-05-12T03:40:22.827Z,Global,Monthly,-,-,-,0,0,0
2026-05-12T03:40:22.827Z,Global,All Time,-,-,-,0,0,0
2026-05-12T03:40:22.827Z,Japanese,Now,-,-,-,0,0,0
2026-05-12T03:40:22.827Z,Japanese,Weekly,darari_nu,c6e83917-aead-4a3e-b6aa-9f825fa1471d,The Antidote,10,876,330
2026-05-12T03:40:22.827Z,Japanese,Weekly,coban3137,9d1157bf-f4e0-44f4-b01a-e8ae2d5ccca1,side:B,31,511,185
2026-05-12T03:40:22.827Z,Japanese,Monthly,coban3137,79cf91bc-167e-481f-9a49-b581919560c4,BINARY,13,5651,736
2026-05-12T03:40:22.827Z,Japanese,All Time,-,-,-,0,0,0
2026-05-12T06:36:35.861Z,Global,Now,-,-,-,0,0,0
2026-05-12T06:36:35.861Z,Global,Weekly,-,-,-,0,0,0
2026-05-12T06:36:35.861Z,Global,Monthly,-,-,-,0,0,0
2026-05-12T06:36:35.861Z,Global,All Time,-,-,-,0,0,0
2026-05-12T06:36:35.861Z,Japanese,Now,-,-,-,0,0,0
2026-05-12T06:36:35.861Z,Japanese,Weekly,darari_nu,c6e83917-aead-4a3e-b6aa-9f825fa1471d,The Antidote,9,876,330
2026-05-12T06:36:35.861Z,Japanese,Weekly,coban3137,9d1157bf-f4e0-44f4-b01a-e8ae2d5ccca1,side:B,30,519,185
2026-05-12T06:36:35.861Z,Japanese,Monthly,coban3137,79cf91bc-167e-481f-9a49-b581919560c4,BINARY,13,5651,736
2026-05-12T06:36:35.861Z,Japanese,All Time,-,-,-,0,0,0
2026-05-12T09:38:24.891Z,Global,Now,-,-,-,0,0,0
2026-05-12T09:38:24.891Z,Global,Weekly,-,-,-,0,0,0
2026-05-12T09:38:24.891Z,Global,Monthly,-,-,-,0,0,0
2026-05-12T09:38:24.891Z,Global,All Time,-,-,-,0,0,0
2026-05-12T09:38:24.891Z,Japanese,Now,-,-,-,0,0,0
2026-05-12T09:38:24.891Z,Japanese,Weekly,darari_nu,c6e83917-aead-4a3e-b6aa-9f825fa1471d,The Antidote,9,876,330
2026-05-12T09:38:24.891Z,Japanese,Weekly,coban3137,9d1157bf-f4e0-44f4-b01a-e8ae2d5ccca1,side:B,29,527,185
2026-05-12T09:38:24.891Z,Japanese,Monthly,coban3137,79cf91bc-167e-481f-9a49-b581919560c4,BINARY,13,5651,736
2026-05-12T09:38:24.891Z,Japanese,All Time,-,-,-,0,0,0
2026-05-12T11:54:47.577Z,Global,Now,-,-,-,0,0,0
2026-05-12T11:54:47.577Z,Global,Weekly,-,-,-,0,0,0
2026-05-12T11:54:47.577Z,Global,Monthly,-,-,-,0,0,0
2026-05-12T11:54:47.577Z,Global,All Time,-,-,-,0,0,0
2026-05-12T11:54:47.577Z,Japanese,Now,-,-,-,0,0,0
2026-05-12T11:54:47.577Z,Japanese,Weekly,darari_nu,c6e83917-aead-4a3e-b6aa-9f825fa1471d,The Antidote,9,876,330
2026-05-12T11:54:47.577Z,Japanese,Weekly,coban3137,9d1157bf-f4e0-44f4-b01a-e8ae2d5ccca1,side:B,29,536,185
2026-05-12T11:54:47.577Z,Japanese,Monthly,coban3137,79cf91bc-167e-481f-9a49-b581919560c4,BINARY,13,5651,736
2026-05-12T11:54:47.577Z,Japanese,All Time,-,-,-,0,0,0
2026-05-12T14:24:01.519Z,Global,Now,-,-,-,0,0,0
2026-05-12T14:24:01.519Z,Global,Weekly,-,-,-,0,0,0
2026-05-12T14:24:01.519Z,Global,Monthly,-,-,-,0,0,0
2026-05-12T14:24:01.519Z,Global,All Time,-,-,-,0,0,0
2026-05-12T14:24:01.519Z,Japanese,Now,-,-,-,0,0,0
2026-05-12T14:24:01.519Z,Japanese,Weekly,darari_nu,c6e83917-aead-4a3e-b6aa-9f825fa1471d,The Antidote,9,876,330
2026-05-12T14:24:01.519Z,Japanese,Weekly,coban3137,9d1157bf-f4e0-44f4-b01a-e8ae2d5ccca1,side:B,29,536,185
2026-05-12T14:24:01.519Z,Japanese,Monthly,coban3137,79cf91bc-167e-481f-9a49-b581919560c4,BINARY,13,5651,736
2026-05-12T14:24:01.519Z,Japanese,All Time,-,-,-,0,0,0
2026-05-12T17:12:26.896Z,Global,Now,-,-,-,0,0,0
2026-05-12T17:12:26.896Z,Global,Weekly,-,-,-,0,0,0
2026-05-12T17:12:26.896Z,Global,Monthly,-,-,-,0,0,0
2026-05-12T17:12:26.896Z,Global,All Time,-,-,-,0,0,0
2026-05-12T17:12:26.896Z,Japanese,Now,-,-,-,0,0,0
2026-05-12T17:12:26.896Z,Japanese,Weekly,darari_nu,c6e83917-aead-4a3e-b6aa-9f825fa1471d,The Antidote,8,876,330
2026-05-12T17:12:26.896Z,Japanese,Weekly,coban3137,9d1157bf-f4e0-44f4-b01a-e8ae2d5ccca1,side:B,23,536,185
2026-05-12T17:12:26.896Z,Japanese,Monthly,coban3137,79cf91bc-167e-481f-9a49-b581919560c4,BINARY,13,5651,736
2026-05-12T17:12:26.896Z,Japanese,All Time,-,-,-,0,0,0
2026-05-12T19:53:00.560Z,Global,Now,-,-,-,0,0,0
2026-05-12T19:53:00.560Z,Global,Weekly,-,-,-,0,0,0
2026-05-12T19:53:00.560Z,Global,Monthly,-,-,-,0,0,0
2026-05-12T19:53:00.560Z,Global,All Time,-,-,-,0,0,0
2026-05-12T19:53:00.560Z,Japanese,Now,-,-,-,0,0,0
2026-05-12T19:53:00.560Z,Japanese,Weekly,darari_nu,c6e83917-aead-4a3e-b6aa-9f825fa1471d,The Antidote,6,876,330
2026-05-12T19:53:00.560Z,Japanese,Weekly,coban3137,9d1157bf-f4e0-44f4-b01a-e8ae2d5ccca1,side:B,19,536,185
2026-05-12T19:53:00.560Z,Japanese,Monthly,coban3137,79cf91bc-167e-481f-9a49-b581919560c4,BINARY,13,5651,736
2026-05-12T19:53:00.560Z,Japanese,All Time,-,-,-,0,0,0
2026-05-12T21:19:27.663Z,Global,Now,-,-,-,0,0,0
2026-05-12T21:19:27.663Z,Global,Weekly,-,-,-,0,0,0
2026-05-12T21:19:27.663Z,Global,Monthly,-,-,-,0,0,0
2026-05-12T21:19:27.663Z,Global,All Time,-,-,-,0,0,0
2026-05-12T21:19:27.663Z,Japanese,Now,-,-,-,0,0,0
2026-05-12T21:19:27.663Z,Japanese,Weekly,coban3137,9d1157bf-f4e0-44f4-b01a-e8ae2d5ccca1,side:B,16,536,185
2026-05-12T21:19:27.663Z,Japanese,Monthly,coban3137,79cf91bc-167e-481f-9a49-b581919560c4,BINARY,13,5651,736
2026-05-12T21:19:27.663Z,Japanese,All Time,-,-,-,0,0,0
2026-05-12T23:00:24.441Z,Global,Now,-,-,-,0,0,0
2026-05-12T23:00:24.441Z,Global,Weekly,-,-,-,0,0,0
2026-05-12T23:00:24.441Z,Global,Monthly,-,-,-,0,0,0
2026-05-12T23:00:24.441Z,Global,All Time,-,-,-,0,0,0
2026-05-12T23:00:24.441Z,Japanese,Now,-,-,-,0,0,0
2026-05-12T23:00:24.441Z,Japanese,Weekly,-,-,-,0,0,0
2026-05-12T23:00:24.441Z,Japanese,Monthly,coban3137,79cf91bc-167e-481f-9a49-b581919560c4,BINARY,13,5651,736
2026-05-12T23:00:24.441Z,Japanese,All Time,-,-,-,0,0,0
2026-05-13T00:10:51.832Z,Global,Now,-,-,-,0,0,0
2026-05-13T00:10:51.832Z,Global,Weekly,-,-,-,0,0,0
2026-05-13T00:10:51.832Z,Global,Monthly,-,-,-,0,0,0
2026-05-13T00:10:51.832Z,Global,All Time,-,-,-,0,0,0
2026-05-13T00:10:51.832Z,Japanese,Now,-,-,-,0,0,0
2026-05-13T00:10:51.832Z,Japanese,Weekly,-,-,-,0,0,0
2026-05-13T00:10:51.832Z,Japanese,Monthly,coban3137,79cf91bc-167e-481f-9a49-b581919560c4,BINARY,13,5651,736
2026-05-13T00:10:51.832Z,Japanese,All Time,-,-,-,0,0,0
2026-05-13T04:43:16.334Z,Global,Now,-,-,-,0,0,0
2026-05-13T04:43:16.334Z,Global,Weekly,-,-,-,0,0,0
2026-05-13T04:43:16.334Z,Global,Monthly,-,-,-,0,0,0
2026-05-13T04:43:16.334Z,Global,All Time,-,-,-,0,0,0
2026-05-13T04:43:16.334Z,Japanese,Now,-,-,-,0,0,0
2026-05-13T04:43:16.334Z,Japanese,Weekly,-,-,-,0,0,0
2026-05-13T04:43:16.334Z,Japanese,Monthly,coban3137,79cf91bc-167e-481f-9a49-b581919560c4,BINARY,13,5651,736
2026-05-13T04:43:16.334Z,Japanese,All Time,-,-,-,0,0,0
2026-05-13T07:50:51.055Z,Global,Now,-,-,-,0,0,0
2026-05-13T07:50:51.055Z,Global,Weekly,-,-,-,0,0,0
2026-05-13T07:50:51.055Z,Global,Monthly,-,-,-,0,0,0
2026-05-13T07:50:51.055Z,Global,All Time,-,-,-,0,0,0
2026-05-13T07:50:51.055Z,Japanese,Now,-,-,-,0,0,0
2026-05-13T07:50:51.055Z,Japanese,Weekly,-,-,-,0,0,0
2026-05-13T07:50:51.055Z,Japanese,Monthly,coban3137,79cf91bc-167e-481f-9a49-b581919560c4,BINARY,13,5651,736
2026-05-13T07:50:51.055Z,Japanese,All Time,-,-,-,0,0,0
2026-05-13T10:27:46.600Z,Global,Now,-,-,-,0,0,0
2026-05-13T10:27:46.600Z,Global,Weekly,-,-,-,0,0,0
2026-05-13T10:27:46.600Z,Global,Monthly,-,-,-,0,0,0
2026-05-13T10:27:46.600Z,Global,All Time,-,-,-,0,0,0
2026-05-13T10:27:46.600Z,Japanese,Now,-,-,-,0,0,0
2026-05-13T10:27:46.600Z,Japanese,Weekly,-,-,-,0,0,0
2026-05-13T10:27:46.600Z,Japanese,Monthly,coban3137,79cf91bc-167e-481f-9a49-b581919560c4,BINARY,13,5651,736
2026-05-13T10:27:46.600Z,Japanese,All Time,-,-,-,0,0,0
2026-05-13T13:11:50.758Z,Global,Now,-,-,-,0,0,0
2026-05-13T13:11:50.758Z,Global,Weekly,-,-,-,0,0,0
2026-05-13T13:11:50.758Z,Global,Monthly,-,-,-,0,0,0
2026-05-13T13:11:50.758Z,Global,All Time,-,-,-,0,0,0
2026-05-13T13:11:50.758Z,Japanese,Now,-,-,-,0,0,0
2026-05-13T13:11:50.758Z,Japanese,Weekly,-,-,-,0,0,0
2026-05-13T13:11:50.758Z,Japanese,Monthly,coban3137,79cf91bc-167e-481f-9a49-b581919560c4,BINARY,13,5651,736
2026-05-13T13:11:50.758Z,Japanese,All Time,-,-,-,0,0,0
2026-05-13T16:19:34.453Z,Global,Now,-,-,-,0,0,0
2026-05-13T16:19:34.453Z,Global,Weekly,-,-,-,0,0,0
2026-05-13T16:19:34.453Z,Global,Monthly,-,-,-,0,0,0
2026-05-13T16:19:34.453Z,Global,All Time,-,-,-,0,0,0
2026-05-13T16:19:34.453Z,Japanese,Now,-,-,-,0,0,0
2026-05-13T16:19:34.453Z,Japanese,Weekly,-,-,-,0,0,0
2026-05-13T16:19:34.453Z,Japanese,Monthly,coban3137,79cf91bc-167e-481f-9a49-b581919560c4,BINARY,13,5651,736
2026-05-13T16:19:34.453Z,Japanese,All Time,-,-,-,0,0,0
2026-05-13T18:57:32.500Z,Global,Now,-,-,-,0,0,0
2026-05-13T18:57:32.500Z,Global,Weekly,-,-,-,0,0,0
2026-05-13T18:57:32.500Z,Global,Monthly,-,-,-,0,0,0
2026-05-13T18:57:32.500Z,Global,All Time,-,-,-,0,0,0
2026-05-13T18:57:32.500Z,Japanese,Now,-,-,-,0,0,0
2026-05-13T18:57:32.500Z,Japanese,Weekly,-,-,-,0,0,0
2026-05-13T18:57:32.500Z,Japanese,Monthly,coban3137,79cf91bc-167e-481f-9a49-b581919560c4,BINARY,13,5651,736
2026-05-13T18:57:32.500Z,Japanese,All Time,-,-,-,0,0,0
2026-05-13T20:48:19.285Z,Global,Now,-,-,-,0,0,0
2026-05-13T20:48:19.285Z,Global,Weekly,-,-,-,0,0,0
2026-05-13T20:48:19.285Z,Global,Monthly,-,-,-,0,0,0
2026-05-13T20:48:19.285Z,Global,All Time,-,-,-,0,0,0
2026-05-13T20:48:19.285Z,Japanese,Now,-,-,-,0,0,0
2026-05-13T20:48:19.285Z,Japanese,Weekly,-,-,-,0,0,0
2026-05-13T20:48:19.285Z,Japanese,Monthly,coban3137,79cf91bc-167e-481f-9a49-b581919560c4,BINARY,13,5651,736
2026-05-13T20:48:19.285Z,Japanese,All Time,-,-,-,0,0,0
2026-05-13T22:11:03.042Z,Global,Now,-,-,-,0,0,0
2026-05-13T22:11:03.042Z,Global,Weekly,-,-,-,0,0,0
2026-05-13T22:11:03.042Z,Global,Monthly,-,-,-,0,0,0
2026-05-13T22:11:03.042Z,Global,All Time,-,-,-,0,0,0
2026-05-13T22:11:03.042Z,Japanese,Now,-,-,-,0,0,0
2026-05-13T22:11:03.042Z,Japanese,Weekly,-,-,-,0,0,0
2026-05-13T22:11:03.042Z,Japanese,Monthly,coban3137,79cf91bc-167e-481f-9a49-b581919560c4,BINARY,13,5651,736
2026-05-13T22:11:03.042Z,Japanese,All Time,-,-,-,0,0,0
2026-05-13T23:58:02.407Z,Global,Now,-,-,-,0,0,0
2026-05-13T23:58:02.407Z,Global,Weekly,-,-,-,0,0,0
2026-05-13T23:58:02.407Z,Global,Monthly,-,-,-,0,0,0
2026-05-13T23:58:02.407Z,Global,All Time,-,-,-,0,0,0
2026-05-13T23:58:02.407Z,Japanese,Now,-,-,-,0,0,0
2026-05-13T23:58:02.407Z,Japanese,Weekly,-,-,-,0,0,0
2026-05-13T23:58:02.407Z,Japanese,Monthly,coban3137,79cf91bc-167e-481f-9a49-b581919560c4,BINARY,13,5651,736
2026-05-13T23:58:02.407Z,Japanese,All Time,-,-,-,0,0,0
2026-05-14T03:51:06.752Z,Global,Now,-,-,-,0,0,0
2026-05-14T03:51:06.752Z,Global,Weekly,-,-,-,0,0,0
2026-05-14T03:51:06.752Z,Global,Monthly,-,-,-,0,0,0
2026-05-14T03:51:06.752Z,Global,All Time,-,-,-,0,0,0
2026-05-14T03:51:06.752Z,Japanese,Now,-,-,-,0,0,0
2026-05-14T03:51:06.752Z,Japanese,Weekly,-,-,-,0,0,0
2026-05-14T03:51:06.752Z,Japanese,Monthly,coban3137,79cf91bc-167e-481f-9a49-b581919560c4,BINARY,13,5651,736
2026-05-14T03:51:06.752Z,Japanese,All Time,-,-,-,0,0,0
2026-05-14T06:46:04.529Z,Global,Now,-,-,-,0,0,0
2026-05-14T06:46:04.529Z,Global,Weekly,-,-,-,0,0,0
2026-05-14T06:46:04.529Z,Global,Monthly,-,-,-,0,0,0
2026-05-14T06:46:04.529Z,Global,All Time,-,-,-,0,0,0
2026-05-14T06:46:04.529Z,Japanese,Now,-,-,-,0,0,0
2026-05-14T06:46:04.529Z,Japanese,Weekly,-,-,-,0,0,0
2026-05-14T06:46:04.529Z,Japanese,Monthly,coban3137,79cf91bc-167e-481f-9a49-b581919560c4,BINARY,13,5651,736
2026-05-14T06:46:04.529Z,Japanese,All Time,-,-,-,0,0,0
2026-05-14T09:38:35.759Z,Global,Now,-,-,-,0,0,0
2026-05-14T09:38:35.759Z,Global,Weekly,-,-,-,0,0,0
2026-05-14T09:38:35.759Z,Global,Monthly,-,-,-,0,0,0
2026-05-14T09:38:35.759Z,Global,All Time,-,-,-,0,0,0
2026-05-14T09:38:35.759Z,Japanese,Now,-,-,-,0,0,0
2026-05-14T09:38:35.759Z,Japanese,Weekly,-,-,-,0,0,0
2026-05-14T09:38:35.759Z,Japanese,Monthly,coban3137,79cf91bc-167e-481f-9a49-b581919560c4,BINARY,13,5651,736
2026-05-14T09:38:35.759Z,Japanese,All Time,-,-,-,0,0,0
2026-05-14T11:52:24.695Z,Global,Now,-,-,-,0,0,0
2026-05-14T11:52:24.695Z,Global,Weekly,-,-,-,0,0,0
2026-05-14T11:52:24.695Z,Global,Monthly,-,-,-,0,0,0
2026-05-14T11:52:24.695Z,Global,All Time,-,-,-,0,0,0
2026-05-14T11:52:24.695Z,Japanese,Now,-,-,-,0,0,0
2026-05-14T11:52:24.695Z,Japanese,Weekly,-,-,-,0,0,0
2026-05-14T11:52:24.695Z,Japanese,Monthly,coban3137,79cf91bc-167e-481f-9a49-b581919560c4,BINARY,13,5651,736
2026-05-14T11:52:24.695Z,Japanese,All Time,-,-,-,0,0,0
2026-05-14T14:09:30.287Z,Global,Now,-,-,-,0,0,0
2026-05-14T14:09:30.287Z,Global,Weekly,-,-,-,0,0,0
2026-05-14T14:09:30.287Z,Global,Monthly,-,-,-,0,0,0
2026-05-14T14:09:30.287Z,Global,All Time,-,-,-,0,0,0
2026-05-14T14:09:30.287Z,Japanese,Now,-,-,-,0,0,0
2026-05-14T14:09:30.287Z,Japanese,Weekly,-,-,-,0,0,0
2026-05-14T14:09:30.287Z,Japanese,Monthly,coban3137,79cf91bc-167e-481f-9a49-b581919560c4,BINARY,13,5651,736
2026-05-14T14:09:30.287Z,Japanese,All Time,-,-,-,0,0,0
2026-05-14T17:01:15.816Z,Global,Now,-,-,-,0,0,0
2026-05-14T17:01:15.816Z,Global,Weekly,-,-,-,0,0,0
2026-05-14T17:01:15.816Z,Global,Monthly,-,-,-,0,0,0
2026-05-14T17:01:15.816Z,Global,All Time,-,-,-,0,0,0
2026-05-14T17:01:15.816Z,Japanese,Now,-,-,-,0,0,0
2026-05-14T17:01:15.816Z,Japanese,Weekly,-,-,-,0,0,0
2026-05-14T17:01:15.816Z,Japanese,Monthly,coban3137,79cf91bc-167e-481f-9a49-b581919560c4,BINARY,13,5651,736
2026-05-14T17:01:15.816Z,Japanese,All Time,-,-,-,0,0,0
2026-05-14T19:44:38.475Z,Global,Now,-,-,-,0,0,0
2026-05-14T19:44:38.475Z,Global,Weekly,-,-,-,0,0,0
2026-05-14T19:44:38.475Z,Global,Monthly,-,-,-,0,0,0
2026-05-14T19:44:38.475Z,Global,All Time,-,-,-,0,0,0
2026-05-14T19:44:38.475Z,Japanese,Now,-,-,-,0,0,0
2026-05-14T19:44:38.475Z,Japanese,Weekly,-,-,-,0,0,0
2026-05-14T19:44:38.475Z,Japanese,Monthly,coban3137,79cf91bc-167e-481f-9a49-b581919560c4,BINARY,13,5651,736
2026-05-14T19:44:38.475Z,Japanese,All Time,-,-,-,0,0,0
2026-05-14T21:09:30.162Z,Global,Now,-,-,-,0,0,0
2026-05-14T21:09:30.162Z,Global,Weekly,-,-,-,0,0,0
2026-05-14T21:09:30.162Z,Global,Monthly,-,-,-,0,0,0
2026-05-14T21:09:30.162Z,Global,All Time,-,-,-,0,0,0
2026-05-14T21:09:30.162Z,Japanese,Now,-,-,-,0,0,0
2026-05-14T21:09:30.162Z,Japanese,Weekly,-,-,-,0,0,0
2026-05-14T21:09:30.162Z,Japanese,Monthly,coban3137,79cf91bc-167e-481f-9a49-b581919560c4,BINARY,13,5651,736
2026-05-14T21:09:30.162Z,Japanese,All Time,-,-,-,0,0,0
2026-05-14T22:55:56.306Z,Global,Now,-,-,-,0,0,0
2026-05-14T22:55:56.306Z,Global,Weekly,-,-,-,0,0,0
2026-05-14T22:55:56.306Z,Global,Monthly,-,-,-,0,0,0
2026-05-14T22:55:56.306Z,Global,All Time,-,-,-,0,0,0
2026-05-14T22:55:56.306Z,Japanese,Now,-,-,-,0,0,0
2026-05-14T22:55:56.306Z,Japanese,Weekly,-,-,-,0,0,0
2026-05-14T22:55:56.306Z,Japanese,Monthly,coban3137,79cf91bc-167e-481f-9a49-b581919560c4,BINARY,13,5651,736
2026-05-14T22:55:56.306Z,Japanese,All Time,-,-,-,0,0,0
2026-05-14T23:58:07.498Z,Global,Now,-,-,-,0,0,0
2026-05-14T23:58:07.498Z,Global,Weekly,-,-,-,0,0,0
2026-05-14T23:58:07.498Z,Global,Monthly,-,-,-,0,0,0
2026-05-14T23:58:07.498Z,Global,All Time,-,-,-,0,0,0
2026-05-14T23:58:07.498Z,Japanese,Now,-,-,-,0,0,0
2026-05-14T23:58:07.498Z,Japanese,Weekly,-,-,-,0,0,0
2026-05-14T23:58:07.498Z,Japanese,Monthly,coban3137,79cf91bc-167e-481f-9a49-b581919560c4,BINARY,13,5651,736
2026-05-14T23:58:07.498Z,Japanese,All Time,-,-,-,0,0,0
2026-05-15T03:57:36.713Z,Global,Now,-,-,-,0,0,0
2026-05-15T03:57:36.713Z,Global,Weekly,-,-,-,0,0,0
2026-05-15T03:57:36.713Z,Global,Monthly,-,-,-,0,0,0
2026-05-15T03:57:36.713Z,Global,All Time,-,-,-,0,0,0
2026-05-15T03:57:36.713Z,Japanese,Now,-,-,-,0,0,0
2026-05-15T03:57:36.713Z,Japanese,Weekly,-,-,-,0,0,0
2026-05-15T03:57:36.713Z,Japanese,Monthly,coban3137,79cf91bc-167e-481f-9a49-b581919560c4,BINARY,13,5651,736
2026-05-15T03:57:36.713Z,Japanese,All Time,-,-,-,0,0,0
2026-05-15T06:58:40.432Z,Global,Now,-,-,-,0,0,0
2026-05-15T06:58:40.432Z,Global,Weekly,-,-,-,0,0,0
2026-05-15T06:58:40.432Z,Global,Monthly,-,-,-,0,0,0
2026-05-15T06:58:40.432Z,Global,All Time,-,-,-,0,0,0
2026-05-15T06:58:40.432Z,Japanese,Now,-,-,-,0,0,0
2026-05-15T06:58:40.432Z,Japanese,Weekly,-,-,-,0,0,0
2026-05-15T06:58:40.432Z,Japanese,Monthly,coban3137,79cf91bc-167e-481f-9a49-b581919560c4,BINARY,13,5651,736
2026-05-15T06:58:40.432Z,Japanese,All Time,-,-,-,0,0,0
2026-05-15T09:50:58.981Z,Global,Now,-,-,-,0,0,0
2026-05-15T09:50:58.981Z,Global,Weekly,-,-,-,0,0,0
2026-05-15T09:50:58.981Z,Global,Monthly,-,-,-,0,0,0
2026-05-15T09:50:58.981Z,Global,All Time,-,-,-,0,0,0
2026-05-15T09:50:58.981Z,Japanese,Now,-,-,-,0,0,0
2026-05-15T09:50:58.981Z,Japanese,Weekly,-,-,-,0,0,0
2026-05-15T09:50:58.981Z,Japanese,Monthly,coban3137,79cf91bc-167e-481f-9a49-b581919560c4,BINARY,13,5651,736
2026-05-15T09:50:58.981Z,Japanese,All Time,-,-,-,0,0,0
2026-05-15T11:58:10.991Z,Global,Now,-,-,-,0,0,0
2026-05-15T11:58:10.991Z,Global,Weekly,-,-,-,0,0,0
2026-05-15T11:58:10.991Z,Global,Monthly,-,-,-,0,0,0
2026-05-15T11:58:10.991Z,Global,All Time,-,-,-,0,0,0
2026-05-15T11:58:10.991Z,Japanese,Now,-,-,-,0,0,0
2026-05-15T11:58:10.991Z,Japanese,Weekly,-,-,-,0,0,0
2026-05-15T11:58:10.991Z,Japanese,Monthly,coban3137,79cf91bc-167e-481f-9a49-b581919560c4,BINARY,13,5651,736
2026-05-15T11:58:10.991Z,Japanese,All Time,-,-,-,0,0,0
2026-05-15T16:51:10.233Z,Global,Now,-,-,-,0,0,0
2026-05-15T16:51:10.233Z,Global,Weekly,-,-,-,0,0,0
2026-05-15T16:51:10.233Z,Global,Monthly,-,-,-,0,0,0
2026-05-15T16:51:10.233Z,Global,All Time,-,-,-,0,0,0
2026-05-15T16:51:10.233Z,Japanese,Now,-,-,-,0,0,0
2026-05-15T16:51:10.233Z,Japanese,Weekly,-,-,-,0,0,0
2026-05-15T16:51:10.233Z,Japanese,Monthly,coban3137,79cf91bc-167e-481f-9a49-b581919560c4,BINARY,13,5651,736
2026-05-15T16:51:10.233Z,Japanese,All Time,-,-,-,0,0,0
2026-05-15T20:17:02.864Z,Global,Now,-,-,-,0,0,0
2026-05-15T20:17:02.864Z,Global,Weekly,-,-,-,0,0,0
2026-05-15T20:17:02.864Z,Global,Monthly,-,-,-,0,0,0
2026-05-15T20:17:02.864Z,Global,All Time,-,-,-,0,0,0
2026-05-15T20:17:02.864Z,Japanese,Now,-,-,-,0,0,0
2026-05-15T20:17:02.864Z,Japanese,Weekly,-,-,-,0,0,0
2026-05-15T20:17:02.864Z,Japanese,Monthly,coban3137,79cf91bc-167e-481f-9a49-b581919560c4,BINARY,13,5651,736
2026-05-15T20:17:02.864Z,Japanese,All Time,-,-,-,0,0,0
2026-05-15T23:04:08.239Z,Global,Now,-,-,-,0,0,0
2026-05-15T23:04:08.239Z,Global,Weekly,-,-,-,0,0,0
2026-05-15T23:04:08.239Z,Global,Monthly,-,-,-,0,0,0
2026-05-15T23:04:08.239Z,Global,All Time,-,-,-,0,0,0
2026-05-15T23:04:08.239Z,Japanese,Now,-,-,-,0,0,0
2026-05-15T23:04:08.239Z,Japanese,Weekly,-,-,-,0,0,0
2026-05-15T23:04:08.239Z,Japanese,Monthly,coban3137,79cf91bc-167e-481f-9a49-b581919560c4,BINARY,13,5651,736
2026-05-15T23:04:08.239Z,Japanese,All Time,-,-,-,0,0,0
2026-05-16T02:48:34.724Z,Global,Now,-,-,-,0,0,0
2026-05-16T02:48:34.724Z,Global,Weekly,-,-,-,0,0,0
2026-05-16T02:48:34.724Z,Global,Monthly,-,-,-,0,0,0
2026-05-16T02:48:34.724Z,Global,All Time,-,-,-,0,0,0
2026-05-16T02:48:34.724Z,Japanese,Now,-,-,-,0,0,0
2026-05-16T02:48:34.724Z,Japanese,Weekly,-,-,-,0,0,0
2026-05-16T02:48:34.724Z,Japanese,Monthly,coban3137,79cf91bc-167e-481f-9a49-b581919560c4,BINARY,13,5651,736
2026-05-16T02:48:34.724Z,Japanese,All Time,-,-,-,0,0,0
2026-05-16T05:54:28.311Z,Global,Now,-,-,-,0,0,0
2026-05-16T05:54:28.311Z,Global,Weekly,-,-,-,0,0,0
2026-05-16T05:54:28.311Z,Global,Monthly,-,-,-,0,0,0
2026-05-16T05:54:28.311Z,Global,All Time,-,-,-,0,0,0
2026-05-16T05:54:28.311Z,Japanese,Now,-,-,-,0,0,0
2026-05-16T05:54:28.311Z,Japanese,Weekly,-,-,-,0,0,0
2026-05-16T05:54:28.311Z,Japanese,Monthly,coban3137,79cf91bc-167e-481f-9a49-b581919560c4,BINARY,13,5651,736
2026-05-16T05:54:28.311Z,Japanese,All Time,-,-,-,0,0,0
2026-05-16T10:14:21.886Z,Global,Now,-,-,-,0,0,0
2026-05-16T10:14:21.886Z,Global,Weekly,-,-,-,0,0,0
2026-05-16T10:14:21.886Z,Global,Monthly,-,-,-,0,0,0
2026-05-16T10:14:21.886Z,Global,All Time,-,-,-,0,0,0
2026-05-16T10:14:21.886Z,Japanese,Now,-,-,-,0,0,0
2026-05-16T10:14:21.886Z,Japanese,Weekly,-,-,-,0,0,0
2026-05-16T10:14:21.886Z,Japanese,Monthly,coban3137,79cf91bc-167e-481f-9a49-b581919560c4,BINARY,13,5651,736
2026-05-16T10:14:21.886Z,Japanese,All Time,-,-,-,0,0,0
2026-05-16T13:20:10.344Z,Global,Now,-,-,-,0,0,0
2026-05-16T13:20:10.344Z,Global,Weekly,-,-,-,0,0,0
2026-05-16T13:20:10.344Z,Global,Monthly,-,-,-,0,0,0
2026-05-16T13:20:10.344Z,Global,All Time,-,-,-,0,0,0
2026-05-16T13:20:10.344Z,Japanese,Now,-,-,-,0,0,0
2026-05-16T13:20:10.344Z,Japanese,Weekly,-,-,-,0,0,0
2026-05-16T13:20:10.344Z,Japanese,Monthly,coban3137,79cf91bc-167e-481f-9a49-b581919560c4,BINARY,13,5651,736
2026-05-16T13:20:10.344Z,Japanese,All Time,-,-,-,0,0,0
2026-05-16T15:58:37.200Z,Global,Now,-,-,-,0,0,0
2026-05-16T15:58:37.200Z,Global,Weekly,-,-,-,0,0,0
2026-05-16T15:58:37.200Z,Global,Monthly,-,-,-,0,0,0
2026-05-16T15:58:37.200Z,Global,All Time,-,-,-,0,0,0
2026-05-16T15:58:37.200Z,Japanese,Now,-,-,-,0,0,0
2026-05-16T15:58:37.200Z,Japanese,Weekly,-,-,-,0,0,0
2026-05-16T15:58:37.200Z,Japanese,Monthly,coban3137,79cf91bc-167e-481f-9a49-b581919560c4,BINARY,13,5651,736
2026-05-16T15:58:37.200Z,Japanese,All Time,-,-,-,0,0,0
2026-05-16T19:03:08.662Z,Global,Now,-,-,-,0,0,0
2026-05-16T19:03:08.662Z,Global,Weekly,-,-,-,0,0,0
2026-05-16T19:03:08.662Z,Global,Monthly,-,-,-,0,0,0
2026-05-16T19:03:08.662Z,Global,All Time,-,-,-,0,0,0
2026-05-16T19:03:08.662Z,Japanese,Now,-,-,-,0,0,0
2026-05-16T19:03:08.662Z,Japanese,Weekly,-,-,-,0,0,0
2026-05-16T19:03:08.662Z,Japanese,Monthly,coban3137,79cf91bc-167e-481f-9a49-b581919560c4,BINARY,13,5651,736
2026-05-16T19:03:08.662Z,Japanese,All Time,-,-,-,0,0,0
2026-05-16T21:48:26.470Z,Global,Now,-,-,-,0,0,0
2026-05-16T21:48:26.470Z,Global,Weekly,-,-,-,0,0,0
2026-05-16T21:48:26.470Z,Global,Monthly,-,-,-,0,0,0
2026-05-16T21:48:26.470Z,Global,All Time,-,-,-,0,0,0
2026-05-16T21:48:26.470Z,Japanese,Now,-,-,-,0,0,0
2026-05-16T21:48:26.470Z,Japanese,Weekly,-,-,-,0,0,0
2026-05-16T21:48:26.470Z,Japanese,Monthly,coban3137,79cf91bc-167e-481f-9a49-b581919560c4,BINARY,13,5651,736
2026-05-16T21:48:26.470Z,Japanese,All Time,-,-,-,0,0,0
2026-05-17T02:57:17.779Z,Global,Now,-,-,-,0,0,0
2026-05-17T02:57:17.779Z,Global,Weekly,-,-,-,0,0,0
2026-05-17T02:57:17.779Z,Global,Monthly,-,-,-,0,0,0
2026-05-17T02:57:17.779Z,Global,All Time,-,-,-,0,0,0
2026-05-17T02:57:17.779Z,Japanese,Now,-,-,-,0,0,0
2026-05-17T02:57:17.779Z,Japanese,Weekly,-,-,-,0,0,0
2026-05-17T02:57:17.779Z,Japanese,Monthly,coban3137,79cf91bc-167e-481f-9a49-b581919560c4,BINARY,13,5651,736
2026-05-17T02:57:17.779Z,Japanese,All Time,-,-,-,0,0,0
2026-05-17T06:26:11.881Z,Global,Now,-,-,-,0,0,0
2026-05-17T06:26:11.881Z,Global,Weekly,-,-,-,0,0,0
2026-05-17T06:26:11.881Z,Global,Monthly,-,-,-,0,0,0
2026-05-17T06:26:11.881Z,Global,All Time,-,-,-,0,0,0
2026-05-17T06:26:11.881Z,Japanese,Now,-,-,-,0,0,0
2026-05-17T06:26:11.881Z,Japanese,Weekly,-,-,-,0,0,0
2026-05-17T06:26:11.881Z,Japanese,Monthly,coban3137,79cf91bc-167e-481f-9a49-b581919560c4,BINARY,13,5651,736
2026-05-17T06:26:11.881Z,Japanese,All Time,-,-,-,0,0,0
2026-05-17T09:04:44.307Z,Global,Now,-,-,-,0,0,0
2026-05-17T09:04:44.307Z,Global,Weekly,-,-,-,0,0,0
2026-05-17T09:04:44.307Z,Global,Monthly,-,-,-,0,0,0
2026-05-17T09:04:44.307Z,Global,All Time,-,-,-,0,0,0
2026-05-17T09:04:44.307Z,Japanese,Now,-,-,-,0,0,0
2026-05-17T09:04:44.307Z,Japanese,Weekly,-,-,-,0,0,0
2026-05-17T09:04:44.307Z,Japanese,Monthly,coban3137,79cf91bc-167e-481f-9a49-b581919560c4,BINARY,13,5651,736
2026-05-17T09:04:44.307Z,Japanese,All Time,-,-,-,0,0,0
2026-05-17T13:18:29.165Z,Global,Now,-,-,-,0,0,0
2026-05-17T13:18:29.165Z,Global,Weekly,-,-,-,0,0,0
2026-05-17T13:18:29.165Z,Global,Monthly,-,-,-,0,0,0
2026-05-17T13:18:29.165Z,Global,All Time,-,-,-,0,0,0
2026-05-17T13:18:29.165Z,Japanese,Now,-,-,-,0,0,0
2026-05-17T13:18:29.165Z,Japanese,Weekly,-,-,-,0,0,0
2026-05-17T13:18:29.165Z,Japanese,Monthly,coban3137,79cf91bc-167e-481f-9a49-b581919560c4,BINARY,13,5651,736
2026-05-17T13:18:29.165Z,Japanese,All Time,-,-,-,0,0,0
2026-05-17T15:58:39.895Z,Global,Now,-,-,-,0,0,0
2026-05-17T15:58:39.895Z,Global,Weekly,-,-,-,0,0,0
2026-05-17T15:58:39.895Z,Global,Monthly,-,-,-,0,0,0
2026-05-17T15:58:39.895Z,Global,All Time,-,-,-,0,0,0
2026-05-17T15:58:39.895Z,Japanese,Now,-,-,-,0,0,0
2026-05-17T15:58:39.895Z,Japanese,Weekly,-,-,-,0,0,0
2026-05-17T15:58:39.895Z,Japanese,Monthly,coban3137,79cf91bc-167e-481f-9a49-b581919560c4,BINARY,13,5651,736
2026-05-17T15:58:39.895Z,Japanese,All Time,-,-,-,0,0,0
2026-05-17T19:08:04.073Z,Global,Now,-,-,-,0,0,0
2026-05-17T19:08:04.073Z,Global,Weekly,-,-,-,0,0,0
2026-05-17T19:08:04.073Z,Global,Monthly,-,-,-,0,0,0
2026-05-17T19:08:04.073Z,Global,All Time,-,-,-,0,0,0
2026-05-17T19:08:04.073Z,Japanese,Now,-,-,-,0,0,0
2026-05-17T19:08:04.073Z,Japanese,Weekly,-,-,-,0,0,0
2026-05-17T19:08:04.073Z,Japanese,Monthly,coban3137,79cf91bc-167e-481f-9a49-b581919560c4,BINARY,13,5651,736
2026-05-17T19:08:04.073Z,Japanese,All Time,-,-,-,0,0,0
2026-05-17T21:54:44.092Z,Global,Now,-,-,-,0,0,0
2026-05-17T21:54:44.092Z,Global,Weekly,-,-,-,0,0,0
2026-05-17T21:54:44.092Z,Global,Monthly,-,-,-,0,0,0
2026-05-17T21:54:44.092Z,Global,All Time,-,-,-,0,0,0
2026-05-17T21:54:44.092Z,Japanese,Now,-,-,-,0,0,0
2026-05-17T21:54:44.092Z,Japanese,Weekly,-,-,-,0,0,0
2026-05-17T21:54:44.092Z,Japanese,Monthly,coban3137,79cf91bc-167e-481f-9a49-b581919560c4,BINARY,13,5651,736
2026-05-17T21:54:44.092Z,Japanese,All Time,-,-,-,0,0,0
2026-05-18T04:00:30.085Z,Global,Now,-,-,-,0,0,0
2026-05-18T04:00:30.085Z,Global,Weekly,-,-,-,0,0,0
2026-05-18T04:00:30.085Z,Global,Monthly,-,-,-,0,0,0
2026-05-18T04:00:30.085Z,Global,All Time,-,-,-,0,0,0
2026-05-18T04:00:30.085Z,Japanese,Now,-,-,-,0,0,0
2026-05-18T04:00:30.085Z,Japanese,Weekly,-,-,-,0,0,0
2026-05-18T04:00:30.085Z,Japanese,Monthly,coban3137,79cf91bc-167e-481f-9a49-b581919560c4,BINARY,13,5651,736
2026-05-18T04:00:30.085Z,Japanese,All Time,-,-,-,0,0,0
2026-05-18T08:12:59.594Z,Global,Now,-,-,-,0,0,0
2026-05-18T08:12:59.594Z,Global,Weekly,-,-,-,0,0,0
2026-05-18T08:12:59.594Z,Global,Monthly,-,-,-,0,0,0
2026-05-18T08:12:59.594Z,Global,All Time,-,-,-,0,0,0
2026-05-18T08:12:59.594Z,Japanese,Now,-,-,-,0,0,0
2026-05-18T08:12:59.594Z,Japanese,Weekly,-,-,-,0,0,0
2026-05-18T08:12:59.594Z,Japanese,Monthly,coban3137,79cf91bc-167e-481f-9a49-b581919560c4,BINARY,13,5651,736
2026-05-18T08:12:59.594Z,Japanese,All Time,-,-,-,0,0,0
2026-05-18T12:29:44.090Z,Global,Now,-,-,-,0,0,0
2026-05-18T12:29:44.090Z,Global,Weekly,-,-,-,0,0,0
2026-05-18T12:29:44.090Z,Global,Monthly,-,-,-,0,0,0
2026-05-18T12:29:44.090Z,Global,All Time,-,-,-,0,0,0
2026-05-18T12:29:44.090Z,Japanese,Now,-,-,-,0,0,0
2026-05-18T12:29:44.090Z,Japanese,Weekly,-,-,-,0,0,0
2026-05-18T12:29:44.090Z,Japanese,Monthly,coban3137,79cf91bc-167e-481f-9a49-b581919560c4,BINARY,13,5651,736
2026-05-18T12:29:44.090Z,Japanese,All Time,-,-,-,0,0,0
2026-05-18T16:22:47.260Z,Global,Now,-,-,-,0,0,0
2026-05-18T16:22:47.260Z,Global,Weekly,-,-,-,0,0,0
2026-05-18T16:22:47.260Z,Global,Monthly,-,-,-,0,0,0
2026-05-18T16:22:47.260Z,Global,All Time,-,-,-,0,0,0
2026-05-18T16:22:47.260Z,Japanese,Now,-,-,-,0,0,0
2026-05-18T16:22:47.260Z,Japanese,Weekly,-,-,-,0,0,0
2026-05-18T16:22:47.260Z,Japanese,Monthly,coban3137,79cf91bc-167e-481f-9a49-b581919560c4,BINARY,13,5651,736
2026-05-18T16:22:47.260Z,Japanese,All Time,-,-,-,0,0,0
2026-05-18T20:24:26.742Z,Global,Now,-,-,-,0,0,0
2026-05-18T20:24:26.742Z,Global,Weekly,-,-,-,0,0,0
2026-05-18T20:24:26.742Z,Global,Monthly,-,-,-,0,0,0
2026-05-18T20:24:26.742Z,Global,All Time,-,-,-,0,0,0
2026-05-18T20:24:26.742Z,Japanese,Now,-,-,-,0,0,0
2026-05-18T20:24:26.742Z,Japanese,Weekly,-,-,-,0,0,0
2026-05-18T20:24:26.742Z,Japanese,Monthly,coban3137,79cf91bc-167e-481f-9a49-b581919560c4,BINARY,13,5651,736
2026-05-18T20:24:26.742Z,Japanese,All Time,-,-,-,0,0,0
2026-05-19T00:05:38.180Z,Global,Now,-,-,-,0,0,0
2026-05-19T00:05:38.180Z,Global,Weekly,-,-,-,0,0,0
2026-05-19T00:05:38.180Z,Global,Monthly,-,-,-,0,0,0
2026-05-19T00:05:38.180Z,Global,All Time,-,-,-,0,0,0
2026-05-19T00:05:38.180Z,Japanese,Now,-,-,-,0,0,0
2026-05-19T00:05:38.180Z,Japanese,Weekly,-,-,-,0,0,0
2026-05-19T00:05:38.180Z,Japanese,Monthly,coban3137,79cf91bc-167e-481f-9a49-b581919560c4,BINARY,13,5651,736
2026-05-19T00:05:38.180Z,Japanese,All Time,-,-,-,0,0,0
2026-05-19T04:59:56.856Z,Global,Now,-,-,-,0,0,0
2026-05-19T04:59:56.856Z,Global,Weekly,-,-,-,0,0,0
2026-05-19T04:59:56.856Z,Global,Monthly,-,-,-,0,0,0
2026-05-19T04:59:56.856Z,Global,All Time,-,-,-,0,0,0
2026-05-19T04:59:56.856Z,Japanese,Now,-,-,-,0,0,0
2026-05-19T04:59:56.856Z,Japanese,Weekly,-,-,-,0,0,0
2026-05-19T04:59:56.856Z,Japanese,Monthly,coban3137,79cf91bc-167e-481f-9a49-b581919560c4,BINARY,13,5651,736
2026-05-19T04:59:56.856Z,Japanese,All Time,-,-,-,0,0,0
2026-05-19T08:36:12.896Z,Global,Now,-,-,-,0,0,0
2026-05-19T08:36:12.896Z,Global,Weekly,-,-,-,0,0,0
2026-05-19T08:36:12.896Z,Global,Monthly,-,-,-,0,0,0
2026-05-19T08:36:12.896Z,Global,All Time,-,-,-,0,0,0
2026-05-19T08:36:12.896Z,Japanese,Now,-,-,-,0,0,0
2026-05-19T08:36:12.896Z,Japanese,Weekly,-,-,-,0,0,0
2026-05-19T08:36:12.896Z,Japanese,Monthly,coban3137,79cf91bc-167e-481f-9a49-b581919560c4,BINARY,13,5651,736
2026-05-19T08:36:12.896Z,Japanese,All Time,-,-,-,0,0,0
2026-05-19T12:10:11.264Z,Global,Now,-,-,-,0,0,0
2026-05-19T12:10:11.264Z,Global,Weekly,-,-,-,0,0,0
2026-05-19T12:10:11.264Z,Global,Monthly,-,-,-,0,0,0
2026-05-19T12:10:11.264Z,Global,All Time,-,-,-,0,0,0
2026-05-19T12:10:11.264Z,Japanese,Now,-,-,-,0,0,0
2026-05-19T12:10:11.264Z,Japanese,Weekly,-,-,-,0,0,0
2026-05-19T12:10:11.264Z,Japanese,Monthly,coban3137,79cf91bc-167e-481f-9a49-b581919560c4,BINARY,13,5651,736
2026-05-19T12:10:11.264Z,Japanese,All Time,-,-,-,0,0,0
2026-05-19T16:19:20.936Z,Global,Now,-,-,-,0,0,0
2026-05-19T16:19:20.936Z,Global,Weekly,-,-,-,0,0,0
2026-05-19T16:19:20.936Z,Global,Monthly,-,-,-,0,0,0
2026-05-19T16:19:20.936Z,Global,All Time,-,-,-,0,0,0
2026-05-19T16:19:20.936Z,Japanese,Now,-,-,-,0,0,0
2026-05-19T16:19:20.936Z,Japanese,Weekly,-,-,-,0,0,0
2026-05-19T16:19:20.936Z,Japanese,Monthly,coban3137,79cf91bc-167e-481f-9a49-b581919560c4,BINARY,13,5651,736
2026-05-19T16:19:20.936Z,Japanese,All Time,-,-,-,0,0,0
2026-05-19T19:00:08.982Z,Global,Now,-,-,-,0,0,0
2026-05-19T19:00:08.982Z,Global,Weekly,-,-,-,0,0,0
2026-05-19T19:00:08.982Z,Global,Monthly,-,-,-,0,0,0
2026-05-19T19:00:08.982Z,Global,All Time,-,-,-,0,0,0
2026-05-19T19:00:08.982Z,Japanese,Now,-,-,-,0,0,0
2026-05-19T19:00:08.982Z,Japanese,Weekly,-,-,-,0,0,0
2026-05-19T19:00:08.982Z,Japanese,Monthly,coban3137,79cf91bc-167e-481f-9a49-b581919560c4,BINARY,13,5651,736
2026-05-19T19:00:08.982Z,Japanese,All Time,-,-,-,0,0,0
2026-05-19T20:49:33.747Z,Global,Now,-,-,-,0,0,0
2026-05-19T20:49:33.747Z,Global,Weekly,-,-,-,0,0,0
2026-05-19T20:49:33.747Z,Global,Monthly,-,-,-,0,0,0
2026-05-19T20:49:33.747Z,Global,All Time,-,-,-,0,0,0
2026-05-19T20:49:33.747Z,Japanese,Now,-,-,-,0,0,0
2026-05-19T20:49:33.747Z,Japanese,Weekly,-,-,-,0,0,0
2026-05-19T20:49:33.747Z,Japanese,Monthly,coban3137,79cf91bc-167e-481f-9a49-b581919560c4,BINARY,13,5651,736
2026-05-19T20:49:33.747Z,Japanese,All Time,-,-,-,0,0,0
2026-05-19T22:16:16.918Z,Global,Now,-,-,-,0,0,0
2026-05-19T22:16:16.918Z,Global,Weekly,-,-,-,0,0,0
2026-05-19T22:16:16.918Z,Global,Monthly,-,-,-,0,0,0
2026-05-19T22:16:16.918Z,Global,All Time,-,-,-,0,0,0
2026-05-19T22:16:16.918Z,Japanese,Now,-,-,-,0,0,0
2026-05-19T22:16:16.918Z,Japanese,Weekly,-,-,-,0,0,0
2026-05-19T22:16:16.918Z,Japanese,Monthly,coban3137,79cf91bc-167e-481f-9a49-b581919560c4,BINARY,13,5651,736
2026-05-19T22:16:16.918Z,Japanese,All Time,-,-,-,0,0,0
2026-05-20T00:04:55.277Z,Global,Now,-,-,-,0,0,0
2026-05-20T00:04:55.277Z,Global,Weekly,-,-,-,0,0,0
2026-05-20T00:04:55.277Z,Global,Monthly,-,-,-,0,0,0
2026-05-20T00:04:55.277Z,Global,All Time,-,-,-,0,0,0
2026-05-20T00:04:55.277Z,Japanese,Now,darari_nu,91ccd9fb-a61f-42ac-b7e3-26b02d00788c,遠吠え,44,79,43
2026-05-20T00:04:55.277Z,Japanese,Weekly,-,-,-,0,0,0
2026-05-20T00:04:55.277Z,Japanese,Monthly,coban3137,79cf91bc-167e-481f-9a49-b581919560c4,BINARY,13,5651,736
2026-05-20T00:04:55.277Z,Japanese,All Time,-,-,-,0,0,0
2026-05-20T05:04:22.863Z,Global,Now,-,-,-,0,0,0
2026-05-20T05:04:22.863Z,Global,Weekly,-,-,-,0,0,0
2026-05-20T05:04:22.863Z,Global,Monthly,-,-,-,0,0,0
2026-05-20T05:04:22.863Z,Global,All Time,-,-,-,0,0,0
2026-05-20T05:04:22.863Z,Japanese,Now,darari_nu,91ccd9fb-a61f-42ac-b7e3-26b02d00788c,遠吠え,37,110,57
2026-05-20T05:04:22.863Z,Japanese,Weekly,-,-,-,0,0,0
2026-05-20T05:04:22.863Z,Japanese,Monthly,coban3137,79cf91bc-167e-481f-9a49-b581919560c4,BINARY,13,5651,736
2026-05-20T05:04:22.863Z,Japanese,All Time,-,-,-,0,0,0
2026-05-20T09:31:32.453Z,Global,Now,-,-,-,0,0,0
2026-05-20T09:31:32.453Z,Global,Weekly,-,-,-,0,0,0
2026-05-20T09:31:32.453Z,Global,Monthly,-,-,-,0,0,0
2026-05-20T09:31:32.453Z,Global,All Time,-,-,-,0,0,0
2026-05-20T09:31:32.453Z,Japanese,Now,darari_nu,91ccd9fb-a61f-42ac-b7e3-26b02d00788c,遠吠え,33,135,66
2026-05-20T09:31:32.453Z,Japanese,Weekly,-,-,-,0,0,0
2026-05-20T09:31:32.453Z,Japanese,Monthly,coban3137,79cf91bc-167e-481f-9a49-b581919560c4,BINARY,13,5651,736
2026-05-20T09:31:32.453Z,Japanese,All Time,-,-,-,0,0,0
2026-05-20T12:24:10.704Z,Global,Now,-,-,-,0,0,0
2026-05-20T12:24:10.704Z,Global,Weekly,-,-,-,0,0,0
2026-05-20T12:24:10.704Z,Global,Monthly,-,-,-,0,0,0
2026-05-20T12:24:10.704Z,Global,All Time,-,-,-,0,0,0
2026-05-20T12:24:10.704Z,Japanese,Now,darari_nu,91ccd9fb-a61f-42ac-b7e3-26b02d00788c,遠吠え,27,143,78
2026-05-20T12:24:10.704Z,Japanese,Weekly,-,-,-,0,0,0
2026-05-20T12:24:10.704Z,Japanese,Monthly,coban3137,79cf91bc-167e-481f-9a49-b581919560c4,BINARY,13,5651,736
2026-05-20T12:24:10.704Z,Japanese,All Time,-,-,-,0,0,0
2026-05-20T16:25:07.779Z,Global,Now,-,-,-,0,0,0
2026-05-20T16:25:07.779Z,Global,Weekly,-,-,-,0,0,0
2026-05-20T16:25:07.779Z,Global,Monthly,-,-,-,0,0,0
2026-05-20T16:25:07.779Z,Global,All Time,-,-,-,0,0,0
2026-05-20T16:25:07.779Z,Japanese,Now,darari_nu,91ccd9fb-a61f-42ac-b7e3-26b02d00788c,遠吠え,14,168,99
2026-05-20T16:25:07.779Z,Japanese,Weekly,darari_nu,91ccd9fb-a61f-42ac-b7e3-26b02d00788c,遠吠え,43,168,99
2026-05-20T16:25:07.779Z,Japanese,Monthly,coban3137,79cf91bc-167e-481f-9a49-b581919560c4,BINARY,13,5651,736
2026-05-20T16:25:07.779Z,Japanese,All Time,-,-,-,0,0,0
2026-05-20T19:24:15.644Z,Global,Now,-,-,-,0,0,0
2026-05-20T19:24:15.644Z,Global,Weekly,-,-,-,0,0,0
2026-05-20T19:24:15.644Z,Global,Monthly,-,-,-,0,0,0
2026-05-20T19:24:15.644Z,Global,All Time,-,-,-,0,0,0
2026-05-20T19:24:15.644Z,Japanese,Now,darari_nu,91ccd9fb-a61f-42ac-b7e3-26b02d00788c,遠吠え,13,168,105
2026-05-20T19:24:15.644Z,Japanese,Weekly,darari_nu,91ccd9fb-a61f-42ac-b7e3-26b02d00788c,遠吠え,39,168,105
2026-05-20T19:24:15.644Z,Japanese,Monthly,coban3137,79cf91bc-167e-481f-9a49-b581919560c4,BINARY,13,5651,736
2026-05-20T19:24:15.644Z,Japanese,All Time,-,-,-,0,0,0
2026-05-20T21:52:39.506Z,Global,Now,-,-,-,0,0,0
2026-05-20T21:52:39.506Z,Global,Weekly,-,-,-,0,0,0
2026-05-20T21:52:39.506Z,Global,Monthly,-,-,-,0,0,0
2026-05-20T21:52:39.506Z,Global,All Time,-,-,-,0,0,0
2026-05-20T21:52:39.506Z,Japanese,Now,darari_nu,91ccd9fb-a61f-42ac-b7e3-26b02d00788c,遠吠え,11,168,109
2026-05-20T21:52:39.506Z,Japanese,Weekly,darari_nu,91ccd9fb-a61f-42ac-b7e3-26b02d00788c,遠吠え,36,168,109
2026-05-20T21:52:39.506Z,Japanese,Monthly,coban3137,79cf91bc-167e-481f-9a49-b581919560c4,BINARY,13,5651,736
2026-05-20T21:52:39.506Z,Japanese,All Time,-,-,-,0,0,0
2026-05-20T23:12:53.861Z,Global,Now,-,-,-,0,0,0
2026-05-20T23:12:53.861Z,Global,Weekly,-,-,-,0,0,0
2026-05-20T23:12:53.861Z,Global,Monthly,-,-,-,0,0,0
2026-05-20T23:12:53.861Z,Global,All Time,-,-,-,0,0,0
2026-05-20T23:12:53.861Z,Japanese,Now,darari_nu,91ccd9fb-a61f-42ac-b7e3-26b02d00788c,遠吠え,10,168,115
2026-05-20T23:12:53.861Z,Japanese,Weekly,darari_nu,91ccd9fb-a61f-42ac-b7e3-26b02d00788c,遠吠え,27,168,115
2026-05-20T23:12:53.861Z,Japanese,Monthly,coban3137,79cf91bc-167e-481f-9a49-b581919560c4,BINARY,13,5651,736
2026-05-20T23:12:53.861Z,Japanese,All Time,-,-,-,0,0,0
2026-05-21T03:35:16.521Z,Global,Now,darari_nu,91ccd9fb-a61f-42ac-b7e3-26b02d00788c,遠吠え,33,203,124
2026-05-21T03:35:16.521Z,Global,Weekly,-,-,-,0,0,0
2026-05-21T03:35:16.521Z,Global,Monthly,-,-,-,0,0,0
2026-05-21T03:35:16.521Z,Global,All Time,-,-,-,0,0,0
2026-05-21T03:35:16.521Z,Japanese,Now,darari_nu,91ccd9fb-a61f-42ac-b7e3-26b02d00788c,遠吠え,8,203,124
2026-05-21T03:35:16.521Z,Japanese,Weekly,darari_nu,91ccd9fb-a61f-42ac-b7e3-26b02d00788c,遠吠え,22,203,124
2026-05-21T03:35:16.521Z,Japanese,Monthly,coban3137,79cf91bc-167e-481f-9a49-b581919560c4,BINARY,13,5651,736
2026-05-21T03:35:16.521Z,Japanese,All Time,-,-,-,0,0,0
2026-05-21T07:51:29.617Z,Global,Now,darari_nu,91ccd9fb-a61f-42ac-b7e3-26b02d00788c,遠吠え,33,227,132
2026-05-21T07:51:29.617Z,Global,Weekly,-,-,-,0,0,0
2026-05-21T07:51:29.617Z,Global,Monthly,-,-,-,0,0,0
2026-05-21T07:51:29.617Z,Global,All Time,-,-,-,0,0,0
2026-05-21T07:51:29.617Z,Japanese,Now,darari_nu,91ccd9fb-a61f-42ac-b7e3-26b02d00788c,遠吠え,6,227,132
2026-05-21T07:51:29.617Z,Japanese,Weekly,darari_nu,91ccd9fb-a61f-42ac-b7e3-26b02d00788c,遠吠え,17,227,132
2026-05-21T07:51:29.617Z,Japanese,Monthly,coban3137,79cf91bc-167e-481f-9a49-b581919560c4,BINARY,13,5651,736
2026-05-21T07:51:29.617Z,Japanese,All Time,-,-,-,0,0,0
2026-05-21T11:23:02.522Z,Global,Now,darari_nu,91ccd9fb-a61f-42ac-b7e3-26b02d00788c,遠吠え,25,243,142
2026-05-21T11:23:02.522Z,Global,Weekly,-,-,-,0,0,0
2026-05-21T11:23:02.522Z,Global,Monthly,-,-,-,0,0,0
2026-05-21T11:23:02.522Z,Global,All Time,-,-,-,0,0,0
2026-05-21T11:23:02.522Z,Japanese,Now,darari_nu,91ccd9fb-a61f-42ac-b7e3-26b02d00788c,遠吠え,4,243,142
2026-05-21T11:23:02.522Z,Japanese,Weekly,darari_nu,91ccd9fb-a61f-42ac-b7e3-26b02d00788c,遠吠え,16,243,142
2026-05-21T11:23:02.522Z,Japanese,Monthly,coban3137,79cf91bc-167e-481f-9a49-b581919560c4,BINARY,13,5651,736
2026-05-21T11:23:02.522Z,Japanese,All Time,-,-,-,0,0,0
2026-05-21T15:22:30.368Z,Global,Now,darari_nu,91ccd9fb-a61f-42ac-b7e3-26b02d00788c,遠吠え,16,291,158
2026-05-21T15:22:30.368Z,Global,Weekly,-,-,-,0,0,0
2026-05-21T15:22:30.368Z,Global,Monthly,-,-,-,0,0,0
2026-05-21T15:22:30.368Z,Global,All Time,-,-,-,0,0,0
2026-05-21T15:22:30.368Z,Japanese,Now,darari_nu,91ccd9fb-a61f-42ac-b7e3-26b02d00788c,遠吠え,3,291,158
2026-05-21T15:22:30.368Z,Japanese,Weekly,darari_nu,91ccd9fb-a61f-42ac-b7e3-26b02d00788c,遠吠え,14,291,158
2026-05-21T15:22:30.368Z,Japanese,Monthly,coban3137,79cf91bc-167e-481f-9a49-b581919560c4,BINARY,13,5651,736
2026-05-21T15:22:30.368Z,Japanese,All Time,-,-,-,0,0,0
2026-05-21T17:57:49.244Z,Global,Now,darari_nu,91ccd9fb-a61f-42ac-b7e3-26b02d00788c,遠吠え,13,306,172
2026-05-21T17:57:49.244Z,Global,Weekly,-,-,-,0,0,0
2026-05-21T17:57:49.244Z,Global,Monthly,-,-,-,0,0,0
2026-05-21T17:57:49.244Z,Global,All Time,-,-,-,0,0,0
2026-05-21T17:57:49.244Z,Japanese,Now,darari_nu,91ccd9fb-a61f-42ac-b7e3-26b02d00788c,遠吠え,3,306,172
2026-05-21T17:57:49.244Z,Japanese,Weekly,darari_nu,91ccd9fb-a61f-42ac-b7e3-26b02d00788c,遠吠え,12,306,172
2026-05-21T17:57:49.244Z,Japanese,Monthly,coban3137,79cf91bc-167e-481f-9a49-b581919560c4,BINARY,13,5651,736
2026-05-21T17:57:49.244Z,Japanese,All Time,-,-,-,0,0,0
2026-05-21T20:00:00.639Z,Global,Now,darari_nu,91ccd9fb-a61f-42ac-b7e3-26b02d00788c,遠吠え,11,314,180
2026-05-21T20:00:00.639Z,Global,Weekly,-,-,-,0,0,0
2026-05-21T20:00:00.639Z,Global,Monthly,-,-,-,0,0,0
2026-05-21T20:00:00.639Z,Global,All Time,-,-,-,0,0,0
2026-05-21T20:00:00.639Z,Japanese,Now,darari_nu,91ccd9fb-a61f-42ac-b7e3-26b02d00788c,遠吠え,2,314,180
2026-05-21T20:00:00.639Z,Japanese,Weekly,darari_nu,91ccd9fb-a61f-42ac-b7e3-26b02d00788c,遠吠え,12,314,180
2026-05-21T20:00:00.639Z,Japanese,Monthly,coban3137,79cf91bc-167e-481f-9a49-b581919560c4,BINARY,13,5651,736
2026-05-21T20:00:00.639Z,Japanese,All Time,-,-,-,0,0,0
2026-05-21T21:44:22.884Z,Global,Now,darari_nu,91ccd9fb-a61f-42ac-b7e3-26b02d00788c,遠吠え,11,343,185
2026-05-21T21:44:22.884Z,Global,Weekly,-,-,-,0,0,0
2026-05-21T21:44:22.884Z,Global,Monthly,-,-,-,0,0,0
2026-05-21T21:44:22.884Z,Global,All Time,-,-,-,0,0,0
2026-05-21T21:44:22.884Z,Japanese,Now,darari_nu,91ccd9fb-a61f-42ac-b7e3-26b02d00788c,遠吠え,2,343,185
2026-05-21T21:44:22.884Z,Japanese,Weekly,darari_nu,91ccd9fb-a61f-42ac-b7e3-26b02d00788c,遠吠え,12,343,185
2026-05-21T21:44:22.884Z,Japanese,Monthly,coban3137,79cf91bc-167e-481f-9a49-b581919560c4,BINARY,13,5651,736
2026-05-21T21:44:22.884Z,Japanese,All Time,-,-,-,0,0,0
2026-05-21T23:03:18.162Z,Global,Now,darari_nu,91ccd9fb-a61f-42ac-b7e3-26b02d00788c,遠吠え,11,388,186
2026-05-21T23:03:18.162Z,Global,Weekly,-,-,-,0,0,0
2026-05-21T23:03:18.162Z,Global,Monthly,-,-,-,0,0,0
2026-05-21T23:03:18.162Z,Global,All Time,-,-,-,0,0,0
2026-05-21T23:03:18.162Z,Japanese,Now,darari_nu,91ccd9fb-a61f-42ac-b7e3-26b02d00788c,遠吠え,2,388,186
2026-05-21T23:03:18.162Z,Japanese,Weekly,darari_nu,91ccd9fb-a61f-42ac-b7e3-26b02d00788c,遠吠え,12,388,186
2026-05-21T23:03:18.162Z,Japanese,Monthly,coban3137,79cf91bc-167e-481f-9a49-b581919560c4,BINARY,13,5651,736
2026-05-21T23:03:18.162Z,Japanese,All Time,-,-,-,0,0,0
2026-05-22T03:33:53.130Z,Global,Now,darari_nu,91ccd9fb-a61f-42ac-b7e3-26b02d00788c,遠吠え,9,436,191
2026-05-22T03:33:53.130Z,Global,Weekly,-,-,-,0,0,0
2026-05-22T03:33:53.130Z,Global,Monthly,-,-,-,0,0,0
2026-05-22T03:33:53.130Z,Global,All Time,-,-,-,0,0,0
2026-05-22T03:33:53.130Z,Japanese,Now,darari_nu,91ccd9fb-a61f-42ac-b7e3-26b02d00788c,遠吠え,2,436,191
2026-05-22T03:33:53.130Z,Japanese,Weekly,darari_nu,91ccd9fb-a61f-42ac-b7e3-26b02d00788c,遠吠え,11,436,191
2026-05-22T03:33:53.130Z,Japanese,Monthly,coban3137,79cf91bc-167e-481f-9a49-b581919560c4,BINARY,13,5651,736
2026-05-22T03:33:53.130Z,Japanese,All Time,-,-,-,0,0,0
2026-05-22T07:44:02.354Z,Global,Now,darari_nu,91ccd9fb-a61f-42ac-b7e3-26b02d00788c,遠吠え,7,445,195
2026-05-22T07:44:02.354Z,Global,Weekly,-,-,-,0,0,0
2026-05-22T07:44:02.354Z,Global,Monthly,-,-,-,0,0,0
2026-05-22T07:44:02.354Z,Global,All Time,-,-,-,0,0,0
2026-05-22T07:44:02.354Z,Japanese,Now,darari_nu,91ccd9fb-a61f-42ac-b7e3-26b02d00788c,遠吠え,2,445,195
2026-05-22T07:44:02.354Z,Japanese,Weekly,darari_nu,91ccd9fb-a61f-42ac-b7e3-26b02d00788c,遠吠え,11,445,195
2026-05-22T07:44:02.354Z,Japanese,Monthly,coban3137,79cf91bc-167e-481f-9a49-b581919560c4,BINARY,13,5651,736
2026-05-22T07:44:02.354Z,Japanese,All Time,-,-,-,0,0,0
2026-05-22T10:49:57.109Z,Global,Now,darari_nu,91ccd9fb-a61f-42ac-b7e3-26b02d00788c,遠吠え,7,485,201
2026-05-22T10:49:57.109Z,Global,Weekly,-,-,-,0,0,0
2026-05-22T10:49:57.109Z,Global,Monthly,-,-,-,0,0,0
2026-05-22T10:49:57.109Z,Global,All Time,-,-,-,0,0,0
2026-05-22T10:49:57.109Z,Japanese,Now,darari_nu,91ccd9fb-a61f-42ac-b7e3-26b02d00788c,遠吠え,2,485,201
2026-05-22T10:49:57.109Z,Japanese,Weekly,darari_nu,91ccd9fb-a61f-42ac-b7e3-26b02d00788c,遠吠え,10,485,201
2026-05-22T10:49:57.109Z,Japanese,Monthly,coban3137,79cf91bc-167e-481f-9a49-b581919560c4,BINARY,13,5651,736
2026-05-22T10:49:57.109Z,Japanese,All Time,-,-,-,0,0,0
2026-05-22T13:31:46.020Z,Global,Now,darari_nu,91ccd9fb-a61f-42ac-b7e3-26b02d00788c,遠吠え,6,569,207
2026-05-22T13:31:46.020Z,Global,Weekly,-,-,-,0,0,0
2026-05-22T13:31:46.020Z,Global,Monthly,-,-,-,0,0,0
2026-05-22T13:31:46.020Z,Global,All Time,-,-,-,0,0,0
2026-05-22T13:31:46.020Z,Japanese,Now,darari_nu,91ccd9fb-a61f-42ac-b7e3-26b02d00788c,遠吠え,2,569,207
2026-05-22T13:31:46.020Z,Japanese,Weekly,darari_nu,91ccd9fb-a61f-42ac-b7e3-26b02d00788c,遠吠え,10,569,207
2026-05-22T13:31:46.020Z,Japanese,Monthly,coban3137,79cf91bc-167e-481f-9a49-b581919560c4,BINARY,13,5651,736
2026-05-22T13:31:46.020Z,Japanese,All Time,-,-,-,0,0,0
2026-05-22T16:25:39.408Z,Global,Now,darari_nu,91ccd9fb-a61f-42ac-b7e3-26b02d00788c,遠吠え,7,569,210
2026-05-22T16:25:39.408Z,Global,Weekly,-,-,-,0,0,0
2026-05-22T16:25:39.408Z,Global,Monthly,-,-,-,0,0,0
2026-05-22T16:25:39.408Z,Global,All Time,-,-,-,0,0,0
2026-05-22T16:25:39.408Z,Japanese,Now,darari_nu,91ccd9fb-a61f-42ac-b7e3-26b02d00788c,遠吠え,2,569,210
2026-05-22T16:25:39.408Z,Japanese,Weekly,darari_nu,91ccd9fb-a61f-42ac-b7e3-26b02d00788c,遠吠え,11,569,210
2026-05-22T16:25:39.408Z,Japanese,Monthly,coban3137,79cf91bc-167e-481f-9a49-b581919560c4,BINARY,13,5651,736
2026-05-22T16:25:39.408Z,Japanese,All Time,-,-,-,0,0,0
2026-05-22T18:53:56.873Z,Global,Now,darari_nu,91ccd9fb-a61f-42ac-b7e3-26b02d00788c,遠吠え,7,569,210
2026-05-22T18:53:56.873Z,Global,Weekly,-,-,-,0,0,0
2026-05-22T18:53:56.873Z,Global,Monthly,-,-,-,0,0,0
2026-05-22T18:53:56.873Z,Global,All Time,-,-,-,0,0,0
2026-05-22T18:53:56.873Z,Japanese,Now,darari_nu,91ccd9fb-a61f-42ac-b7e3-26b02d00788c,遠吠え,3,569,210
2026-05-22T18:53:56.873Z,Japanese,Weekly,darari_nu,91ccd9fb-a61f-42ac-b7e3-26b02d00788c,遠吠え,11,569,210
2026-05-22T18:53:56.873Z,Japanese,Monthly,coban3137,79cf91bc-167e-481f-9a49-b581919560c4,BINARY,13,5651,736
2026-05-22T18:53:56.873Z,Japanese,All Time,-,-,-,0,0,0
2026-05-22T20:43:29.299Z,Global,Now,darari_nu,91ccd9fb-a61f-42ac-b7e3-26b02d00788c,遠吠え,7,569,212
2026-05-22T20:43:29.299Z,Global,Weekly,-,-,-,0,0,0
2026-05-22T20:43:29.299Z,Global,Monthly,-,-,-,0,0,0
2026-05-22T20:43:29.299Z,Global,All Time,-,-,-,0,0,0
2026-05-22T20:43:29.299Z,Japanese,Now,darari_nu,91ccd9fb-a61f-42ac-b7e3-26b02d00788c,遠吠え,3,569,212
2026-05-22T20:43:29.299Z,Japanese,Weekly,darari_nu,91ccd9fb-a61f-42ac-b7e3-26b02d00788c,遠吠え,11,569,212
2026-05-22T20:43:29.299Z,Japanese,Monthly,coban3137,79cf91bc-167e-481f-9a49-b581919560c4,BINARY,13,5651,736
2026-05-22T20:43:29.299Z,Japanese,All Time,-,-,-,0,0,0
2026-05-22T22:07:16.710Z,Global,Now,darari_nu,91ccd9fb-a61f-42ac-b7e3-26b02d00788c,遠吠え,7,569,213
2026-05-22T22:07:16.710Z,Global,Weekly,-,-,-,0,0,0
2026-05-22T22:07:16.710Z,Global,Monthly,-,-,-,0,0,0
2026-05-22T22:07:16.710Z,Global,All Time,-,-,-,0,0,0
2026-05-22T22:07:16.710Z,Japanese,Now,darari_nu,91ccd9fb-a61f-42ac-b7e3-26b02d00788c,遠吠え,3,569,213
2026-05-22T22:07:16.710Z,Japanese,Weekly,darari_nu,91ccd9fb-a61f-42ac-b7e3-26b02d00788c,遠吠え,11,569,213
2026-05-22T22:07:16.710Z,Japanese,Monthly,coban3137,79cf91bc-167e-481f-9a49-b581919560c4,BINARY,13,5651,736
2026-05-22T22:07:16.710Z,Japanese,All Time,-,-,-,0,0,0
2026-05-23T00:06:39.716Z,Global,Now,darari_nu,91ccd9fb-a61f-42ac-b7e3-26b02d00788c,遠吠え,8,587,213
2026-05-23T00:06:39.716Z,Global,Weekly,-,-,-,0,0,0
2026-05-23T00:06:39.716Z,Global,Monthly,-,-,-,0,0,0
2026-05-23T00:06:39.716Z,Global,All Time,-,-,-,0,0,0
2026-05-23T00:06:39.716Z,Japanese,Now,darari_nu,91ccd9fb-a61f-42ac-b7e3-26b02d00788c,遠吠え,3,587,213
2026-05-23T00:06:39.716Z,Japanese,Weekly,darari_nu,91ccd9fb-a61f-42ac-b7e3-26b02d00788c,遠吠え,11,587,213
2026-05-23T00:06:39.716Z,Japanese,Monthly,coban3137,79cf91bc-167e-481f-9a49-b581919560c4,BINARY,13,5651,736
2026-05-23T00:06:39.716Z,Japanese,All Time,-,-,-,0,0,0
2026-05-23T04:40:14.039Z,Global,Now,darari_nu,91ccd9fb-a61f-42ac-b7e3-26b02d00788c,遠吠え,9,594,216
2026-05-23T04:40:14.039Z,Global,Monthly,-,-,-,0,0,0
2026-05-23T04:40:14.039Z,Global,All Time,-,-,-,0,0,0
2026-05-23T04:40:14.039Z,Japanese,Now,darari_nu,91ccd9fb-a61f-42ac-b7e3-26b02d00788c,遠吠え,4,594,216
2026-05-23T04:40:14.039Z,Japanese,Weekly,darari_nu,91ccd9fb-a61f-42ac-b7e3-26b02d00788c,遠吠え,8,594,216
2026-05-23T04:40:14.039Z,Japanese,Monthly,coban3137,79cf91bc-167e-481f-9a49-b581919560c4,BINARY,13,5651,736
2026-05-23T04:40:14.039Z,Japanese,All Time,-,-,-,0,0,0
2026-05-23T07:31:08.495Z,Global,Now,-,-,-,0,0,0
2026-05-23T07:31:08.495Z,Global,Monthly,-,-,-,0,0,0
2026-05-23T07:31:08.495Z,Global,All Time,-,-,-,0,0,0
2026-05-23T07:31:08.495Z,Japanese,Now,darari_nu,91ccd9fb-a61f-42ac-b7e3-26b02d00788c,遠吠え,4,601,219
2026-05-23T07:31:08.495Z,Japanese,Weekly,darari_nu,91ccd9fb-a61f-42ac-b7e3-26b02d00788c,遠吠え,8,601,219
2026-05-23T07:31:08.495Z,Japanese,Monthly,coban3137,79cf91bc-167e-481f-9a49-b581919560c4,BINARY,13,5651,736
2026-05-23T07:31:08.495Z,Japanese,All Time,-,-,-,0,0,0
2026-05-23T09:51:54.001Z,Global,Now,-,-,-,0,0,0
2026-05-23T09:51:54.001Z,Global,Monthly,-,-,-,0,0,0
2026-05-23T09:51:54.001Z,Global,All Time,-,-,-,0,0,0
2026-05-23T09:51:54.001Z,Japanese,Now,darari_nu,91ccd9fb-a61f-42ac-b7e3-26b02d00788c,遠吠え,4,610,219
2026-05-23T09:51:54.001Z,Japanese,Weekly,darari_nu,91ccd9fb-a61f-42ac-b7e3-26b02d00788c,遠吠え,8,610,219
2026-05-23T09:51:54.001Z,Japanese,Monthly,coban3137,79cf91bc-167e-481f-9a49-b581919560c4,BINARY,13,5651,736
2026-05-23T09:51:54.001Z,Japanese,All Time,-,-,-,0,0,0
2026-05-23T11:10:23.603Z,Global,Now,-,-,-,0,0,0
2026-05-23T11:10:23.603Z,Global,Monthly,-,-,-,0,0,0
2026-05-23T11:10:23.603Z,Global,All Time,-,-,-,0,0,0
2026-05-23T11:10:23.603Z,Japanese,Now,darari_nu,91ccd9fb-a61f-42ac-b7e3-26b02d00788c,遠吠え,4,618,221
2026-05-23T11:10:23.603Z,Japanese,Weekly,darari_nu,91ccd9fb-a61f-42ac-b7e3-26b02d00788c,遠吠え,7,618,221
2026-05-23T11:10:23.603Z,Japanese,Monthly,coban3137,79cf91bc-167e-481f-9a49-b581919560c4,BINARY,13,5651,736
2026-05-23T11:10:23.603Z,Japanese,All Time,-,-,-,0,0,0
2026-05-23T13:23:17.264Z,Global,Now,-,-,-,0,0,0
2026-05-23T13:23:17.264Z,Global,Monthly,-,-,-,0,0,0
2026-05-23T13:23:17.264Z,Global,All Time,-,-,-,0,0,0
2026-05-23T13:23:17.264Z,Japanese,Now,darari_nu,91ccd9fb-a61f-42ac-b7e3-26b02d00788c,遠吠え,4,625,223
2026-05-23T13:23:17.264Z,Japanese,Weekly,darari_nu,91ccd9fb-a61f-42ac-b7e3-26b02d00788c,遠吠え,7,625,223
2026-05-23T13:23:17.264Z,Japanese,Monthly,coban3137,79cf91bc-167e-481f-9a49-b581919560c4,BINARY,13,5651,736
2026-05-23T13:23:17.264Z,Japanese,All Time,-,-,-,0,0,0
2026-05-23T15:00:18.594Z,Global,Now,-,-,-,0,0,0
2026-05-23T15:00:18.594Z,Global,Monthly,-,-,-,0,0,0
2026-05-23T15:00:18.594Z,Global,All Time,-,-,-,0,0,0
2026-05-23T15:00:18.594Z,Japanese,Now,-,-,-,0,0,0
2026-05-23T15:00:18.594Z,Japanese,Weekly,darari_nu,91ccd9fb-a61f-42ac-b7e3-26b02d00788c,遠吠え,7,625,223
2026-05-23T15:00:18.594Z,Japanese,Monthly,coban3137,79cf91bc-167e-481f-9a49-b581919560c4,BINARY,13,5651,736
2026-05-23T15:00:18.594Z,Japanese,All Time,-,-,-,0,0,0
2026-05-23T16:09:11.933Z,Global,Now,-,-,-,0,0,0
2026-05-23T16:09:11.933Z,Global,Monthly,-,-,-,0,0,0
2026-05-23T16:09:11.933Z,Global,All Time,-,-,-,0,0,0
2026-05-23T16:09:11.933Z,Japanese,Now,-,-,-,0,0,0
2026-05-23T16:09:11.933Z,Japanese,Weekly,darari_nu,91ccd9fb-a61f-42ac-b7e3-26b02d00788c,遠吠え,7,625,224
2026-05-23T16:09:11.933Z,Japanese,Monthly,coban3137,79cf91bc-167e-481f-9a49-b581919560c4,BINARY,13,5651,736
2026-05-23T16:09:11.933Z,Japanese,All Time,-,-,-,0,0,0
2026-05-23T18:00:30.773Z,Global,Now,-,-,-,0,0,0
2026-05-23T18:00:30.773Z,Global,Monthly,-,-,-,0,0,0
2026-05-23T18:00:30.773Z,Global,All Time,-,-,-,0,0,0
2026-05-23T18:00:30.773Z,Japanese,Now,-,-,-,0,0,0
2026-05-23T18:00:30.773Z,Japanese,Weekly,darari_nu,91ccd9fb-a61f-42ac-b7e3-26b02d00788c,遠吠え,7,634,224
2026-05-23T18:00:30.773Z,Japanese,Monthly,coban3137,79cf91bc-167e-481f-9a49-b581919560c4,BINARY,13,5651,736
2026-05-23T18:00:30.773Z,Japanese,All Time,-,-,-,0,0,0
2026-05-23T19:24:28.321Z,Global,Now,-,-,-,0,0,0
2026-05-23T19:24:28.321Z,Global,Monthly,-,-,-,0,0,0
2026-05-23T19:24:28.321Z,Global,All Time,-,-,-,0,0,0
2026-05-23T19:24:28.321Z,Japanese,Now,-,-,-,0,0,0
2026-05-23T19:24:28.321Z,Japanese,Weekly,darari_nu,91ccd9fb-a61f-42ac-b7e3-26b02d00788c,遠吠え,7,634,225
2026-05-23T19:24:28.321Z,Japanese,Monthly,coban3137,79cf91bc-167e-481f-9a49-b581919560c4,BINARY,13,5651,736
2026-05-23T19:24:28.321Z,Japanese,All Time,-,-,-,0,0,0
2026-05-23T20:51:13.156Z,Global,Now,-,-,-,0,0,0
2026-05-23T20:51:13.156Z,Global,Monthly,-,-,-,0,0,0
2026-05-23T20:51:13.156Z,Global,All Time,-,-,-,0,0,0
2026-05-23T20:51:13.156Z,Japanese,Now,-,-,-,0,0,0
2026-05-23T20:51:13.156Z,Japanese,Weekly,darari_nu,91ccd9fb-a61f-42ac-b7e3-26b02d00788c,遠吠え,7,634,225
2026-05-23T20:51:13.156Z,Japanese,Monthly,coban3137,79cf91bc-167e-481f-9a49-b581919560c4,BINARY,13,5651,736
2026-05-23T20:51:13.156Z,Japanese,All Time,-,-,-,0,0,0
2026-05-23T21:54:10.136Z,Global,Now,-,-,-,0,0,0
2026-05-23T21:54:10.136Z,Global,Monthly,-,-,-,0,0,0
2026-05-23T21:54:10.136Z,Global,All Time,-,-,-,0,0,0
2026-05-23T21:54:10.136Z,Japanese,Now,-,-,-,0,0,0
2026-05-23T21:54:10.136Z,Japanese,Weekly,darari_nu,91ccd9fb-a61f-42ac-b7e3-26b02d00788c,遠吠え,7,634,225
2026-05-23T21:54:10.136Z,Japanese,Monthly,coban3137,79cf91bc-167e-481f-9a49-b581919560c4,BINARY,13,5651,736
2026-05-23T21:54:10.136Z,Japanese,All Time,-,-,-,0,0,0
2026-05-23T22:52:41.299Z,Global,Now,-,-,-,0,0,0
2026-05-23T22:52:41.299Z,Global,Monthly,-,-,-,0,0,0
2026-05-23T22:52:41.299Z,Global,All Time,-,-,-,0,0,0
2026-05-23T22:52:41.299Z,Japanese,Now,-,-,-,0,0,0
2026-05-23T22:52:41.299Z,Japanese,Weekly,darari_nu,91ccd9fb-a61f-42ac-b7e3-26b02d00788c,遠吠え,7,642,226
2026-05-23T22:52:41.299Z,Japanese,Monthly,coban3137,79cf91bc-167e-481f-9a49-b581919560c4,BINARY,13,5651,736
2026-05-23T22:52:41.299Z,Japanese,All Time,-,-,-,0,0,0
2026-05-23T23:56:58.887Z,Global,Now,-,-,-,0,0,0
2026-05-23T23:56:58.887Z,Global,Monthly,-,-,-,0,0,0
2026-05-23T23:56:58.887Z,Global,All Time,-,-,-,0,0,0
2026-05-23T23:56:58.887Z,Japanese,Now,-,-,-,0,0,0
2026-05-23T23:56:58.887Z,Japanese,Weekly,darari_nu,91ccd9fb-a61f-42ac-b7e3-26b02d00788c,遠吠え,7,642,226
2026-05-23T23:56:58.887Z,Japanese,Monthly,coban3137,79cf91bc-167e-481f-9a49-b581919560c4,BINARY,13,5651,736
2026-05-23T23:56:58.887Z,Japanese,All Time,-,-,-,0,0,0
2026-05-24T03:51:29.805Z,Global,Now,-,-,-,0,0,0
2026-05-24T03:51:29.805Z,Global,Monthly,-,-,-,0,0,0
2026-05-24T03:51:29.805Z,Global,All Time,-,-,-,0,0,0
2026-05-24T03:51:29.805Z,Japanese,Now,-,-,-,0,0,0
2026-05-24T03:51:29.805Z,Japanese,Weekly,darari_nu,91ccd9fb-a61f-42ac-b7e3-26b02d00788c,遠吠え,7,649,226
2026-05-24T03:51:29.805Z,Japanese,Monthly,coban3137,79cf91bc-167e-481f-9a49-b581919560c4,BINARY,13,5651,736
2026-05-24T03:51:29.805Z,Japanese,All Time,-,-,-,0,0,0
2026-05-24T06:58:58.315Z,Global,Now,-,-,-,0,0,0
2026-05-24T06:58:58.315Z,Global,Monthly,-,-,-,0,0,0
2026-05-24T06:58:58.315Z,Global,All Time,-,-,-,0,0,0
2026-05-24T06:58:58.315Z,Japanese,Now,-,-,-,0,0,0
2026-05-24T06:58:58.315Z,Japanese,Weekly,darari_nu,91ccd9fb-a61f-42ac-b7e3-26b02d00788c,遠吠え,7,649,226
2026-05-24T06:58:58.315Z,Japanese,Monthly,coban3137,79cf91bc-167e-481f-9a49-b581919560c4,BINARY,13,5651,736
2026-05-24T06:58:58.315Z,Japanese,All Time,-,-,-,0,0,0
2026-05-24T09:24:50.877Z,Global,Now,-,-,-,0,0,0
2026-05-24T09:24:50.877Z,Global,Monthly,-,-,-,0,0,0
2026-05-24T09:24:50.877Z,Global,All Time,-,-,-,0,0,0
2026-05-24T09:24:50.877Z,Japanese,Now,-,-,-,0,0,0
2026-05-24T09:24:50.877Z,Japanese,Weekly,darari_nu,91ccd9fb-a61f-42ac-b7e3-26b02d00788c,遠吠え,5,656,226
2026-05-24T09:24:50.877Z,Japanese,Monthly,coban3137,79cf91bc-167e-481f-9a49-b581919560c4,BINARY,13,5651,736
2026-05-24T09:24:50.877Z,Japanese,All Time,-,-,-,0,0,0
2026-05-24T11:16:16.414Z,Global,Now,-,-,-,0,0,0
2026-05-24T11:16:16.414Z,Global,Weekly,-,-,-,0,0,0
2026-05-24T11:16:16.414Z,Global,Monthly,-,-,-,0,0,0
2026-05-24T11:16:16.414Z,Global,All Time,-,-,-,0,0,0
2026-05-24T11:16:16.414Z,Japanese,Now,-,-,-,0,0,0
2026-05-24T11:16:16.414Z,Japanese,Weekly,darari_nu,91ccd9fb-a61f-42ac-b7e3-26b02d00788c,遠吠え,5,665,226
2026-05-24T11:16:16.414Z,Japanese,Monthly,coban3137,79cf91bc-167e-481f-9a49-b581919560c4,BINARY,13,5651,736
2026-05-24T11:16:16.414Z,Japanese,All Time,-,-,-,0,0,0
2026-05-24T13:24:15.041Z,Global,Now,-,-,-,0,0,0
2026-05-24T13:24:15.041Z,Global,Weekly,-,-,-,0,0,0
2026-05-24T13:24:15.041Z,Global,Monthly,-,-,-,0,0,0
2026-05-24T13:24:15.041Z,Global,All Time,-,-,-,0,0,0
2026-05-24T13:24:15.041Z,Japanese,Now,-,-,-,0,0,0
2026-05-24T13:24:15.041Z,Japanese,Weekly,darari_nu,91ccd9fb-a61f-42ac-b7e3-26b02d00788c,遠吠え,5,682,226
2026-05-24T13:24:15.041Z,Japanese,Monthly,coban3137,79cf91bc-167e-481f-9a49-b581919560c4,BINARY,13,5651,736
2026-05-24T13:24:15.041Z,Japanese,All Time,-,-,-,0,0,0
2026-05-24T15:03:25.301Z,Global,Now,-,-,-,0,0,0
2026-05-24T15:03:25.301Z,Global,Weekly,-,-,-,0,0,0
2026-05-24T15:03:25.301Z,Global,Monthly,-,-,-,0,0,0
2026-05-24T15:03:25.301Z,Global,All Time,-,-,-,0,0,0
2026-05-24T15:03:25.301Z,Japanese,Now,-,-,-,0,0,0
2026-05-24T15:03:25.301Z,Japanese,Weekly,darari_nu,91ccd9fb-a61f-42ac-b7e3-26b02d00788c,遠吠え,5,682,226
2026-05-24T15:03:25.301Z,Japanese,Monthly,coban3137,79cf91bc-167e-481f-9a49-b581919560c4,BINARY,13,5651,736
2026-05-24T15:03:25.301Z,Japanese,All Time,-,-,-,0,0,0
2026-05-24T16:59:55.240Z,Global,Now,-,-,-,0,0,0
2026-05-24T16:59:55.240Z,Global,Weekly,-,-,-,0,0,0
2026-05-24T16:59:55.240Z,Global,Monthly,-,-,-,0,0,0
2026-05-24T16:59:55.240Z,Global,All Time,-,-,-,0,0,0
2026-05-24T16:59:55.240Z,Japanese,Now,-,-,-,0,0,0
2026-05-24T16:59:55.240Z,Japanese,Weekly,darari_nu,91ccd9fb-a61f-42ac-b7e3-26b02d00788c,遠吠え,5,682,226
2026-05-24T16:59:55.240Z,Japanese,Monthly,coban3137,79cf91bc-167e-481f-9a49-b581919560c4,BINARY,13,5651,736
2026-05-24T16:59:55.240Z,Japanese,All Time,-,-,-,0,0,0
2026-05-24T18:06:03.209Z,Global,Now,-,-,-,0,0,0
2026-05-24T18:06:03.209Z,Global,Weekly,-,-,-,0,0,0
2026-05-24T18:06:03.209Z,Global,Monthly,-,-,-,0,0,0
2026-05-24T18:06:03.209Z,Global,All Time,-,-,-,0,0,0
2026-05-24T18:06:03.209Z,Japanese,Now,-,-,-,0,0,0
2026-05-24T18:06:03.209Z,Japanese,Weekly,darari_nu,91ccd9fb-a61f-42ac-b7e3-26b02d00788c,遠吠え,5,689,226
2026-05-24T18:06:03.209Z,Japanese,Monthly,coban3137,79cf91bc-167e-481f-9a49-b581919560c4,BINARY,13,5651,736
2026-05-24T18:06:03.209Z,Japanese,All Time,-,-,-,0,0,0
2026-05-24T20:04:32.515Z,Global,Now,-,-,-,0,0,0
2026-05-24T20:04:32.515Z,Global,Weekly,-,-,-,0,0,0
2026-05-24T20:04:32.515Z,Global,Monthly,-,-,-,0,0,0
2026-05-24T20:04:32.515Z,Global,All Time,-,-,-,0,0,0
2026-05-24T20:04:32.515Z,Japanese,Now,-,-,-,0,0,0
2026-05-24T20:04:32.515Z,Japanese,Weekly,darari_nu,91ccd9fb-a61f-42ac-b7e3-26b02d00788c,遠吠え,5,689,226
2026-05-24T20:04:32.515Z,Japanese,Monthly,coban3137,79cf91bc-167e-481f-9a49-b581919560c4,BINARY,13,5651,736
2026-05-24T20:04:32.515Z,Japanese,All Time,-,-,-,0,0,0
2026-05-24T21:56:15.554Z,Global,Now,-,-,-,0,0,0
2026-05-24T21:56:15.554Z,Global,Weekly,-,-,-,0,0,0
2026-05-24T21:56:15.554Z,Global,Monthly,-,-,-,0,0,0
2026-05-24T21:56:15.554Z,Global,All Time,-,-,-,0,0,0
2026-05-24T21:56:15.554Z,Japanese,Now,-,-,-,0,0,0
2026-05-24T21:56:15.554Z,Japanese,Weekly,darari_nu,91ccd9fb-a61f-42ac-b7e3-26b02d00788c,遠吠え,5,689,226
2026-05-24T21:56:15.554Z,Japanese,Monthly,coban3137,79cf91bc-167e-481f-9a49-b581919560c4,BINARY,13,5651,736
2026-05-24T21:56:15.554Z,Japanese,All Time,-,-,-,0,0,0
2026-05-24T22:58:34.086Z,Global,Now,-,-,-,0,0,0
2026-05-24T22:58:34.086Z,Global,Weekly,-,-,-,0,0,0
2026-05-24T22:58:34.086Z,Global,Monthly,-,-,-,0,0,0
2026-05-24T22:58:34.086Z,Global,All Time,-,-,-,0,0,0
2026-05-24T22:58:34.086Z,Japanese,Now,-,-,-,0,0,0
2026-05-24T22:58:34.086Z,Japanese,Weekly,darari_nu,91ccd9fb-a61f-42ac-b7e3-26b02d00788c,遠吠え,5,689,226
2026-05-24T22:58:34.086Z,Japanese,Monthly,coban3137,79cf91bc-167e-481f-9a49-b581919560c4,BINARY,13,5651,736
2026-05-24T22:58:34.086Z,Japanese,All Time,-,-,-,0,0,0
2026-05-25T00:07:12.386Z,Global,Now,-,-,-,0,0,0
2026-05-25T00:07:12.386Z,Global,Weekly,-,-,-,0,0,0
2026-05-25T00:07:12.386Z,Global,Monthly,-,-,-,0,0,0
2026-05-25T00:07:12.386Z,Global,All Time,-,-,-,0,0,0
2026-05-25T00:07:12.386Z,Japanese,Now,-,-,-,0,0,0
2026-05-25T00:07:12.386Z,Japanese,Weekly,darari_nu,91ccd9fb-a61f-42ac-b7e3-26b02d00788c,遠吠え,5,689,226
2026-05-25T00:07:12.386Z,Japanese,Monthly,coban3137,79cf91bc-167e-481f-9a49-b581919560c4,BINARY,13,5651,736
2026-05-25T00:07:12.386Z,Japanese,All Time,-,-,-,0,0,0
2026-05-25T05:19:33.958Z,Global,Now,-,-,-,0,0,0
2026-05-25T05:19:33.958Z,Global,Weekly,-,-,-,0,0,0
2026-05-25T05:19:33.958Z,Global,Monthly,-,-,-,0,0,0
2026-05-25T05:19:33.958Z,Global,All Time,-,-,-,0,0,0
2026-05-25T05:19:33.958Z,Japanese,Now,-,-,-,0,0,0
2026-05-25T05:19:33.958Z,Japanese,Weekly,darari_nu,91ccd9fb-a61f-42ac-b7e3-26b02d00788c,遠吠え,6,716,226
2026-05-25T05:19:33.958Z,Japanese,Monthly,coban3137,79cf91bc-167e-481f-9a49-b581919560c4,BINARY,13,5651,736
2026-05-25T05:19:33.958Z,Japanese,All Time,-,-,-,0,0,0
2026-05-25T10:03:41.979Z,Global,Now,-,-,-,0,0,0
2026-05-25T10:03:41.979Z,Global,Weekly,-,-,-,0,0,0
2026-05-25T10:03:41.979Z,Global,Monthly,-,-,-,0,0,0
2026-05-25T10:03:41.979Z,Global,All Time,-,-,-,0,0,0
2026-05-25T10:03:41.979Z,Japanese,Now,-,-,-,0,0,0
2026-05-25T10:03:41.979Z,Japanese,Weekly,darari_nu,91ccd9fb-a61f-42ac-b7e3-26b02d00788c,遠吠え,6,725,226
2026-05-25T10:03:41.979Z,Japanese,Monthly,coban3137,79cf91bc-167e-481f-9a49-b581919560c4,BINARY,13,5651,736
2026-05-25T10:03:41.979Z,Japanese,All Time,-,-,-,0,0,0
2026-05-25T13:59:19.708Z,Global,Now,-,-,-,0,0,0
2026-05-25T13:59:19.708Z,Global,Weekly,-,-,-,0,0,0
2026-05-25T13:59:19.708Z,Global,Monthly,-,-,-,0,0,0
2026-05-25T13:59:19.708Z,Global,All Time,-,-,-,0,0,0
2026-05-25T13:59:19.708Z,Japanese,Now,-,-,-,0,0,0
2026-05-25T13:59:19.708Z,Japanese,Weekly,darari_nu,91ccd9fb-a61f-42ac-b7e3-26b02d00788c,遠吠え,6,759,227
2026-05-25T13:59:19.708Z,Japanese,Monthly,coban3137,79cf91bc-167e-481f-9a49-b581919560c4,BINARY,13,5651,736
2026-05-25T13:59:19.708Z,Japanese,All Time,-,-,-,0,0,0
2026-05-25T16:28:30.072Z,Global,Now,-,-,-,0,0,0
2026-05-25T16:28:30.072Z,Global,Weekly,-,-,-,0,0,0
2026-05-25T16:28:30.072Z,Global,Monthly,-,-,-,0,0,0
2026-05-25T16:28:30.072Z,Global,All Time,-,-,-,0,0,0
2026-05-25T16:28:30.072Z,Japanese,Now,-,-,-,0,0,0
2026-05-25T16:28:30.072Z,Japanese,Weekly,darari_nu,91ccd9fb-a61f-42ac-b7e3-26b02d00788c,遠吠え,5,776,227
2026-05-25T16:28:30.072Z,Japanese,Monthly,coban3137,79cf91bc-167e-481f-9a49-b581919560c4,BINARY,13,5651,736
2026-05-25T16:28:30.072Z,Japanese,All Time,-,-,-,0,0,0
2026-05-25T18:25:15.582Z,Global,Now,-,-,-,0,0,0
2026-05-25T18:25:15.582Z,Global,Weekly,-,-,-,0,0,0
2026-05-25T18:25:15.582Z,Global,Monthly,-,-,-,0,0,0
2026-05-25T18:25:15.582Z,Global,All Time,-,-,-,0,0,0
2026-05-25T18:25:15.582Z,Japanese,Now,-,-,-,0,0,0
2026-05-25T18:25:15.582Z,Japanese,Weekly,darari_nu,91ccd9fb-a61f-42ac-b7e3-26b02d00788c,遠吠え,5,791,227
2026-05-25T18:25:15.582Z,Japanese,Monthly,coban3137,79cf91bc-167e-481f-9a49-b581919560c4,BINARY,13,5651,736
2026-05-25T18:25:15.582Z,Japanese,All Time,-,-,-,0,0,0
2026-05-25T20:22:47.111Z,Global,Now,-,-,-,0,0,0
2026-05-25T20:22:47.111Z,Global,Weekly,-,-,-,0,0,0
2026-05-25T20:22:47.111Z,Global,Monthly,-,-,-,0,0,0
2026-05-25T20:22:47.111Z,Global,All Time,-,-,-,0,0,0
2026-05-25T20:22:47.111Z,Japanese,Now,-,-,-,0,0,0
2026-05-25T20:22:47.111Z,Japanese,Weekly,darari_nu,91ccd9fb-a61f-42ac-b7e3-26b02d00788c,遠吠え,5,791,227
2026-05-25T20:22:47.111Z,Japanese,Monthly,coban3137,79cf91bc-167e-481f-9a49-b581919560c4,BINARY,13,5651,736
2026-05-25T20:22:47.111Z,Japanese,All Time,-,-,-,0,0,0
2026-05-25T22:08:04.254Z,Global,Now,-,-,-,0,0,0
2026-05-25T22:08:04.254Z,Global,Weekly,-,-,-,0,0,0
2026-05-25T22:08:04.254Z,Global,Monthly,-,-,-,0,0,0
2026-05-25T22:08:04.254Z,Global,All Time,-,-,-,0,0,0
2026-05-25T22:08:04.254Z,Japanese,Now,-,-,-,0,0,0
2026-05-25T22:08:04.254Z,Japanese,Weekly,darari_nu,91ccd9fb-a61f-42ac-b7e3-26b02d00788c,遠吠え,5,791,227
2026-05-25T22:08:04.254Z,Japanese,Monthly,coban3137,79cf91bc-167e-481f-9a49-b581919560c4,BINARY,13,5651,736
2026-05-25T22:08:04.254Z,Japanese,All Time,-,-,-,0,0,0
2026-05-26T00:04:59.285Z,Global,Now,-,-,-,0,0,0
2026-05-26T00:04:59.285Z,Global,Weekly,-,-,-,0,0,0
2026-05-26T00:04:59.285Z,Global,Monthly,-,-,-,0,0,0
2026-05-26T00:04:59.285Z,Global,All Time,-,-,-,0,0,0
2026-05-26T00:04:59.285Z,Japanese,Now,-,-,-,0,0,0
2026-05-26T00:04:59.285Z,Japanese,Weekly,darari_nu,91ccd9fb-a61f-42ac-b7e3-26b02d00788c,遠吠え,5,799,227
2026-05-26T00:04:59.285Z,Japanese,Monthly,coban3137,79cf91bc-167e-481f-9a49-b581919560c4,BINARY,13,5651,736
2026-05-26T00:04:59.285Z,Japanese,All Time,-,-,-,0,0,0
2026-05-26T05:03:15.248Z,Global,Now,-,-,-,0,0,0
2026-05-26T05:03:15.248Z,Global,Weekly,-,-,-,0,0,0
2026-05-26T05:03:15.248Z,Global,Monthly,-,-,-,0,0,0
2026-05-26T05:03:15.248Z,Global,All Time,-,-,-,0,0,0
2026-05-26T05:03:15.248Z,Japanese,Now,-,-,-,0,0,0
2026-05-26T05:03:15.248Z,Japanese,Weekly,darari_nu,91ccd9fb-a61f-42ac-b7e3-26b02d00788c,遠吠え,11,799,226
2026-05-26T05:03:15.248Z,Japanese,Monthly,coban3137,79cf91bc-167e-481f-9a49-b581919560c4,BINARY,13,5651,736
2026-05-26T05:03:15.248Z,Japanese,All Time,-,-,-,0,0,0
2026-05-26T09:55:04.694Z,Global,Now,-,-,-,0,0,0
2026-05-26T09:55:04.694Z,Global,Weekly,-,-,-,0,0,0
2026-05-26T09:55:04.694Z,Global,Monthly,-,-,-,0,0,0
2026-05-26T09:55:04.694Z,Global,All Time,-,-,-,0,0,0
2026-05-26T09:55:04.694Z,Japanese,Now,-,-,-,0,0,0
2026-05-26T09:55:04.694Z,Japanese,Weekly,darari_nu,91ccd9fb-a61f-42ac-b7e3-26b02d00788c,遠吠え,10,799,228
2026-05-26T09:55:04.694Z,Japanese,Monthly,coban3137,79cf91bc-167e-481f-9a49-b581919560c4,BINARY,13,5651,736
2026-05-26T09:55:04.694Z,Japanese,All Time,-,-,-,0,0,0
2026-05-26T16:42:26.759Z,Global,Now,-,-,-,0,0,0
2026-05-26T16:42:26.759Z,Global,Weekly,-,-,-,0,0,0
2026-05-26T16:42:26.759Z,Global,Monthly,-,-,-,0,0,0
2026-05-26T16:42:26.759Z,Global,All Time,-,-,-,0,0,0
2026-05-26T16:42:26.759Z,Japanese,Now,-,-,-,0,0,0
2026-05-26T16:42:26.759Z,Japanese,Weekly,darari_nu,91ccd9fb-a61f-42ac-b7e3-26b02d00788c,遠吠え,11,799,228
2026-05-26T16:42:26.759Z,Japanese,Monthly,coban3137,79cf91bc-167e-481f-9a49-b581919560c4,BINARY,13,5651,736
2026-05-26T16:42:26.759Z,Japanese,All Time,-,-,-,0,0,0
2026-05-26T19:21:40.007Z,Global,Now,-,-,-,0,0,0
2026-05-26T19:21:40.007Z,Global,Weekly,-,-,-,0,0,0
2026-05-26T19:21:40.007Z,Global,Monthly,-,-,-,0,0,0
2026-05-26T19:21:40.007Z,Global,All Time,-,-,-,0,0,0
2026-05-26T19:21:40.007Z,Japanese,Now,-,-,-,0,0,0
2026-05-26T19:21:40.007Z,Japanese,Weekly,darari_nu,91ccd9fb-a61f-42ac-b7e3-26b02d00788c,遠吠え,4,799,228
2026-05-26T19:21:40.007Z,Japanese,Monthly,coban3137,79cf91bc-167e-481f-9a49-b581919560c4,BINARY,13,5651,736
2026-05-26T19:21:40.007Z,Japanese,All Time,-,-,-,0,0,0
2026-05-26T21:44:45.566Z,Global,Now,-,-,-,0,0,0
2026-05-26T21:44:45.566Z,Global,Weekly,-,-,-,0,0,0
2026-05-26T21:44:45.566Z,Global,Monthly,-,-,-,0,0,0
2026-05-26T21:44:45.566Z,Global,All Time,-,-,-,0,0,0
2026-05-26T21:44:45.566Z,Japanese,Now,-,-,-,0,0,0
2026-05-26T21:44:45.566Z,Japanese,Weekly,darari_nu,91ccd9fb-a61f-42ac-b7e3-26b02d00788c,遠吠え,3,799,228
2026-05-26T21:44:45.566Z,Japanese,Monthly,coban3137,79cf91bc-167e-481f-9a49-b581919560c4,BINARY,13,5651,736
2026-05-26T21:44:45.566Z,Japanese,All Time,-,-,-,0,0,0
2026-05-26T23:09:58.608Z,Global,Now,-,-,-,0,0,0
2026-05-26T23:09:58.608Z,Global,Weekly,-,-,-,0,0,0
2026-05-26T23:09:58.608Z,Global,Monthly,-,-,-,0,0,0
2026-05-26T23:09:58.608Z,Global,All Time,-,-,-,0,0,0
2026-05-26T23:09:58.608Z,Japanese,Now,-,-,-,0,0,0
2026-05-26T23:09:58.608Z,Japanese,Weekly,darari_nu,91ccd9fb-a61f-42ac-b7e3-26b02d00788c,遠吠え,3,799,228
2026-05-26T23:09:58.608Z,Japanese,Monthly,coban3137,79cf91bc-167e-481f-9a49-b581919560c4,BINARY,13,5651,736
2026-05-26T23:09:58.608Z,Japanese,All Time,-,-,-,0,0,0
2026-05-27T03:40:43.837Z,Global,Now,-,-,-,0,0,0
2026-05-27T03:40:43.837Z,Global,Weekly,-,-,-,0,0,0
2026-05-27T03:40:43.837Z,Global,Monthly,-,-,-,0,0,0
2026-05-27T03:40:43.837Z,Global,All Time,-,-,-,0,0,0
2026-05-27T03:40:43.837Z,Japanese,Now,-,-,-,0,0,0
2026-05-27T03:40:43.837Z,Japanese,Weekly,-,-,-,0,0,0
2026-05-27T03:40:43.837Z,Japanese,Monthly,coban3137,79cf91bc-167e-481f-9a49-b581919560c4,BINARY,13,5651,736
2026-05-27T03:40:43.837Z,Japanese,All Time,-,-,-,0,0,0
2026-05-27T08:03:30.168Z,Global,Now,-,-,-,0,0,0
2026-05-27T08:03:30.168Z,Global,Weekly,-,-,-,0,0,0
2026-05-27T08:03:30.168Z,Global,Monthly,-,-,-,0,0,0
2026-05-27T08:03:30.168Z,Global,All Time,-,-,-,0,0,0
2026-05-27T08:03:30.168Z,Japanese,Now,-,-,-,0,0,0
2026-05-27T08:03:30.168Z,Japanese,Weekly,-,-,-,0,0,0
2026-05-27T08:03:30.168Z,Japanese,Monthly,coban3137,79cf91bc-167e-481f-9a49-b581919560c4,BINARY,13,5651,736
2026-05-27T08:03:30.168Z,Japanese,All Time,-,-,-,0,0,0
2026-05-27T12:20:34.753Z,Global,Now,-,-,-,0,0,0
2026-05-27T12:20:34.753Z,Global,Weekly,-,-,-,0,0,0
2026-05-27T12:20:34.753Z,Global,Monthly,-,-,-,0,0,0
2026-05-27T12:20:34.753Z,Global,All Time,-,-,-,0,0,0
2026-05-27T12:20:34.753Z,Japanese,Now,-,-,-,0,0,0
2026-05-27T12:20:34.753Z,Japanese,Weekly,-,-,-,0,0,0
2026-05-27T12:20:34.753Z,Japanese,Monthly,coban3137,79cf91bc-167e-481f-9a49-b581919560c4,BINARY,13,5651,736
2026-05-27T12:20:34.753Z,Japanese,All Time,-,-,-,0,0,0
2026-05-27T16:36:49.879Z,Global,Now,-,-,-,0,0,0
2026-05-27T16:36:49.879Z,Global,Weekly,-,-,-,0,0,0
2026-05-27T16:36:49.879Z,Global,Monthly,-,-,-,0,0,0
2026-05-27T16:36:49.879Z,Global,All Time,-,-,-,0,0,0
2026-05-27T16:36:49.879Z,Japanese,Now,-,-,-,0,0,0
2026-05-27T16:36:49.879Z,Japanese,Weekly,-,-,-,0,0,0
2026-05-27T16:36:49.879Z,Japanese,Monthly,coban3137,79cf91bc-167e-481f-9a49-b581919560c4,BINARY,13,5651,736
2026-05-27T16:36:49.879Z,Japanese,All Time,-,-,-,0,0,0
2026-05-27T19:24:24.547Z,Global,Now,-,-,-,0,0,0
2026-05-27T19:24:24.547Z,Global,Weekly,-,-,-,0,0,0
2026-05-27T19:24:24.547Z,Global,Monthly,-,-,-,0,0,0
2026-05-27T19:24:24.547Z,Global,All Time,-,-,-,0,0,0
2026-05-27T19:24:24.547Z,Japanese,Now,-,-,-,0,0,0
2026-05-27T19:24:24.547Z,Japanese,Weekly,-,-,-,0,0,0
2026-05-27T19:24:24.547Z,Japanese,Monthly,coban3137,79cf91bc-167e-481f-9a49-b581919560c4,BINARY,13,5651,736
2026-05-27T19:24:24.547Z,Japanese,All Time,-,-,-,0,0,0
2026-05-27T21:54:16.790Z,Global,Now,-,-,-,0,0,0
2026-05-27T21:54:16.790Z,Global,Weekly,-,-,-,0,0,0
2026-05-27T21:54:16.790Z,Global,Monthly,-,-,-,0,0,0
2026-05-27T21:54:16.790Z,Global,All Time,-,-,-,0,0,0
2026-05-27T21:54:16.790Z,Japanese,Now,-,-,-,0,0,0
2026-05-27T21:54:16.790Z,Japanese,Weekly,-,-,-,0,0,0
2026-05-27T21:54:16.790Z,Japanese,Monthly,coban3137,79cf91bc-167e-481f-9a49-b581919560c4,BINARY,13,5651,736
2026-05-27T21:54:16.790Z,Japanese,All Time,-,-,-,0,0,0
2026-05-27T23:17:20.495Z,Global,Now,-,-,-,0,0,0
2026-05-27T23:17:20.495Z,Global,Weekly,-,-,-,0,0,0
2026-05-27T23:17:20.495Z,Global,Monthly,-,-,-,0,0,0
2026-05-27T23:17:20.495Z,Global,All Time,-,-,-,0,0,0
2026-05-27T23:17:20.495Z,Japanese,Now,-,-,-,0,0,0
2026-05-27T23:17:20.495Z,Japanese,Weekly,-,-,-,0,0,0
2026-05-27T23:17:20.495Z,Japanese,Monthly,coban3137,79cf91bc-167e-481f-9a49-b581919560c4,BINARY,13,5651,736
2026-05-27T23:17:20.495Z,Japanese,All Time,-,-,-,0,0,0
2026-05-28T03:29:34.538Z,Global,Now,-,-,-,0,0,0
2026-05-28T03:29:34.538Z,Global,Weekly,-,-,-,0,0,0
2026-05-28T03:29:34.538Z,Global,Monthly,-,-,-,0,0,0
2026-05-28T03:29:34.538Z,Global,All Time,-,-,-,0,0,0
2026-05-28T03:29:34.538Z,Japanese,Now,-,-,-,0,0,0
2026-05-28T03:29:34.538Z,Japanese,Weekly,-,-,-,0,0,0
2026-05-28T03:29:34.538Z,Japanese,Monthly,coban3137,79cf91bc-167e-481f-9a49-b581919560c4,BINARY,13,5660,736
2026-05-28T03:29:34.538Z,Japanese,All Time,-,-,-,0,0,0
2026-05-28T07:57:07.498Z,Global,Now,-,-,-,0,0,0
2026-05-28T07:57:07.498Z,Global,Weekly,-,-,-,0,0,0
2026-05-28T07:57:07.498Z,Global,Monthly,-,-,-,0,0,0
2026-05-28T07:57:07.498Z,Global,All Time,-,-,-,0,0,0
2026-05-28T07:57:07.498Z,Japanese,Now,-,-,-,0,0,0
2026-05-28T07:57:07.498Z,Japanese,Weekly,-,-,-,0,0,0
2026-05-28T07:57:07.498Z,Japanese,Monthly,coban3137,79cf91bc-167e-481f-9a49-b581919560c4,BINARY,13,5660,736
2026-05-28T07:57:07.498Z,Japanese,All Time,-,-,-,0,0,0
2026-05-28T11:40:44.888Z,Global,Now,-,-,-,0,0,0
2026-05-28T11:40:44.888Z,Global,Weekly,-,-,-,0,0,0
2026-05-28T11:40:44.888Z,Global,Monthly,-,-,-,0,0,0
2026-05-28T11:40:44.888Z,Global,All Time,-,-,-,0,0,0
2026-05-28T11:40:44.888Z,Japanese,Now,-,-,-,0,0,0
2026-05-28T11:40:44.888Z,Japanese,Weekly,-,-,-,0,0,0
2026-05-28T11:40:44.888Z,Japanese,Monthly,coban3137,79cf91bc-167e-481f-9a49-b581919560c4,BINARY,13,5667,736
2026-05-28T11:40:44.888Z,Japanese,All Time,-,-,-,0,0,0
2026-05-28T15:51:47.590Z,Global,Now,-,-,-,0,0,0
2026-05-28T15:51:47.590Z,Global,Weekly,-,-,-,0,0,0
2026-05-28T15:51:47.590Z,Global,Monthly,-,-,-,0,0,0
2026-05-28T15:51:47.590Z,Global,All Time,-,-,-,0,0,0
2026-05-28T15:51:47.590Z,Japanese,Now,-,-,-,0,0,0
2026-05-28T15:51:47.590Z,Japanese,Weekly,-,-,-,0,0,0
2026-05-28T15:51:47.590Z,Japanese,Monthly,coban3137,79cf91bc-167e-481f-9a49-b581919560c4,BINARY,13,5667,736
2026-05-28T15:51:47.590Z,Japanese,All Time,-,-,-,0,0,0
2026-05-28T18:35:55.642Z,Global,Now,-,-,-,0,0,0
2026-05-28T18:35:55.642Z,Global,Weekly,-,-,-,0,0,0
2026-05-28T18:35:55.642Z,Global,Monthly,-,-,-,0,0,0
2026-05-28T18:35:55.642Z,Global,All Time,-,-,-,0,0,0
2026-05-28T18:35:55.642Z,Japanese,Now,-,-,-,0,0,0
2026-05-28T18:35:55.642Z,Japanese,Weekly,-,-,-,0,0,0
2026-05-28T18:35:55.642Z,Japanese,Monthly,coban3137,79cf91bc-167e-481f-9a49-b581919560c4,BINARY,13,5667,736
2026-05-28T18:35:55.642Z,Japanese,All Time,-,-,-,0,0,0
2026-05-28T21:10:59.618Z,Global,Now,-,-,-,0,0,0
2026-05-28T21:10:59.618Z,Global,Weekly,-,-,-,0,0,0
2026-05-28T21:10:59.618Z,Global,Monthly,-,-,-,0,0,0
2026-05-28T21:10:59.618Z,Global,All Time,-,-,-,0,0,0
2026-05-28T21:10:59.618Z,Japanese,Now,-,-,-,0,0,0
2026-05-28T21:10:59.618Z,Japanese,Weekly,-,-,-,0,0,0
2026-05-28T21:10:59.618Z,Japanese,Monthly,coban3137,79cf91bc-167e-481f-9a49-b581919560c4,BINARY,13,5667,736
2026-05-28T21:10:59.618Z,Japanese,All Time,-,-,-,0,0,0
2026-05-28T23:15:38.614Z,Global,Now,-,-,-,0,0,0
2026-05-28T23:15:38.614Z,Global,Weekly,-,-,-,0,0,0
2026-05-28T23:15:38.614Z,Global,Monthly,-,-,-,0,0,0
2026-05-28T23:15:38.614Z,Global,All Time,-,-,-,0,0,0
2026-05-28T23:15:38.614Z,Japanese,Now,-,-,-,0,0,0
2026-05-28T23:15:38.614Z,Japanese,Weekly,-,-,-,0,0,0
2026-05-28T23:15:38.614Z,Japanese,Monthly,coban3137,79cf91bc-167e-481f-9a49-b581919560c4,BINARY,13,5667,736
2026-05-28T23:15:38.614Z,Japanese,All Time,-,-,-,0,0,0
2026-05-29T03:30:03.227Z,Global,Now,-,-,-,0,0,0
2026-05-29T03:30:03.227Z,Global,Weekly,-,-,-,0,0,0
2026-05-29T03:30:03.227Z,Global,Monthly,-,-,-,0,0,0
2026-05-29T03:30:03.227Z,Global,All Time,-,-,-,0,0,0
2026-05-29T03:30:03.227Z,Japanese,Now,-,-,-,0,0,0
2026-05-29T03:30:03.227Z,Japanese,Weekly,-,-,-,0,0,0
2026-05-29T03:30:03.227Z,Japanese,Monthly,coban3137,79cf91bc-167e-481f-9a49-b581919560c4,BINARY,13,5667,736
2026-05-29T03:30:03.227Z,Japanese,All Time,-,-,-,0,0,0
2026-05-29T07:55:03.706Z,Global,Now,-,-,-,0,0,0
2026-05-29T07:55:03.706Z,Global,Weekly,-,-,-,0,0,0
2026-05-29T07:55:03.706Z,Global,Monthly,-,-,-,0,0,0
2026-05-29T07:55:03.706Z,Global,All Time,-,-,-,0,0,0
2026-05-29T07:55:03.706Z,Japanese,Now,-,-,-,0,0,0
2026-05-29T07:55:03.706Z,Japanese,Weekly,-,-,-,0,0,0
2026-05-29T07:55:03.706Z,Japanese,Monthly,coban3137,79cf91bc-167e-481f-9a49-b581919560c4,BINARY,13,5667,737
2026-05-29T07:55:03.706Z,Japanese,All Time,-,-,-,0,0,0
2026-05-29T11:28:59.304Z,Global,Now,-,-,-,0,0,0
2026-05-29T11:28:59.304Z,Global,Weekly,-,-,-,0,0,0
2026-05-29T11:28:59.304Z,Global,Monthly,-,-,-,0,0,0
2026-05-29T11:28:59.304Z,Global,All Time,-,-,-,0,0,0
2026-05-29T11:28:59.304Z,Japanese,Now,-,-,-,0,0,0
2026-05-29T11:28:59.304Z,Japanese,Weekly,-,-,-,0,0,0
2026-05-29T11:28:59.304Z,Japanese,Monthly,coban3137,79cf91bc-167e-481f-9a49-b581919560c4,BINARY,13,5667,737
2026-05-29T11:28:59.304Z,Japanese,All Time,-,-,-,0,0,0
2026-05-29T15:27:40.715Z,Global,Now,-,-,-,0,0,0
2026-05-29T15:27:40.715Z,Global,Weekly,-,-,-,0,0,0
2026-05-29T15:27:40.715Z,Global,Monthly,-,-,-,0,0,0
2026-05-29T15:27:40.715Z,Global,All Time,-,-,-,0,0,0
2026-05-29T15:27:40.715Z,Japanese,Now,-,-,-,0,0,0
2026-05-29T15:27:40.715Z,Japanese,Weekly,-,-,-,0,0,0
2026-05-29T15:27:40.715Z,Japanese,Monthly,coban3137,79cf91bc-167e-481f-9a49-b581919560c4,BINARY,13,5667,737
2026-05-29T15:27:40.715Z,Japanese,All Time,-,-,-,0,0,0
2026-05-29T18:32:08.340Z,Global,Now,-,-,-,0,0,0
2026-05-29T18:32:08.340Z,Global,Weekly,-,-,-,0,0,0
2026-05-29T18:32:08.340Z,Global,Monthly,-,-,-,0,0,0
2026-05-29T18:32:08.340Z,Global,All Time,-,-,-,0,0,0
2026-05-29T18:32:08.340Z,Japanese,Now,-,-,-,0,0,0
2026-05-29T18:32:08.340Z,Japanese,Weekly,-,-,-,0,0,0
2026-05-29T18:32:08.340Z,Japanese,Monthly,coban3137,79cf91bc-167e-481f-9a49-b581919560c4,BINARY,13,5667,737
2026-05-29T18:32:08.340Z,Japanese,All Time,-,-,-,0,0,0
2026-05-29T21:06:55.739Z,Global,Now,-,-,-,0,0,0
2026-05-29T21:06:55.739Z,Global,Weekly,-,-,-,0,0,0
2026-05-29T21:06:55.739Z,Global,Monthly,-,-,-,0,0,0
2026-05-29T21:06:55.739Z,Global,All Time,-,-,-,0,0,0
2026-05-29T21:06:55.739Z,Japanese,Now,-,-,-,0,0,0
2026-05-29T21:06:55.739Z,Japanese,Weekly,-,-,-,0,0,0
2026-05-29T21:06:55.739Z,Japanese,Monthly,coban3137,79cf91bc-167e-481f-9a49-b581919560c4,BINARY,13,5667,737
2026-05-29T21:06:55.739Z,Japanese,All Time,-,-,-,0,0,0
2026-05-30T02:56:22.791Z,Global,Now,-,-,-,0,0,0
2026-05-30T02:56:22.791Z,Global,Weekly,-,-,-,0,0,0
2026-05-30T02:56:22.791Z,Global,Monthly,-,-,-,0,0,0
2026-05-30T02:56:22.791Z,Global,All Time,-,-,-,0,0,0
2026-05-30T02:56:22.791Z,Japanese,Now,-,-,-,0,0,0
2026-05-30T02:56:22.791Z,Japanese,Weekly,-,-,-,0,0,0
2026-05-30T02:56:22.791Z,Japanese,Monthly,coban3137,79cf91bc-167e-481f-9a49-b581919560c4,BINARY,13,5667,737
2026-05-30T02:56:22.791Z,Japanese,All Time,-,-,-,0,0,0
2026-05-30T06:25:13.281Z,Global,Now,-,-,-,0,0,0
2026-05-30T06:25:13.281Z,Global,Weekly,-,-,-,0,0,0
2026-05-30T06:25:13.281Z,Global,Monthly,-,-,-,0,0,0
2026-05-30T06:25:13.281Z,Global,All Time,-,-,-,0,0,0
2026-05-30T06:25:13.281Z,Japanese,Now,-,-,-,0,0,0
2026-05-30T06:25:13.281Z,Japanese,Weekly,-,-,-,0,0,0
2026-05-30T06:25:13.281Z,Japanese,Monthly,coban3137,79cf91bc-167e-481f-9a49-b581919560c4,BINARY,13,5667,737
2026-05-30T06:25:13.281Z,Japanese,All Time,-,-,-,0,0,0
2026-05-30T09:14:13.796Z,Global,Now,-,-,-,0,0,0
2026-05-30T09:14:13.796Z,Global,Weekly,-,-,-,0,0,0
2026-05-30T09:14:13.796Z,Global,Monthly,-,-,-,0,0,0
2026-05-30T09:14:13.796Z,Global,All Time,-,-,-,0,0,0
2026-05-30T09:14:13.796Z,Japanese,Now,-,-,-,0,0,0
2026-05-30T09:14:13.796Z,Japanese,Weekly,-,-,-,0,0,0
2026-05-30T09:14:13.796Z,Japanese,Monthly,coban3137,79cf91bc-167e-481f-9a49-b581919560c4,BINARY,13,5667,737
2026-05-30T09:14:13.796Z,Japanese,All Time,-,-,-,0,0,0
2026-05-30T13:27:06.932Z,Global,Now,-,-,-,0,0,0
2026-05-30T13:27:06.932Z,Global,Weekly,-,-,-,0,0,0
2026-05-30T13:27:06.932Z,Global,Monthly,-,-,-,0,0,0
2026-05-30T13:27:06.932Z,Global,All Time,-,-,-,0,0,0
2026-05-30T13:27:06.932Z,Japanese,Now,-,-,-,0,0,0
2026-05-30T13:27:06.932Z,Japanese,Weekly,-,-,-,0,0,0
2026-05-30T13:27:06.932Z,Japanese,Monthly,coban3137,79cf91bc-167e-481f-9a49-b581919560c4,BINARY,13,5667,737
2026-05-30T13:27:06.932Z,Japanese,All Time,-,-,-,0,0,0
2026-05-30T17:03:20.072Z,Global,Now,-,-,-,0,0,0
2026-05-30T17:03:20.072Z,Global,Weekly,-,-,-,0,0,0
2026-05-30T17:03:20.072Z,Global,Monthly,-,-,-,0,0,0
2026-05-30T17:03:20.072Z,Global,All Time,-,-,-,0,0,0
2026-05-30T17:03:20.072Z,Japanese,Now,-,-,-,0,0,0
2026-05-30T17:03:20.072Z,Japanese,Weekly,-,-,-,0,0,0
2026-05-30T17:03:20.072Z,Japanese,Monthly,coban3137,79cf91bc-167e-481f-9a49-b581919560c4,BINARY,13,5667,737
2026-05-30T17:03:20.072Z,Japanese,All Time,-,-,-,0,0,0
2026-05-30T20:55:31.516Z,Global,Now,-,-,-,0,0,0
2026-05-30T20:55:31.516Z,Global,Weekly,-,-,-,0,0,0
2026-05-30T20:55:31.516Z,Global,Monthly,-,-,-,0,0,0
2026-05-30T20:55:31.516Z,Global,All Time,-,-,-,0,0,0
2026-05-30T20:55:31.516Z,Japanese,Now,-,-,-,0,0,0
2026-05-30T20:55:31.516Z,Japanese,Weekly,-,-,-,0,0,0
2026-05-30T20:55:31.516Z,Japanese,Monthly,coban3137,79cf91bc-167e-481f-9a49-b581919560c4,BINARY,13,5667,737
2026-05-30T20:55:31.516Z,Japanese,All Time,-,-,-,0,0,0
2026-05-30T23:59:52.740Z,Global,Now,-,-,-,0,0,0
2026-05-30T23:59:52.740Z,Global,Weekly,-,-,-,0,0,0
2026-05-30T23:59:52.740Z,Global,Monthly,-,-,-,0,0,0
2026-05-30T23:59:52.740Z,Global,All Time,-,-,-,0,0,0
2026-05-30T23:59:52.740Z,Japanese,Now,-,-,-,0,0,0
2026-05-30T23:59:52.740Z,Japanese,Weekly,-,-,-,0,0,0
2026-05-30T23:59:52.740Z,Japanese,Monthly,coban3137,79cf91bc-167e-481f-9a49-b581919560c4,BINARY,13,5667,737
2026-05-30T23:59:52.740Z,Japanese,All Time,-,-,-,0,0,0
2026-05-31T04:45:46.915Z,Global,Now,-,-,-,0,0,0
2026-05-31T04:45:46.915Z,Global,Weekly,-,-,-,0,0,0
2026-05-31T04:45:46.915Z,Global,Monthly,-,-,-,0,0,0
2026-05-31T04:45:46.915Z,Global,All Time,-,-,-,0,0,0
2026-05-31T04:45:46.915Z,Japanese,Now,-,-,-,0,0,0
2026-05-31T04:45:46.915Z,Japanese,Weekly,-,-,-,0,0,0
2026-05-31T04:45:46.915Z,Japanese,Monthly,coban3137,79cf91bc-167e-481f-9a49-b581919560c4,BINARY,13,5667,737
2026-05-31T04:45:46.915Z,Japanese,All Time,-,-,-,0,0,0
2026-05-31T08:13:52.158Z,Global,Now,-,-,-,0,0,0
2026-05-31T08:13:52.158Z,Global,Weekly,-,-,-,0,0,0
2026-05-31T08:13:52.158Z,Global,Monthly,-,-,-,0,0,0
2026-05-31T08:13:52.158Z,Global,All Time,-,-,-,0,0,0
2026-05-31T08:13:52.158Z,Japanese,Now,-,-,-,0,0,0
2026-05-31T08:13:52.158Z,Japanese,Weekly,-,-,-,0,0,0
2026-05-31T08:13:52.158Z,Japanese,Monthly,coban3137,79cf91bc-167e-481f-9a49-b581919560c4,BINARY,13,5667,737
2026-05-31T08:13:52.158Z,Japanese,All Time,-,-,-,0,0,0
2026-05-31T10:56:53.948Z,Global,Now,-,-,-,0,0,0
2026-05-31T10:56:53.948Z,Global,Weekly,-,-,-,0,0,0
2026-05-31T10:56:53.948Z,Global,Monthly,-,-,-,0,0,0
2026-05-31T10:56:53.948Z,Global,All Time,-,-,-,0,0,0
2026-05-31T10:56:53.948Z,Japanese,Now,-,-,-,0,0,0
2026-05-31T10:56:53.948Z,Japanese,Weekly,-,-,-,0,0,0
2026-05-31T10:56:53.948Z,Japanese,Monthly,coban3137,79cf91bc-167e-481f-9a49-b581919560c4,BINARY,13,5667,737
2026-05-31T10:56:53.948Z,Japanese,All Time,-,-,-,0,0,0
2026-05-31T14:43:50.314Z,Global,Now,-,-,-,0,0,0
2026-05-31T14:43:50.314Z,Global,Weekly,-,-,-,0,0,0
2026-05-31T14:43:50.314Z,Global,Monthly,-,-,-,0,0,0
2026-05-31T14:43:50.314Z,Global,All Time,-,-,-,0,0,0
2026-05-31T14:43:50.314Z,Japanese,Now,-,-,-,0,0,0
2026-05-31T14:43:50.314Z,Japanese,Weekly,-,-,-,0,0,0
2026-05-31T14:43:50.314Z,Japanese,Monthly,coban3137,79cf91bc-167e-481f-9a49-b581919560c4,BINARY,13,5667,737
2026-05-31T14:43:50.314Z,Japanese,All Time,-,-,-,0,0,0
2026-05-31T18:00:54.524Z,Global,Now,-,-,-,0,0,0
2026-05-31T18:00:54.524Z,Global,Weekly,-,-,-,0,0,0
2026-05-31T18:00:54.524Z,Global,Monthly,-,-,-,0,0,0
2026-05-31T18:00:54.524Z,Global,All Time,-,-,-,0,0,0
2026-05-31T18:00:54.524Z,Japanese,Now,-,-,-,0,0,0
2026-05-31T18:00:54.524Z,Japanese,Weekly,-,-,-,0,0,0
2026-05-31T18:00:54.524Z,Japanese,Monthly,coban3137,79cf91bc-167e-481f-9a49-b581919560c4,BINARY,13,5667,738
2026-05-31T18:00:54.524Z,Japanese,All Time,-,-,-,0,0,0
2026-05-31T21:58:29.971Z,Global,Now,-,-,-,0,0,0
2026-05-31T21:58:29.971Z,Global,Weekly,-,-,-,0,0,0
2026-05-31T21:58:29.971Z,Global,Monthly,-,-,-,0,0,0
2026-05-31T21:58:29.971Z,Global,All Time,-,-,-,0,0,0
2026-05-31T21:58:29.971Z,Japanese,Now,-,-,-,0,0,0
2026-05-31T21:58:29.971Z,Japanese,Weekly,-,-,-,0,0,0
2026-05-31T21:58:29.971Z,Japanese,Monthly,coban3137,79cf91bc-167e-481f-9a49-b581919560c4,BINARY,13,5667,738
2026-05-31T21:58:29.971Z,Japanese,All Time,-,-,-,0,0,0
2026-06-01T03:57:12.874Z,Global,Now,-,-,-,0,0,0
2026-06-01T03:57:12.874Z,Global,Weekly,-,-,-,0,0,0
2026-06-01T03:57:12.874Z,Global,Monthly,-,-,-,0,0,0
2026-06-01T03:57:12.874Z,Global,All Time,-,-,-,0,0,0
2026-06-01T03:57:12.874Z,Japanese,Now,-,-,-,0,0,0
2026-06-01T03:57:12.874Z,Japanese,Weekly,-,-,-,0,0,0
2026-06-01T03:57:12.874Z,Japanese,Monthly,coban3137,79cf91bc-167e-481f-9a49-b581919560c4,BINARY,13,5667,738
2026-06-01T03:57:12.874Z,Japanese,All Time,-,-,-,0,0,0
2026-06-01T09:29:47.228Z,Global,Now,-,-,-,0,0,0
2026-06-01T09:29:47.228Z,Global,Weekly,-,-,-,0,0,0
2026-06-01T09:29:47.228Z,Global,Monthly,-,-,-,0,0,0
2026-06-01T09:29:47.228Z,Global,All Time,-,-,-,0,0,0
2026-06-01T09:29:47.228Z,Japanese,Now,-,-,-,0,0,0
2026-06-01T09:29:47.228Z,Japanese,Weekly,-,-,-,0,0,0
2026-06-01T09:29:47.228Z,Japanese,Monthly,coban3137,79cf91bc-167e-481f-9a49-b581919560c4,BINARY,13,5667,738
2026-06-01T09:29:47.228Z,Japanese,All Time,-,-,-,0,0,0
2026-06-01T15:56:16.426Z,Global,Now,-,-,-,0,0,0
2026-06-01T15:56:16.426Z,Global,Weekly,-,-,-,0,0,0
2026-06-01T15:56:16.426Z,Global,Monthly,-,-,-,0,0,0
2026-06-01T15:56:16.426Z,Global,All Time,-,-,-,0,0,0
2026-06-01T15:56:16.426Z,Japanese,Now,-,-,-,0,0,0
2026-06-01T15:56:16.426Z,Japanese,Weekly,-,-,-,0,0,0
2026-06-01T15:56:16.426Z,Japanese,Monthly,coban3137,79cf91bc-167e-481f-9a49-b581919560c4,BINARY,13,5667,738
2026-06-01T15:56:16.426Z,Japanese,All Time,-,-,-,0,0,0
2026-06-01T20:17:58.407Z,Global,Now,-,-,-,0,0,0
2026-06-01T20:17:58.407Z,Global,Weekly,-,-,-,0,0,0
2026-06-01T20:17:58.407Z,Global,Monthly,-,-,-,0,0,0
2026-06-01T20:17:58.407Z,Global,All Time,-,-,-,0,0,0
2026-06-01T20:17:58.407Z,Japanese,Now,-,-,-,0,0,0
2026-06-01T20:17:58.407Z,Japanese,Weekly,-,-,-,0,0,0
2026-06-01T20:17:58.407Z,Japanese,Monthly,coban3137,79cf91bc-167e-481f-9a49-b581919560c4,BINARY,13,5667,738
2026-06-01T20:17:58.407Z,Japanese,All Time,-,-,-,0,0,0
2026-06-01T23:01:40.676Z,Global,Now,-,-,-,0,0,0
2026-06-01T23:01:40.676Z,Global,Weekly,-,-,-,0,0,0
2026-06-01T23:01:40.676Z,Global,Monthly,-,-,-,0,0,0
2026-06-01T23:01:40.676Z,Global,All Time,-,-,-,0,0,0
2026-06-01T23:01:40.676Z,Japanese,Now,-,-,-,0,0,0
2026-06-01T23:01:40.676Z,Japanese,Weekly,-,-,-,0,0,0
2026-06-01T23:01:40.676Z,Japanese,Monthly,coban3137,79cf91bc-167e-481f-9a49-b581919560c4,BINARY,13,5667,738
2026-06-01T23:01:40.676Z,Japanese,All Time,-,-,-,0,0,0
2026-06-02T03:52:24.411Z,Global,Now,-,-,-,0,0,0
2026-06-02T03:52:24.411Z,Global,Weekly,-,-,-,0,0,0
2026-06-02T03:52:24.411Z,Global,Monthly,-,-,-,0,0,0
2026-06-02T03:52:24.411Z,Global,All Time,-,-,-,0,0,0
2026-06-02T03:52:24.411Z,Japanese,Now,-,-,-,0,0,0
2026-06-02T03:52:24.411Z,Japanese,Weekly,-,-,-,0,0,0
2026-06-02T03:52:24.411Z,Japanese,Monthly,coban3137,79cf91bc-167e-481f-9a49-b581919560c4,BINARY,13,5667,738
2026-06-02T03:52:24.411Z,Japanese,All Time,-,-,-,0,0,0
2026-06-02T08:29:16.210Z,Global,Now,-,-,-,0,0,0
2026-06-02T08:29:16.210Z,Global,Weekly,-,-,-,0,0,0
2026-06-02T08:29:16.210Z,Global,Monthly,-,-,-,0,0,0
2026-06-02T08:29:16.210Z,Global,All Time,-,-,-,0,0,0
2026-06-02T08:29:16.210Z,Japanese,Now,-,-,-,0,0,0
2026-06-02T08:29:16.210Z,Japanese,Weekly,-,-,-,0,0,0
2026-06-02T08:29:16.210Z,Japanese,Monthly,coban3137,79cf91bc-167e-481f-9a49-b581919560c4,BINARY,13,5667,738
2026-06-02T08:29:16.210Z,Japanese,All Time,-,-,-,0,0,0
2026-06-02T12:41:03.140Z,Global,Now,-,-,-,0,0,0
2026-06-02T12:41:03.140Z,Global,Weekly,-,-,-,0,0,0
2026-06-02T12:41:03.140Z,Global,Monthly,-,-,-,0,0,0
2026-06-02T12:41:03.140Z,Global,All Time,-,-,-,0,0,0
2026-06-02T12:41:03.140Z,Japanese,Now,-,-,-,0,0,0
2026-06-02T12:41:03.140Z,Japanese,Weekly,-,-,-,0,0,0
2026-06-02T12:41:03.140Z,Japanese,Monthly,coban3137,79cf91bc-167e-481f-9a49-b581919560c4,BINARY,13,5667,738
2026-06-02T12:41:03.140Z,Japanese,All Time,-,-,-,0,0,0
2026-06-02T17:22:32.682Z,Global,Now,-,-,-,0,0,0
2026-06-02T17:22:32.682Z,Global,Weekly,-,-,-,0,0,0
2026-06-02T17:22:32.682Z,Global,Monthly,-,-,-,0,0,0
2026-06-02T17:22:32.682Z,Global,All Time,-,-,-,0,0,0
2026-06-02T17:22:32.682Z,Japanese,Now,-,-,-,0,0,0
2026-06-02T17:22:32.682Z,Japanese,Weekly,-,-,-,0,0,0
2026-06-02T17:22:32.682Z,Japanese,Monthly,coban3137,79cf91bc-167e-481f-9a49-b581919560c4,BINARY,13,5667,738
2026-06-02T17:22:32.682Z,Japanese,All Time,-,-,-,0,0,0
2026-06-02T20:47:45.402Z,Global,Now,-,-,-,0,0,0
2026-06-02T20:47:45.402Z,Global,Weekly,-,-,-,0,0,0
2026-06-02T20:47:45.402Z,Global,Monthly,-,-,-,0,0,0
2026-06-02T20:47:45.402Z,Global,All Time,-,-,-,0,0,0
2026-06-02T20:47:45.402Z,Japanese,Now,-,-,-,0,0,0
2026-06-02T20:47:45.402Z,Japanese,Weekly,-,-,-,0,0,0
2026-06-02T20:47:45.402Z,Japanese,Monthly,coban3137,79cf91bc-167e-481f-9a49-b581919560c4,BINARY,13,5667,738
2026-06-02T20:47:45.402Z,Japanese,All Time,-,-,-,0,0,0
2026-06-02T23:01:54.026Z,Global,Now,-,-,-,0,0,0
2026-06-02T23:01:54.026Z,Global,Weekly,-,-,-,0,0,0
2026-06-02T23:01:54.026Z,Global,Monthly,-,-,-,0,0,0
2026-06-02T23:01:54.026Z,Global,All Time,-,-,-,0,0,0
2026-06-02T23:01:54.026Z,Japanese,Now,-,-,-,0,0,0
2026-06-02T23:01:54.026Z,Japanese,Weekly,-,-,-,0,0,0
2026-06-02T23:01:54.026Z,Japanese,Monthly,coban3137,79cf91bc-167e-481f-9a49-b581919560c4,BINARY,13,5667,738
2026-06-02T23:01:54.026Z,Japanese,All Time,-,-,-,0,0,0
2026-06-03T03:58:46.820Z,Global,Now,-,-,-,0,0,0
2026-06-03T03:58:46.820Z,Global,Weekly,-,-,-,0,0,0
2026-06-03T03:58:46.820Z,Global,Monthly,-,-,-,0,0,0
2026-06-03T03:58:46.820Z,Global,All Time,-,-,-,0,0,0
2026-06-03T03:58:46.820Z,Japanese,Now,-,-,-,0,0,0
2026-06-03T03:58:46.820Z,Japanese,Weekly,-,-,-,0,0,0
2026-06-03T03:58:46.820Z,Japanese,Monthly,coban3137,79cf91bc-167e-481f-9a49-b581919560c4,BINARY,13,5667,738
2026-06-03T03:58:46.820Z,Japanese,All Time,-,-,-,0,0,0
2026-06-03T09:00:12.804Z,Global,Now,-,-,-,0,0,0
2026-06-03T09:00:12.804Z,Global,Weekly,-,-,-,0,0,0
2026-06-03T09:00:12.804Z,Global,Monthly,-,-,-,0,0,0
2026-06-03T09:00:12.804Z,Global,All Time,-,-,-,0,0,0
2026-06-03T09:00:12.804Z,Japanese,Now,-,-,-,0,0,0
2026-06-03T09:00:12.804Z,Japanese,Weekly,-,-,-,0,0,0
2026-06-03T09:00:12.804Z,Japanese,Monthly,coban3137,79cf91bc-167e-481f-9a49-b581919560c4,BINARY,13,5667,739
2026-06-03T09:00:12.804Z,Japanese,All Time,-,-,-,0,0,0
2026-06-03T13:23:18.638Z,Global,Now,-,-,-,0,0,0
2026-06-03T13:23:18.638Z,Global,Weekly,-,-,-,0,0,0
2026-06-03T13:23:18.638Z,Global,Monthly,-,-,-,0,0,0
2026-06-03T13:23:18.638Z,Global,All Time,-,-,-,0,0,0
2026-06-03T13:23:18.638Z,Japanese,Now,-,-,-,0,0,0
2026-06-03T13:23:18.638Z,Japanese,Weekly,-,-,-,0,0,0
2026-06-03T13:23:18.638Z,Japanese,Monthly,coban3137,79cf91bc-167e-481f-9a49-b581919560c4,BINARY,13,5667,739
2026-06-03T13:23:18.638Z,Japanese,All Time,-,-,-,0,0,0
2026-06-03T18:23:21.005Z,Global,Now,-,-,-,0,0,0
2026-06-03T18:23:21.005Z,Global,Weekly,-,-,-,0,0,0
2026-06-03T18:23:21.005Z,Global,Monthly,-,-,-,0,0,0
2026-06-03T18:23:21.005Z,Global,All Time,-,-,-,0,0,0
2026-06-03T18:23:21.005Z,Japanese,Now,-,-,-,0,0,0
2026-06-03T18:23:21.005Z,Japanese,Weekly,-,-,-,0,0,0
2026-06-03T18:23:21.005Z,Japanese,Monthly,coban3137,79cf91bc-167e-481f-9a49-b581919560c4,BINARY,13,5675,740
2026-06-03T18:23:21.005Z,Japanese,All Time,-,-,-,0,0,0
2026-06-03T21:48:17.382Z,Global,Now,-,-,-,0,0,0
2026-06-03T21:48:17.382Z,Global,Weekly,-,-,-,0,0,0
2026-06-03T21:48:17.382Z,Global,Monthly,-,-,-,0,0,0
2026-06-03T21:48:17.382Z,Global,All Time,-,-,-,0,0,0
2026-06-03T21:48:17.382Z,Japanese,Now,-,-,-,0,0,0
2026-06-03T21:48:17.382Z,Japanese,Weekly,-,-,-,0,0,0
2026-06-03T21:48:17.382Z,Japanese,Monthly,coban3137,79cf91bc-167e-481f-9a49-b581919560c4,BINARY,13,5675,741
2026-06-03T21:48:17.382Z,Japanese,All Time,-,-,-,0,0,0
2026-06-03T23:42:55.420Z,Global,Now,-,-,-,0,0,0
2026-06-03T23:42:55.420Z,Global,Weekly,-,-,-,0,0,0
2026-06-03T23:42:55.420Z,Global,Monthly,-,-,-,0,0,0
2026-06-03T23:42:55.420Z,Global,All Time,-,-,-,0,0,0
2026-06-03T23:42:55.420Z,Japanese,Now,-,-,-,0,0,0
2026-06-03T23:42:55.420Z,Japanese,Weekly,-,-,-,0,0,0
2026-06-03T23:42:55.420Z,Japanese,Monthly,coban3137,79cf91bc-167e-481f-9a49-b581919560c4,BINARY,13,5675,741
2026-06-03T23:42:55.420Z,Japanese,All Time,-,-,-,0,0,0
2026-06-04T03:54:10.302Z,Global,Now,-,-,-,0,0,0
2026-06-04T03:54:10.302Z,Global,Weekly,-,-,-,0,0,0
2026-06-04T03:54:10.302Z,Global,Monthly,-,-,-,0,0,0
2026-06-04T03:54:10.302Z,Global,All Time,-,-,-,0,0,0
2026-06-04T03:54:10.302Z,Japanese,Now,coban3137,df2c59e1-8c9d-428c-9993-ac38b18c86b2,Blue hour,15,169,68
2026-06-04T03:54:10.302Z,Japanese,Weekly,coban3137,df2c59e1-8c9d-428c-9993-ac38b18c86b2,Blue hour,26,169,68
2026-06-04T03:54:10.302Z,Japanese,Monthly,coban3137,79cf91bc-167e-481f-9a49-b581919560c4,BINARY,13,5675,741
2026-06-04T03:54:10.302Z,Japanese,All Time,-,-,-,0,0,0
2026-06-04T08:21:01.099Z,Global,Now,-,-,-,0,0,0
2026-06-04T08:21:01.099Z,Global,Weekly,-,-,-,0,0,0
2026-06-04T08:21:01.099Z,Global,Monthly,-,-,-,0,0,0
2026-06-04T08:21:01.099Z,Global,All Time,-,-,-,0,0,0
2026-06-04T08:21:01.099Z,Japanese,Now,coban3137,df2c59e1-8c9d-428c-9993-ac38b18c86b2,Blue hour,10,176,93
2026-06-04T08:21:01.099Z,Japanese,Weekly,coban3137,df2c59e1-8c9d-428c-9993-ac38b18c86b2,Blue hour,22,176,93
2026-06-04T08:21:01.099Z,Japanese,Monthly,coban3137,79cf91bc-167e-481f-9a49-b581919560c4,BINARY,13,5675,741
2026-06-04T08:21:01.099Z,Japanese,All Time,-,-,-,0,0,0
2026-06-04T11:52:54.776Z,Global,Now,coban3137,df2c59e1-8c9d-428c-9993-ac38b18c86b2,Blue hour,38,185,107
2026-06-04T11:52:54.776Z,Global,Weekly,-,-,-,0,0,0
2026-06-04T11:52:54.776Z,Global,Monthly,-,-,-,0,0,0
2026-06-04T11:52:54.776Z,Global,All Time,-,-,-,0,0,0
2026-06-04T11:52:54.776Z,Japanese,Now,coban3137,df2c59e1-8c9d-428c-9993-ac38b18c86b2,Blue hour,4,185,107
2026-06-04T11:52:54.776Z,Japanese,Weekly,coban3137,df2c59e1-8c9d-428c-9993-ac38b18c86b2,Blue hour,20,185,107
2026-06-04T11:52:54.776Z,Japanese,Monthly,coban3137,79cf91bc-167e-481f-9a49-b581919560c4,BINARY,13,5675,741
2026-06-04T11:52:54.776Z,Japanese,All Time,-,-,-,0,0,0
2026-06-04T14:58:26.274Z,Global,Now,coban3137,df2c59e1-8c9d-428c-9993-ac38b18c86b2,Blue hour,32,209,119
2026-06-04T14:58:26.274Z,Global,Weekly,-,-,-,0,0,0
2026-06-04T14:58:26.274Z,Global,Monthly,-,-,-,0,0,0
2026-06-04T14:58:26.274Z,Global,All Time,-,-,-,0,0,0
2026-06-04T14:58:26.274Z,Japanese,Now,coban3137,df2c59e1-8c9d-428c-9993-ac38b18c86b2,Blue hour,4,209,119
2026-06-04T14:58:26.274Z,Japanese,Weekly,coban3137,df2c59e1-8c9d-428c-9993-ac38b18c86b2,Blue hour,16,209,119
2026-06-04T14:58:26.274Z,Japanese,Monthly,coban3137,79cf91bc-167e-481f-9a49-b581919560c4,BINARY,13,5675,741
2026-06-04T14:58:26.274Z,Japanese,All Time,-,-,-,0,0,0
2026-06-04T17:48:24.835Z,Global,Now,coban3137,df2c59e1-8c9d-428c-9993-ac38b18c86b2,Blue hour,30,217,130
2026-06-04T17:48:24.835Z,Global,Weekly,-,-,-,0,0,0
2026-06-04T17:48:24.835Z,Global,Monthly,-,-,-,0,0,0
2026-06-04T17:48:24.835Z,Global,All Time,-,-,-,0,0,0
2026-06-04T17:48:24.835Z,Japanese,Now,coban3137,df2c59e1-8c9d-428c-9993-ac38b18c86b2,Blue hour,4,217,130
2026-06-04T17:48:24.835Z,Japanese,Weekly,coban3137,df2c59e1-8c9d-428c-9993-ac38b18c86b2,Blue hour,16,217,130
2026-06-04T17:48:24.835Z,Japanese,Monthly,coban3137,79cf91bc-167e-481f-9a49-b581919560c4,BINARY,13,5675,741
2026-06-04T17:48:24.835Z,Japanese,All Time,-,-,-,0,0,0
2026-06-04T20:04:55.579Z,Global,Now,coban3137,df2c59e1-8c9d-428c-9993-ac38b18c86b2,Blue hour,27,217,135
2026-06-04T20:04:55.579Z,Global,Weekly,-,-,-,0,0,0
2026-06-04T20:04:55.579Z,Global,Monthly,-,-,-,0,0,0
2026-06-04T20:04:55.579Z,Global,All Time,-,-,-,0,0,0
2026-06-04T20:04:55.579Z,Japanese,Now,coban3137,df2c59e1-8c9d-428c-9993-ac38b18c86b2,Blue hour,3,217,135
2026-06-04T20:04:55.579Z,Japanese,Weekly,coban3137,df2c59e1-8c9d-428c-9993-ac38b18c86b2,Blue hour,15,217,135
2026-06-04T20:04:55.579Z,Japanese,Monthly,coban3137,79cf91bc-167e-481f-9a49-b581919560c4,BINARY,13,5675,741
2026-06-04T20:04:55.579Z,Japanese,All Time,-,-,-,0,0,0
2026-06-04T22:20:47.424Z,Global,Now,coban3137,df2c59e1-8c9d-428c-9993-ac38b18c86b2,Blue hour,27,217,137
2026-06-04T22:20:47.424Z,Global,Weekly,-,-,-,0,0,0
2026-06-04T22:20:47.424Z,Global,Monthly,-,-,-,0,0,0
2026-06-04T22:20:47.424Z,Global,All Time,-,-,-,0,0,0
2026-06-04T22:20:47.424Z,Japanese,Now,coban3137,df2c59e1-8c9d-428c-9993-ac38b18c86b2,Blue hour,4,217,137
2026-06-04T22:20:47.424Z,Japanese,Weekly,coban3137,df2c59e1-8c9d-428c-9993-ac38b18c86b2,Blue hour,15,217,137
2026-06-04T22:20:47.424Z,Japanese,Monthly,coban3137,79cf91bc-167e-481f-9a49-b581919560c4,BINARY,13,5675,741
2026-06-04T22:20:47.424Z,Japanese,All Time,-,-,-,0,0,0
2026-06-05T00:06:28.956Z,Global,Now,coban3137,df2c59e1-8c9d-428c-9993-ac38b18c86b2,Blue hour,26,217,140
2026-06-05T00:06:28.956Z,Global,Weekly,-,-,-,0,0,0
2026-06-05T00:06:28.956Z,Global,Monthly,-,-,-,0,0,0
2026-06-05T00:06:28.956Z,Global,All Time,-,-,-,0,0,0
2026-06-05T00:06:28.956Z,Japanese,Now,coban3137,df2c59e1-8c9d-428c-9993-ac38b18c86b2,Blue hour,4,217,140
2026-06-05T00:06:28.956Z,Japanese,Weekly,coban3137,df2c59e1-8c9d-428c-9993-ac38b18c86b2,Blue hour,14,217,140
2026-06-05T00:06:28.956Z,Japanese,Monthly,coban3137,79cf91bc-167e-481f-9a49-b581919560c4,BINARY,13,5675,741
2026-06-05T00:06:28.956Z,Japanese,All Time,-,-,-,0,0,0
2026-06-05T05:16:20.173Z,Global,Now,coban3137,df2c59e1-8c9d-428c-9993-ac38b18c86b2,Blue hour,27,233,144
2026-06-05T05:16:20.173Z,Global,Weekly,-,-,-,0,0,0
2026-06-05T05:16:20.173Z,Global,Monthly,-,-,-,0,0,0
2026-06-05T05:16:20.173Z,Global,All Time,-,-,-,0,0,0
2026-06-05T05:16:20.173Z,Japanese,Now,coban3137,df2c59e1-8c9d-428c-9993-ac38b18c86b2,Blue hour,4,233,144
2026-06-05T05:16:20.173Z,Japanese,Weekly,coban3137,df2c59e1-8c9d-428c-9993-ac38b18c86b2,Blue hour,11,233,144
2026-06-05T05:16:20.173Z,Japanese,Monthly,coban3137,79cf91bc-167e-481f-9a49-b581919560c4,BINARY,13,5675,741
2026-06-05T05:16:20.173Z,Japanese,All Time,-,-,-,0,0,0
2026-06-05T09:46:39.542Z,Global,Now,coban3137,df2c59e1-8c9d-428c-9993-ac38b18c86b2,Blue hour,24,251,149
2026-06-05T09:46:39.542Z,Global,Weekly,-,-,-,0,0,0
2026-06-05T09:46:39.542Z,Global,Monthly,-,-,-,0,0,0
2026-06-05T09:46:39.542Z,Global,All Time,-,-,-,0,0,0
2026-06-05T09:46:39.542Z,Japanese,Now,coban3137,df2c59e1-8c9d-428c-9993-ac38b18c86b2,Blue hour,4,251,149
2026-06-05T09:46:39.542Z,Japanese,Weekly,coban3137,df2c59e1-8c9d-428c-9993-ac38b18c86b2,Blue hour,10,251,149
2026-06-05T09:46:39.542Z,Japanese,Monthly,coban3137,79cf91bc-167e-481f-9a49-b581919560c4,BINARY,13,5675,741
2026-06-05T09:46:39.542Z,Japanese,All Time,-,-,-,0,0,0
2026-06-05T12:36:37.078Z,Global,Now,coban3137,df2c59e1-8c9d-428c-9993-ac38b18c86b2,Blue hour,23,251,154
2026-06-05T12:36:37.078Z,Global,Weekly,-,-,-,0,0,0
2026-06-05T12:36:37.078Z,Global,Monthly,-,-,-,0,0,0
2026-06-05T12:36:37.078Z,Global,All Time,-,-,-,0,0,0
2026-06-05T12:36:37.078Z,Japanese,Now,coban3137,df2c59e1-8c9d-428c-9993-ac38b18c86b2,Blue hour,4,251,154
2026-06-05T12:36:37.078Z,Japanese,Weekly,coban3137,df2c59e1-8c9d-428c-9993-ac38b18c86b2,Blue hour,10,251,154
2026-06-05T12:36:37.078Z,Japanese,Monthly,coban3137,79cf91bc-167e-481f-9a49-b581919560c4,BINARY,13,5675,741
2026-06-05T12:36:37.078Z,Japanese,All Time,-,-,-,0,0,0
2026-06-05T15:53:13.215Z,Global,Now,-,-,-,0,0,0
2026-06-05T15:53:13.215Z,Global,Weekly,-,-,-,0,0,0
2026-06-05T15:53:13.215Z,Global,Monthly,-,-,-,0,0,0
2026-06-05T15:53:13.215Z,Global,All Time,-,-,-,0,0,0
2026-06-05T15:53:13.215Z,Japanese,Now,-,-,-,0,0,0
2026-06-05T15:53:13.215Z,Japanese,Weekly,coban3137,df2c59e1-8c9d-428c-9993-ac38b18c86b2,Blue hour,9,260,160
2026-06-05T15:53:13.215Z,Japanese,Monthly,coban3137,79cf91bc-167e-481f-9a49-b581919560c4,BINARY,13,5675,741
2026-06-05T15:53:13.215Z,Japanese,All Time,-,-,-,0,0,0
2026-06-05T17:53:59.272Z,Global,Now,-,-,-,0,0,0
2026-06-05T17:53:59.272Z,Global,Weekly,-,-,-,0,0,0
2026-06-05T17:53:59.272Z,Global,Monthly,-,-,-,0,0,0
2026-06-05T17:53:59.272Z,Global,All Time,-,-,-,0,0,0
2026-06-05T17:53:59.272Z,Japanese,Now,-,-,-,0,0,0
2026-06-05T17:53:59.272Z,Japanese,Weekly,coban3137,df2c59e1-8c9d-428c-9993-ac38b18c86b2,Blue hour,8,260,162
2026-06-05T17:53:59.272Z,Japanese,Monthly,coban3137,79cf91bc-167e-481f-9a49-b581919560c4,BINARY,13,5675,741
2026-06-05T17:53:59.272Z,Japanese,All Time,-,-,-,0,0,0
2026-06-05T19:53:29.546Z,Global,Now,-,-,-,0,0,0
2026-06-05T19:53:29.546Z,Global,Weekly,-,-,-,0,0,0
2026-06-05T19:53:29.546Z,Global,Monthly,-,-,-,0,0,0
2026-06-05T19:53:29.546Z,Global,All Time,-,-,-,0,0,0
2026-06-05T19:53:29.546Z,Japanese,Now,-,-,-,0,0,0
2026-06-05T19:53:29.546Z,Japanese,Weekly,coban3137,df2c59e1-8c9d-428c-9993-ac38b18c86b2,Blue hour,8,260,162
2026-06-05T19:53:29.546Z,Japanese,Monthly,coban3137,79cf91bc-167e-481f-9a49-b581919560c4,BINARY,13,5675,741
2026-06-05T19:53:29.546Z,Japanese,All Time,-,-,-,0,0,0
2026-06-05T21:25:09.144Z,Global,Now,-,-,-,0,0,0
2026-06-05T21:25:09.144Z,Global,Weekly,-,-,-,0,0,0
2026-06-05T21:25:09.144Z,Global,Monthly,-,-,-,0,0,0
2026-06-05T21:25:09.144Z,Global,All Time,-,-,-,0,0,0
2026-06-05T21:25:09.144Z,Japanese,Now,-,-,-,0,0,0
2026-06-05T21:25:09.144Z,Japanese,Weekly,coban3137,df2c59e1-8c9d-428c-9993-ac38b18c86b2,Blue hour,8,260,163
2026-06-05T21:25:09.144Z,Japanese,Monthly,coban3137,79cf91bc-167e-481f-9a49-b581919560c4,BINARY,13,5675,741
2026-06-05T21:25:09.144Z,Japanese,All Time,-,-,-,0,0,0
2026-06-05T23:08:34.986Z,Global,Now,-,-,-,0,0,0
2026-06-05T23:08:34.986Z,Global,Weekly,-,-,-,0,0,0
2026-06-05T23:08:34.986Z,Global,Monthly,-,-,-,0,0,0
2026-06-05T23:08:34.986Z,Global,All Time,-,-,-,0,0,0
2026-06-05T23:08:34.986Z,Japanese,Now,-,-,-,0,0,0
2026-06-05T23:08:34.986Z,Japanese,Weekly,coban3137,df2c59e1-8c9d-428c-9993-ac38b18c86b2,Blue hour,8,260,163
2026-06-05T23:08:34.986Z,Japanese,Monthly,coban3137,79cf91bc-167e-481f-9a49-b581919560c4,BINARY,13,5675,741
2026-06-05T23:08:34.986Z,Japanese,All Time,-,-,-,0,0,0
2026-06-06T03:22:13.625Z,Global,Now,-,-,-,0,0,0
2026-06-06T03:22:13.625Z,Global,Weekly,-,-,-,0,0,0
2026-06-06T03:22:13.625Z,Global,Monthly,-,-,-,0,0,0
2026-06-06T03:22:13.625Z,Global,All Time,-,-,-,0,0,0
2026-06-06T03:22:13.625Z,Japanese,Now,-,-,-,0,0,0
2026-06-06T03:22:13.625Z,Japanese,Weekly,coban3137,df2c59e1-8c9d-428c-9993-ac38b18c86b2,Blue hour,7,275,165
2026-06-06T03:22:13.625Z,Japanese,Monthly,coban3137,79cf91bc-167e-481f-9a49-b581919560c4,BINARY,13,5675,741
2026-06-06T03:22:13.625Z,Japanese,All Time,-,-,-,0,0,0
2026-06-06T06:52:06.824Z,Global,Now,-,-,-,0,0,0
2026-06-06T06:52:06.824Z,Global,Weekly,-,-,-,0,0,0
2026-06-06T06:52:06.824Z,Global,Monthly,-,-,-,0,0,0
2026-06-06T06:52:06.824Z,Global,All Time,-,-,-,0,0,0
2026-06-06T06:52:06.824Z,Japanese,Now,-,-,-,0,0,0
2026-06-06T06:52:06.824Z,Japanese,Weekly,coban3137,df2c59e1-8c9d-428c-9993-ac38b18c86b2,Blue hour,6,275,165
2026-06-06T06:52:06.824Z,Japanese,Monthly,coban3137,79cf91bc-167e-481f-9a49-b581919560c4,BINARY,13,5675,741
2026-06-06T06:52:06.824Z,Japanese,All Time,-,-,-,0,0,0
2026-06-06T09:25:17.328Z,Global,Now,-,-,-,0,0,0
2026-06-06T09:25:17.328Z,Global,Weekly,-,-,-,0,0,0
2026-06-06T09:25:17.328Z,Global,Monthly,-,-,-,0,0,0
2026-06-06T09:25:17.328Z,Global,All Time,-,-,-,0,0,0
2026-06-06T09:25:17.328Z,Japanese,Now,-,-,-,0,0,0
2026-06-06T09:25:17.328Z,Japanese,Weekly,coban3137,df2c59e1-8c9d-428c-9993-ac38b18c86b2,Blue hour,7,282,165
2026-06-06T09:25:17.328Z,Japanese,Monthly,coban3137,79cf91bc-167e-481f-9a49-b581919560c4,BINARY,13,5675,741
2026-06-06T09:25:17.328Z,Japanese,All Time,-,-,-,0,0,0
2026-06-06T11:25:53.132Z,Global,Now,-,-,-,0,0,0
2026-06-06T11:25:53.132Z,Global,Weekly,-,-,-,0,0,0
2026-06-06T11:25:53.132Z,Global,Monthly,-,-,-,0,0,0
2026-06-06T11:25:53.132Z,Global,All Time,-,-,-,0,0,0
2026-06-06T11:25:53.132Z,Japanese,Now,-,-,-,0,0,0
2026-06-06T11:25:53.132Z,Japanese,Weekly,coban3137,df2c59e1-8c9d-428c-9993-ac38b18c86b2,Blue hour,7,282,167
2026-06-06T11:25:53.132Z,Japanese,Monthly,coban3137,79cf91bc-167e-481f-9a49-b581919560c4,BINARY,13,5675,741
2026-06-06T11:25:53.132Z,Japanese,All Time,-,-,-,0,0,0
2026-06-06T13:40:24.535Z,Global,Now,-,-,-,0,0,0
2026-06-06T13:40:24.535Z,Global,Weekly,-,-,-,0,0,0
2026-06-06T13:40:24.535Z,Global,Monthly,-,-,-,0,0,0
2026-06-06T13:40:24.535Z,Global,All Time,-,-,-,0,0,0
2026-06-06T13:40:24.535Z,Japanese,Now,-,-,-,0,0,0
2026-06-06T13:40:24.535Z,Japanese,Weekly,coban3137,df2c59e1-8c9d-428c-9993-ac38b18c86b2,Blue hour,7,282,167
2026-06-06T13:40:24.535Z,Japanese,Monthly,coban3137,79cf91bc-167e-481f-9a49-b581919560c4,BINARY,13,5675,741
2026-06-06T13:40:24.535Z,Japanese,All Time,-,-,-,0,0,0
2026-06-06T15:14:41.220Z,Global,Now,-,-,-,0,0,0
2026-06-06T15:14:41.220Z,Global,Weekly,-,-,-,0,0,0
2026-06-06T15:14:41.220Z,Global,Monthly,-,-,-,0,0,0
2026-06-06T15:14:41.220Z,Global,All Time,-,-,-,0,0,0
2026-06-06T15:14:41.220Z,Japanese,Now,-,-,-,0,0,0
2026-06-06T15:14:41.220Z,Japanese,Weekly,coban3137,df2c59e1-8c9d-428c-9993-ac38b18c86b2,Blue hour,7,282,168
2026-06-06T15:14:41.220Z,Japanese,Monthly,coban3137,79cf91bc-167e-481f-9a49-b581919560c4,BINARY,13,5675,741
2026-06-06T15:14:41.220Z,Japanese,All Time,-,-,-,0,0,0
2026-06-06T17:13:13.495Z,Global,Now,-,-,-,0,0,0
2026-06-06T17:13:13.495Z,Global,Weekly,-,-,-,0,0,0
2026-06-06T17:13:13.495Z,Global,Monthly,-,-,-,0,0,0
2026-06-06T17:13:13.495Z,Global,All Time,-,-,-,0,0,0
2026-06-06T17:13:13.495Z,Japanese,Now,-,-,-,0,0,0
2026-06-06T17:13:13.495Z,Japanese,Weekly,coban3137,df2c59e1-8c9d-428c-9993-ac38b18c86b2,Blue hour,7,282,168
2026-06-06T17:13:13.495Z,Japanese,Monthly,coban3137,79cf91bc-167e-481f-9a49-b581919560c4,BINARY,13,5675,741
2026-06-06T17:13:13.495Z,Japanese,All Time,-,-,-,0,0,0
2026-06-06T19:21:11.757Z,Global,Now,-,-,-,0,0,0
2026-06-06T19:21:11.757Z,Global,Weekly,-,-,-,0,0,0
2026-06-06T19:21:11.757Z,Global,Monthly,-,-,-,0,0,0
2026-06-06T19:21:11.757Z,Global,All Time,-,-,-,0,0,0
2026-06-06T19:21:11.757Z,Japanese,Now,-,-,-,0,0,0
2026-06-06T19:21:11.757Z,Japanese,Weekly,coban3137,df2c59e1-8c9d-428c-9993-ac38b18c86b2,Blue hour,7,282,168
2026-06-06T19:21:11.757Z,Japanese,Monthly,coban3137,79cf91bc-167e-481f-9a49-b581919560c4,BINARY,13,5675,741
2026-06-06T19:21:11.757Z,Japanese,All Time,-,-,-,0,0,0
2026-06-06T21:03:40.819Z,Global,Now,-,-,-,0,0,0
2026-06-06T21:03:40.819Z,Global,Weekly,-,-,-,0,0,0
2026-06-06T21:03:40.819Z,Global,Monthly,-,-,-,0,0,0
2026-06-06T21:03:40.819Z,Global,All Time,-,-,-,0,0,0
2026-06-06T21:03:40.819Z,Japanese,Now,-,-,-,0,0,0
2026-06-06T21:03:40.819Z,Japanese,Weekly,coban3137,df2c59e1-8c9d-428c-9993-ac38b18c86b2,Blue hour,7,297,168
2026-06-06T21:03:40.819Z,Japanese,Monthly,coban3137,79cf91bc-167e-481f-9a49-b581919560c4,BINARY,13,5675,741
2026-06-06T21:03:40.819Z,Japanese,All Time,-,-,-,0,0,0
2026-06-06T23:02:55.746Z,Global,Now,-,-,-,0,0,0
2026-06-06T23:02:55.746Z,Global,Weekly,-,-,-,0,0,0
2026-06-06T23:02:55.746Z,Global,Monthly,-,-,-,0,0,0
2026-06-06T23:02:55.746Z,Global,All Time,-,-,-,0,0,0
2026-06-06T23:02:55.746Z,Japanese,Now,-,-,-,0,0,0
2026-06-06T23:02:55.746Z,Japanese,Weekly,coban3137,df2c59e1-8c9d-428c-9993-ac38b18c86b2,Blue hour,7,297,169
2026-06-06T23:02:55.746Z,Japanese,Monthly,coban3137,79cf91bc-167e-481f-9a49-b581919560c4,BINARY,13,5675,741
2026-06-06T23:02:55.746Z,Japanese,All Time,-,-,-,0,0,0
2026-06-07T03:47:09.832Z,Global,Now,-,-,-,0,0,0
2026-06-07T03:47:09.832Z,Global,Weekly,-,-,-,0,0,0
2026-06-07T03:47:09.832Z,Global,Monthly,-,-,-,0,0,0
2026-06-07T03:47:09.832Z,Global,All Time,-,-,-,0,0,0
2026-06-07T03:47:09.832Z,Japanese,Now,-,-,-,0,0,0
2026-06-07T03:47:09.832Z,Japanese,Weekly,coban3137,df2c59e1-8c9d-428c-9993-ac38b18c86b2,Blue hour,8,313,169
2026-06-07T03:47:09.832Z,Japanese,Monthly,coban3137,79cf91bc-167e-481f-9a49-b581919560c4,BINARY,13,5675,741
2026-06-07T03:47:09.832Z,Japanese,All Time,-,-,-,0,0,0
2026-06-07T07:54:23.818Z,Global,Now,-,-,-,0,0,0
2026-06-07T07:54:23.818Z,Global,Weekly,-,-,-,0,0,0
2026-06-07T07:54:23.818Z,Global,Monthly,-,-,-,0,0,0
2026-06-07T07:54:23.818Z,Global,All Time,-,-,-,0,0,0
2026-06-07T07:54:23.818Z,Japanese,Now,-,-,-,0,0,0
2026-06-07T07:54:23.818Z,Japanese,Weekly,coban3137,df2c59e1-8c9d-428c-9993-ac38b18c86b2,Blue hour,8,313,169
2026-06-07T07:54:23.818Z,Japanese,Monthly,coban3137,79cf91bc-167e-481f-9a49-b581919560c4,BINARY,13,5675,741
2026-06-07T07:54:23.818Z,Japanese,All Time,-,-,-,0,0,0
2026-06-07T10:28:34.131Z,Global,Now,-,-,-,0,0,0
2026-06-07T10:28:34.131Z,Global,Weekly,-,-,-,0,0,0
2026-06-07T10:28:34.131Z,Global,Monthly,-,-,-,0,0,0
2026-06-07T10:28:34.131Z,Global,All Time,-,-,-,0,0,0
2026-06-07T10:28:34.131Z,Japanese,Now,-,-,-,0,0,0
2026-06-07T10:28:34.131Z,Japanese,Weekly,coban3137,df2c59e1-8c9d-428c-9993-ac38b18c86b2,Blue hour,8,313,169
2026-06-07T10:28:34.131Z,Japanese,Monthly,coban3137,79cf91bc-167e-481f-9a49-b581919560c4,BINARY,13,5675,741
2026-06-07T10:28:34.131Z,Japanese,All Time,-,-,-,0,0,0
2026-06-07T12:20:27.065Z,Global,Now,-,-,-,0,0,0
2026-06-07T12:20:27.065Z,Global,Weekly,-,-,-,0,0,0
2026-06-07T12:20:27.065Z,Global,Monthly,-,-,-,0,0,0
2026-06-07T12:20:27.065Z,Global,All Time,-,-,-,0,0,0
2026-06-07T12:20:27.065Z,Japanese,Now,-,-,-,0,0,0
2026-06-07T12:20:27.065Z,Japanese,Weekly,coban3137,df2c59e1-8c9d-428c-9993-ac38b18c86b2,Blue hour,7,313,169
2026-06-07T12:20:27.065Z,Japanese,Monthly,coban3137,79cf91bc-167e-481f-9a49-b581919560c4,BINARY,13,5675,741
2026-06-07T12:20:27.065Z,Japanese,All Time,-,-,-,0,0,0
2026-06-07T14:51:33.394Z,Global,Now,-,-,-,0,0,0
2026-06-07T14:51:33.394Z,Global,Weekly,-,-,-,0,0,0
2026-06-07T14:51:33.394Z,Global,Monthly,-,-,-,0,0,0
2026-06-07T14:51:33.394Z,Global,All Time,-,-,-,0,0,0
2026-06-07T14:51:33.394Z,Japanese,Now,-,-,-,0,0,0
2026-06-07T14:51:33.394Z,Japanese,Weekly,coban3137,df2c59e1-8c9d-428c-9993-ac38b18c86b2,Blue hour,7,313,170
2026-06-07T14:51:33.394Z,Japanese,Monthly,coban3137,79cf91bc-167e-481f-9a49-b581919560c4,BINARY,13,5675,741
2026-06-07T14:51:33.394Z,Japanese,All Time,-,-,-,0,0,0
2026-06-07T16:14:37.901Z,Global,Now,-,-,-,0,0,0
2026-06-07T16:14:37.901Z,Global,Weekly,-,-,-,0,0,0
2026-06-07T16:14:37.901Z,Global,Monthly,-,-,-,0,0,0
2026-06-07T16:14:37.901Z,Global,All Time,-,-,-,0,0,0
2026-06-07T16:14:37.901Z,Japanese,Now,-,-,-,0,0,0
2026-06-07T16:14:37.901Z,Japanese,Weekly,coban3137,df2c59e1-8c9d-428c-9993-ac38b18c86b2,Blue hour,7,313,170
2026-06-07T16:14:37.901Z,Japanese,Monthly,coban3137,79cf91bc-167e-481f-9a49-b581919560c4,BINARY,13,5675,741
2026-06-07T16:14:37.901Z,Japanese,All Time,-,-,-,0,0,0
2026-06-07T18:03:43.697Z,Global,Now,-,-,-,0,0,0
2026-06-07T18:03:43.697Z,Global,Weekly,-,-,-,0,0,0
2026-06-07T18:03:43.697Z,Global,Monthly,-,-,-,0,0,0
2026-06-07T18:03:43.697Z,Global,All Time,-,-,-,0,0,0
2026-06-07T18:03:43.697Z,Japanese,Now,-,-,-,0,0,0
2026-06-07T18:03:43.697Z,Japanese,Weekly,coban3137,df2c59e1-8c9d-428c-9993-ac38b18c86b2,Blue hour,7,313,170
2026-06-07T18:03:43.697Z,Japanese,Monthly,coban3137,79cf91bc-167e-481f-9a49-b581919560c4,BINARY,13,5675,741
2026-06-07T18:03:43.697Z,Japanese,All Time,-,-,-,0,0,0
2026-06-07T20:11:22.192Z,Global,Now,-,-,-,0,0,0
2026-06-07T20:11:22.192Z,Global,Weekly,-,-,-,0,0,0
2026-06-07T20:11:22.192Z,Global,Monthly,-,-,-,0,0,0
2026-06-07T20:11:22.192Z,Global,All Time,-,-,-,0,0,0
2026-06-07T20:11:22.192Z,Japanese,Now,-,-,-,0,0,0
2026-06-07T20:11:22.192Z,Japanese,Weekly,coban3137,df2c59e1-8c9d-428c-9993-ac38b18c86b2,Blue hour,7,313,171
2026-06-07T20:11:22.192Z,Japanese,Monthly,coban3137,79cf91bc-167e-481f-9a49-b581919560c4,BINARY,13,5675,741
2026-06-07T20:11:22.192Z,Japanese,All Time,-,-,-,0,0,0
2026-06-07T22:03:13.809Z,Global,Now,-,-,-,0,0,0
2026-06-07T22:03:13.809Z,Global,Weekly,-,-,-,0,0,0
2026-06-07T22:03:13.809Z,Global,Monthly,-,-,-,0,0,0
2026-06-07T22:03:13.809Z,Global,All Time,-,-,-,0,0,0
2026-06-07T22:03:13.809Z,Japanese,Now,-,-,-,0,0,0
2026-06-07T22:03:13.809Z,Japanese,Weekly,coban3137,df2c59e1-8c9d-428c-9993-ac38b18c86b2,Blue hour,7,313,171
2026-06-07T22:03:13.809Z,Japanese,Monthly,coban3137,79cf91bc-167e-481f-9a49-b581919560c4,BINARY,13,5675,741
2026-06-07T22:03:13.809Z,Japanese,All Time,-,-,-,0,0,0
2026-06-08T00:06:24.868Z,Global,Now,-,-,-,0,0,0
2026-06-08T00:06:24.868Z,Global,Weekly,-,-,-,0,0,0
2026-06-08T00:06:24.868Z,Global,Monthly,-,-,-,0,0,0
2026-06-08T00:06:24.868Z,Global,All Time,-,-,-,0,0,0
2026-06-08T00:06:24.868Z,Japanese,Now,-,-,-,0,0,0
2026-06-08T00:06:24.868Z,Japanese,Weekly,coban3137,df2c59e1-8c9d-428c-9993-ac38b18c86b2,Blue hour,7,313,171
2026-06-08T00:06:24.868Z,Japanese,Monthly,coban3137,79cf91bc-167e-481f-9a49-b581919560c4,BINARY,13,5675,741
2026-06-08T00:06:24.868Z,Japanese,All Time,-,-,-,0,0,0
2026-06-08T05:49:33.921Z,Global,Now,-,-,-,0,0,0
2026-06-08T05:49:33.921Z,Global,Weekly,-,-,-,0,0,0
2026-06-08T05:49:33.921Z,Global,Monthly,-,-,-,0,0,0
2026-06-08T05:49:33.921Z,Global,All Time,-,-,-,0,0,0
2026-06-08T05:49:33.921Z,Japanese,Now,-,-,-,0,0,0
2026-06-08T05:49:33.921Z,Japanese,Weekly,coban3137,df2c59e1-8c9d-428c-9993-ac38b18c86b2,Blue hour,7,320,172
2026-06-08T05:49:33.921Z,Japanese,Monthly,coban3137,79cf91bc-167e-481f-9a49-b581919560c4,BINARY,13,5675,741
2026-06-08T05:49:33.921Z,Japanese,All Time,-,-,-,0,0,0
2026-06-08T10:52:06.704Z,Global,Now,-,-,-,0,0,0
2026-06-08T10:52:06.704Z,Global,Weekly,-,-,-,0,0,0
2026-06-08T10:52:06.704Z,Global,Monthly,-,-,-,0,0,0
2026-06-08T10:52:06.704Z,Global,All Time,-,-,-,0,0,0
2026-06-08T10:52:06.704Z,Japanese,Now,-,-,-,0,0,0
2026-06-08T10:52:06.704Z,Japanese,Weekly,coban3137,df2c59e1-8c9d-428c-9993-ac38b18c86b2,Blue hour,8,320,172
2026-06-08T10:52:06.704Z,Japanese,Monthly,coban3137,79cf91bc-167e-481f-9a49-b581919560c4,BINARY,13,5675,741
2026-06-08T10:52:06.704Z,Japanese,All Time,-,-,-,0,0,0
2026-06-08T14:48:16.177Z,Global,Now,-,-,-,0,0,0
2026-06-08T14:48:16.177Z,Global,Weekly,-,-,-,0,0,0
2026-06-08T14:48:16.177Z,Global,Monthly,-,-,-,0,0,0
2026-06-08T14:48:16.177Z,Global,All Time,-,-,-,0,0,0
2026-06-08T14:48:16.177Z,Japanese,Now,-,-,-,0,0,0
2026-06-08T14:48:16.177Z,Japanese,Weekly,-,-,-,0,0,0
2026-06-08T14:48:16.177Z,Japanese,Monthly,coban3137,79cf91bc-167e-481f-9a49-b581919560c4,BINARY,13,5675,741
2026-06-08T14:48:16.177Z,Japanese,All Time,-,-,-,0,0,0
2026-06-08T17:52:13.661Z,Global,Now,-,-,-,0,0,0
2026-06-08T17:52:13.661Z,Global,Weekly,-,-,-,0,0,0
2026-06-08T17:52:13.661Z,Global,Monthly,-,-,-,0,0,0
2026-06-08T17:52:13.661Z,Global,All Time,-,-,-,0,0,0
2026-06-08T17:52:13.661Z,Japanese,Now,-,-,-,0,0,0
2026-06-08T17:52:13.661Z,Japanese,Weekly,-,-,-,0,0,0
2026-06-08T17:52:13.661Z,Japanese,Monthly,coban3137,79cf91bc-167e-481f-9a49-b581919560c4,BINARY,13,5675,741
2026-06-08T17:52:13.661Z,Japanese,All Time,-,-,-,0,0,0
2026-06-08T20:13:36.361Z,Global,Now,-,-,-,0,0,0
2026-06-08T20:13:36.361Z,Global,Weekly,-,-,-,0,0,0
2026-06-08T20:13:36.361Z,Global,Monthly,-,-,-,0,0,0
2026-06-08T20:13:36.361Z,Global,All Time,-,-,-,0,0,0
2026-06-08T20:13:36.361Z,Japanese,Now,-,-,-,0,0,0
2026-06-08T20:13:36.361Z,Japanese,Weekly,-,-,-,0,0,0
2026-06-08T20:13:36.361Z,Japanese,Monthly,coban3137,79cf91bc-167e-481f-9a49-b581919560c4,BINARY,13,5675,741
2026-06-08T20:13:36.361Z,Japanese,All Time,-,-,-,0,0,0
2026-06-08T22:26:05.374Z,Global,Now,-,-,-,0,0,0
2026-06-08T22:26:05.374Z,Global,Weekly,-,-,-,0,0,0
2026-06-08T22:26:05.374Z,Global,Monthly,-,-,-,0,0,0
2026-06-08T22:26:05.374Z,Global,All Time,-,-,-,0,0,0
2026-06-08T22:26:05.374Z,Japanese,Now,-,-,-,0,0,0
2026-06-08T22:26:05.374Z,Japanese,Weekly,-,-,-,0,0,0
2026-06-08T22:26:05.374Z,Japanese,Monthly,coban3137,79cf91bc-167e-481f-9a49-b581919560c4,BINARY,13,5675,741
2026-06-08T22:26:05.374Z,Japanese,All Time,-,-,-,0,0,0
2026-06-09T00:05:01.776Z,Global,Now,-,-,-,0,0,0
2026-06-09T00:05:01.776Z,Global,Weekly,-,-,-,0,0,0
2026-06-09T00:05:01.776Z,Global,Monthly,-,-,-,0,0,0
2026-06-09T00:05:01.776Z,Global,All Time,-,-,-,0,0,0
2026-06-09T00:05:01.776Z,Japanese,Now,-,-,-,0,0,0
2026-06-09T00:05:01.776Z,Japanese,Weekly,-,-,-,0,0,0
2026-06-09T00:05:01.776Z,Japanese,Monthly,coban3137,79cf91bc-167e-481f-9a49-b581919560c4,BINARY,13,5675,741
2026-06-09T00:05:01.776Z,Japanese,All Time,-,-,-,0,0,0
2026-06-09T05:04:57.796Z,Global,Now,-,-,-,0,0,0
2026-06-09T05:04:57.796Z,Global,Weekly,-,-,-,0,0,0
2026-06-09T05:04:57.796Z,Global,Monthly,-,-,-,0,0,0
2026-06-09T05:04:57.796Z,Global,All Time,-,-,-,0,0,0
2026-06-09T05:04:57.796Z,Japanese,Now,-,-,-,0,0,0
2026-06-09T05:04:57.796Z,Japanese,Weekly,-,-,-,0,0,0
2026-06-09T05:04:57.796Z,Japanese,Monthly,coban3137,79cf91bc-167e-481f-9a49-b581919560c4,BINARY,13,5675,741
2026-06-09T05:04:57.796Z,Japanese,All Time,-,-,-,0,0,0
2026-06-09T09:41:26.067Z,Global,Now,-,-,-,0,0,0
2026-06-09T09:41:26.067Z,Global,Weekly,-,-,-,0,0,0
2026-06-09T09:41:26.067Z,Global,Monthly,-,-,-,0,0,0
2026-06-09T09:41:26.067Z,Global,All Time,-,-,-,0,0,0
2026-06-09T09:41:26.067Z,Japanese,Now,-,-,-,0,0,0
2026-06-09T09:41:26.067Z,Japanese,Weekly,-,-,-,0,0,0
2026-06-09T09:41:26.067Z,Japanese,Monthly,coban3137,79cf91bc-167e-481f-9a49-b581919560c4,BINARY,13,5675,741
2026-06-09T09:41:26.067Z,Japanese,All Time,-,-,-,0,0,0
2026-06-09T12:36:43.377Z,Global,Now,-,-,-,0,0,0
2026-06-09T12:36:43.377Z,Global,Weekly,-,-,-,0,0,0
2026-06-09T12:36:43.377Z,Global,Monthly,-,-,-,0,0,0
2026-06-09T12:36:43.377Z,Global,All Time,-,-,-,0,0,0
2026-06-09T12:36:43.377Z,Japanese,Now,-,-,-,0,0,0
2026-06-09T12:36:43.377Z,Japanese,Weekly,-,-,-,0,0,0
2026-06-09T12:36:43.377Z,Japanese,Monthly,coban3137,79cf91bc-167e-481f-9a49-b581919560c4,BINARY,13,5675,741
2026-06-09T12:36:43.377Z,Japanese,All Time,-,-,-,0,0,0
2026-06-09T15:54:42.093Z,Global,Now,-,-,-,0,0,0
2026-06-09T15:54:42.093Z,Global,Weekly,-,-,-,0,0,0
2026-06-09T15:54:42.093Z,Global,Monthly,-,-,-,0,0,0
2026-06-09T15:54:42.093Z,Global,All Time,-,-,-,0,0,0
2026-06-09T15:54:42.093Z,Japanese,Now,-,-,-,0,0,0
2026-06-09T15:54:42.093Z,Japanese,Weekly,-,-,-,0,0,0
2026-06-09T15:54:42.093Z,Japanese,Monthly,coban3137,79cf91bc-167e-481f-9a49-b581919560c4,BINARY,13,5675,741
2026-06-09T15:54:42.093Z,Japanese,All Time,-,-,-,0,0,0
2026-06-09T18:04:28.660Z,Global,Now,-,-,-,0,0,0
2026-06-09T18:04:28.660Z,Global,Weekly,-,-,-,0,0,0
2026-06-09T18:04:28.660Z,Global,Monthly,-,-,-,0,0,0
2026-06-09T18:04:28.660Z,Global,All Time,-,-,-,0,0,0
2026-06-09T18:04:28.660Z,Japanese,Now,-,-,-,0,0,0
2026-06-09T18:04:28.660Z,Japanese,Weekly,-,-,-,0,0,0
2026-06-09T18:04:28.660Z,Japanese,Monthly,coban3137,79cf91bc-167e-481f-9a49-b581919560c4,BINARY,13,5675,741
2026-06-09T18:04:28.660Z,Japanese,All Time,-,-,-,0,0,0
2026-06-09T20:56:56.560Z,Global,Now,-,-,-,0,0,0
2026-06-09T20:56:56.560Z,Global,Weekly,-,-,-,0,0,0
2026-06-09T20:56:56.560Z,Global,Monthly,-,-,-,0,0,0
2026-06-09T20:56:56.560Z,Global,All Time,-,-,-,0,0,0
2026-06-09T20:56:56.560Z,Japanese,Now,-,-,-,0,0,0
2026-06-09T20:56:56.560Z,Japanese,Weekly,-,-,-,0,0,0
2026-06-09T20:56:56.560Z,Japanese,Monthly,coban3137,79cf91bc-167e-481f-9a49-b581919560c4,BINARY,13,5675,741
2026-06-09T20:56:56.560Z,Japanese,All Time,-,-,-,0,0,0
2026-06-09T22:25:08.592Z,Global,Now,-,-,-,0,0,0
2026-06-09T22:25:08.592Z,Global,Weekly,-,-,-,0,0,0
2026-06-09T22:25:08.592Z,Global,Monthly,-,-,-,0,0,0
2026-06-09T22:25:08.592Z,Global,All Time,-,-,-,0,0,0
2026-06-09T22:25:08.592Z,Japanese,Now,-,-,-,0,0,0
2026-06-09T22:25:08.592Z,Japanese,Weekly,-,-,-,0,0,0
2026-06-09T22:25:08.592Z,Japanese,Monthly,coban3137,79cf91bc-167e-481f-9a49-b581919560c4,BINARY,13,5675,741
2026-06-09T22:25:08.592Z,Japanese,All Time,-,-,-,0,0,0
2026-06-10T00:12:37.173Z,Global,Now,-,-,-,0,0,0
2026-06-10T00:12:37.173Z,Global,Weekly,-,-,-,0,0,0
2026-06-10T00:12:37.173Z,Global,Monthly,-,-,-,0,0,0
2026-06-10T00:12:37.173Z,Global,All Time,-,-,-,0,0,0
2026-06-10T00:12:37.173Z,Japanese,Now,-,-,-,0,0,0
2026-06-10T00:12:37.173Z,Japanese,Weekly,-,-,-,0,0,0
2026-06-10T00:12:37.173Z,Japanese,Monthly,coban3137,79cf91bc-167e-481f-9a49-b581919560c4,BINARY,13,5675,741
2026-06-10T00:12:37.173Z,Japanese,All Time,-,-,-,0,0,0
2026-06-10T05:17:16.037Z,Global,Now,-,-,-,0,0,0
2026-06-10T05:17:16.037Z,Global,Weekly,-,-,-,0,0,0
2026-06-10T05:17:16.037Z,Global,Monthly,-,-,-,0,0,0
2026-06-10T05:17:16.037Z,Global,All Time,-,-,-,0,0,0
2026-06-10T05:17:16.037Z,Japanese,Now,-,-,-,0,0,0
2026-06-10T05:17:16.037Z,Japanese,Weekly,-,-,-,0,0,0
2026-06-10T05:17:16.037Z,Japanese,Monthly,coban3137,79cf91bc-167e-481f-9a49-b581919560c4,BINARY,13,5675,741
2026-06-10T05:17:16.037Z,Japanese,All Time,-,-,-,0,0,0
2026-06-10T09:58:09.290Z,Global,Now,-,-,-,0,0,0
2026-06-10T09:58:09.290Z,Global,Weekly,-,-,-,0,0,0
2026-06-10T09:58:09.290Z,Global,Monthly,-,-,-,0,0,0
2026-06-10T09:58:09.290Z,Global,All Time,-,-,-,0,0,0
2026-06-10T09:58:09.290Z,Japanese,Now,-,-,-,0,0,0
2026-06-10T09:58:09.290Z,Japanese,Weekly,-,-,-,0,0,0
2026-06-10T09:58:09.290Z,Japanese,Monthly,coban3137,79cf91bc-167e-481f-9a49-b581919560c4,BINARY,13,5675,741
2026-06-10T09:58:09.290Z,Japanese,All Time,-,-,-,0,0,0
2026-06-10T13:36:24.924Z,Global,Now,-,-,-,0,0,0
2026-06-10T13:36:24.924Z,Global,Weekly,-,-,-,0,0,0
2026-06-10T13:36:24.924Z,Global,Monthly,-,-,-,0,0,0
2026-06-10T13:36:24.924Z,Global,All Time,-,-,-,0,0,0
2026-06-10T13:36:24.924Z,Japanese,Now,-,-,-,0,0,0
2026-06-10T13:36:24.924Z,Japanese,Weekly,-,-,-,0,0,0
2026-06-10T13:36:24.924Z,Japanese,Monthly,coban3137,79cf91bc-167e-481f-9a49-b581919560c4,BINARY,13,5675,741
2026-06-10T13:36:24.924Z,Japanese,All Time,-,-,-,0,0,0
2026-06-10T17:20:16.288Z,Global,Now,-,-,-,0,0,0
2026-06-10T17:20:16.288Z,Global,Weekly,-,-,-,0,0,0
2026-06-10T17:20:16.288Z,Global,Monthly,-,-,-,0,0,0
2026-06-10T17:20:16.288Z,Global,All Time,-,-,-,0,0,0
2026-06-10T17:20:16.288Z,Japanese,Now,-,-,-,0,0,0
2026-06-10T17:20:16.288Z,Japanese,Weekly,-,-,-,0,0,0
2026-06-10T17:20:16.288Z,Japanese,Monthly,coban3137,79cf91bc-167e-481f-9a49-b581919560c4,BINARY,13,5675,741
2026-06-10T17:20:16.288Z,Japanese,All Time,-,-,-,0,0,0
2026-06-10T20:28:55.911Z,Global,Now,-,-,-,0,0,0
2026-06-10T20:28:55.911Z,Global,Weekly,-,-,-,0,0,0
2026-06-10T20:28:55.911Z,Global,Monthly,-,-,-,0,0,0
2026-06-10T20:28:55.911Z,Global,All Time,-,-,-,0,0,0
2026-06-10T20:28:55.911Z,Japanese,Now,-,-,-,0,0,0
2026-06-10T20:28:55.911Z,Japanese,Weekly,-,-,-,0,0,0
2026-06-10T20:28:55.911Z,Japanese,Monthly,coban3137,79cf91bc-167e-481f-9a49-b581919560c4,BINARY,13,5675,741
2026-06-10T20:28:55.911Z,Japanese,All Time,-,-,-,0,0,0
2026-06-10T22:50:49.127Z,Global,Now,-,-,-,0,0,0
2026-06-10T22:50:49.127Z,Global,Weekly,-,-,-,0,0,0
2026-06-10T22:50:49.127Z,Global,Monthly,-,-,-,0,0,0
2026-06-10T22:50:49.127Z,Global,All Time,-,-,-,0,0,0
2026-06-10T22:50:49.127Z,Japanese,Now,-,-,-,0,0,0
2026-06-10T22:50:49.127Z,Japanese,Weekly,-,-,-,0,0,0
2026-06-10T22:50:49.127Z,Japanese,Monthly,coban3137,79cf91bc-167e-481f-9a49-b581919560c4,BINARY,13,5675,741
2026-06-10T22:50:49.127Z,Japanese,All Time,-,-,-,0,0,0
2026-06-11T00:14:12.549Z,Global,Now,-,-,-,0,0,0
2026-06-11T00:14:12.549Z,Global,Weekly,-,-,-,0,0,0
2026-06-11T00:14:12.549Z,Global,Monthly,-,-,-,0,0,0
2026-06-11T00:14:12.549Z,Global,All Time,-,-,-,0,0,0
2026-06-11T00:14:12.549Z,Japanese,Now,-,-,-,0,0,0
2026-06-11T00:14:12.549Z,Japanese,Weekly,-,-,-,0,0,0
2026-06-11T00:14:12.549Z,Japanese,Monthly,coban3137,79cf91bc-167e-481f-9a49-b581919560c4,BINARY,13,5675,741
2026-06-11T00:14:12.549Z,Japanese,All Time,-,-,-,0,0,0
2026-06-11T05:27:55.623Z,Global,Now,-,-,-,0,0,0
2026-06-11T05:27:55.623Z,Global,Weekly,-,-,-,0,0,0
2026-06-11T05:27:55.623Z,Global,Monthly,-,-,-,0,0,0
2026-06-11T05:27:55.623Z,Global,All Time,-,-,-,0,0,0
2026-06-11T05:27:55.623Z,Japanese,Now,-,-,-,0,0,0
2026-06-11T05:27:55.623Z,Japanese,Weekly,-,-,-,0,0,0
2026-06-11T05:27:55.623Z,Japanese,Monthly,coban3137,79cf91bc-167e-481f-9a49-b581919560c4,BINARY,13,5675,741
2026-06-11T05:27:55.623Z,Japanese,All Time,-,-,-,0,0,0
2026-06-11T10:21:50.763Z,Global,Now,-,-,-,0,0,0
2026-06-11T10:21:50.763Z,Global,Weekly,-,-,-,0,0,0
2026-06-11T10:21:50.763Z,Global,Monthly,-,-,-,0,0,0
2026-06-11T10:21:50.763Z,Global,All Time,-,-,-,0,0,0
2026-06-11T10:21:50.763Z,Japanese,Now,-,-,-,0,0,0
2026-06-11T10:21:50.763Z,Japanese,Weekly,-,-,-,0,0,0
2026-06-11T10:21:50.763Z,Japanese,Monthly,coban3137,79cf91bc-167e-481f-9a49-b581919560c4,BINARY,13,5675,741
2026-06-11T10:21:50.763Z,Japanese,All Time,-,-,-,0,0,0
2026-06-11T14:35:15.783Z,Global,Now,-,-,-,0,0,0
2026-06-11T14:35:15.783Z,Global,Weekly,-,-,-,0,0,0
2026-06-11T14:35:15.783Z,Global,Monthly,-,-,-,0,0,0
2026-06-11T14:35:15.783Z,Global,All Time,-,-,-,0,0,0
2026-06-11T14:35:15.783Z,Japanese,Now,-,-,-,0,0,0
2026-06-11T14:35:15.783Z,Japanese,Weekly,-,-,-,0,0,0
2026-06-11T14:35:15.783Z,Japanese,Monthly,coban3137,79cf91bc-167e-481f-9a49-b581919560c4,BINARY,13,5675,741
2026-06-11T14:35:15.783Z,Japanese,All Time,-,-,-,0,0,0
2026-06-11T18:12:21.716Z,Global,Now,-,-,-,0,0,0
2026-06-11T18:12:21.716Z,Global,Weekly,-,-,-,0,0,0
2026-06-11T18:12:21.716Z,Global,Monthly,-,-,-,0,0,0
2026-06-11T18:12:21.716Z,Global,All Time,-,-,-,0,0,0
2026-06-11T18:12:21.716Z,Japanese,Now,-,-,-,0,0,0
2026-06-11T18:12:21.716Z,Japanese,Weekly,-,-,-,0,0,0
2026-06-11T18:12:21.716Z,Japanese,Monthly,coban3137,79cf91bc-167e-481f-9a49-b581919560c4,BINARY,13,5675,741
2026-06-11T18:12:21.716Z,Japanese,All Time,-,-,-,0,0,0
2026-06-11T21:19:37.343Z,Global,Now,-,-,-,0,0,0
2026-06-11T21:19:37.343Z,Global,Weekly,-,-,-,0,0,0
2026-06-11T21:19:37.343Z,Global,Monthly,-,-,-,0,0,0
2026-06-11T21:19:37.343Z,Global,All Time,-,-,-,0,0,0
2026-06-11T21:19:37.343Z,Japanese,Now,-,-,-,0,0,0
2026-06-11T21:19:37.343Z,Japanese,Weekly,-,-,-,0,0,0
2026-06-11T21:19:37.343Z,Japanese,Monthly,coban3137,79cf91bc-167e-481f-9a49-b581919560c4,BINARY,13,5675,741
2026-06-11T21:19:37.343Z,Japanese,All Time,-,-,-,0,0,0
2026-06-12T03:51:40.335Z,Global,Now,-,-,-,0,0,0
2026-06-12T03:51:40.335Z,Global,Weekly,-,-,-,0,0,0
2026-06-12T03:51:40.335Z,Global,Monthly,-,-,-,0,0,0
2026-06-12T03:51:40.335Z,Global,All Time,-,-,-,0,0,0
2026-06-12T03:51:40.335Z,Japanese,Now,-,-,-,0,0,0
2026-06-12T03:51:40.335Z,Japanese,Weekly,darari_nu,91ccd9fb-a61f-42ac-b7e3-26b02d00788c,遠吠え,18,903,239
2026-06-12T03:51:40.335Z,Japanese,Monthly,coban3137,79cf91bc-167e-481f-9a49-b581919560c4,BINARY,13,5675,741
2026-06-12T03:51:40.335Z,Japanese,All Time,-,-,-,0,0,0
2026-06-12T08:25:04.482Z,Global,Now,-,-,-,0,0,0
2026-06-12T08:25:04.482Z,Global,Weekly,-,-,-,0,0,0
2026-06-12T08:25:04.482Z,Global,Monthly,-,-,-,0,0,0
2026-06-12T08:25:04.482Z,Global,All Time,-,-,-,0,0,0
2026-06-12T08:25:04.482Z,Japanese,Now,-,-,-,0,0,0
2026-06-12T08:25:04.482Z,Japanese,Weekly,darari_nu,91ccd9fb-a61f-42ac-b7e3-26b02d00788c,遠吠え,18,913,240
2026-06-12T08:25:04.482Z,Japanese,Monthly,coban3137,79cf91bc-167e-481f-9a49-b581919560c4,BINARY,13,5675,741
2026-06-12T08:25:04.482Z,Japanese,All Time,-,-,-,0,0,0
2026-06-12T12:18:40.627Z,Global,Now,-,-,-,0,0,0
2026-06-12T12:18:40.627Z,Global,Weekly,-,-,-,0,0,0
2026-06-12T12:18:40.627Z,Global,Monthly,-,-,-,0,0,0
2026-06-12T12:18:40.627Z,Global,All Time,-,-,-,0,0,0
2026-06-12T12:18:40.627Z,Japanese,Now,-,-,-,0,0,0
2026-06-12T12:18:40.627Z,Japanese,Weekly,darari_nu,91ccd9fb-a61f-42ac-b7e3-26b02d00788c,遠吠え,18,913,242
2026-06-12T12:18:40.627Z,Japanese,Weekly,coban3137,df2c59e1-8c9d-428c-9993-ac38b18c86b2,Blue hour,40,354,182
2026-06-12T12:18:40.627Z,Japanese,Monthly,coban3137,79cf91bc-167e-481f-9a49-b581919560c4,BINARY,13,5675,741
2026-06-12T12:18:40.627Z,Japanese,All Time,-,-,-,0,0,0
2026-06-12T16:17:10.260Z,Global,Now,-,-,-,0,0,0
2026-06-12T16:17:10.260Z,Global,Weekly,-,-,-,0,0,0
2026-06-12T16:17:10.260Z,Global,Monthly,-,-,-,0,0,0
2026-06-12T16:17:10.260Z,Global,All Time,-,-,-,0,0,0
2026-06-12T16:17:10.260Z,Japanese,Now,-,-,-,0,0,0
2026-06-12T16:17:10.260Z,Japanese,Weekly,darari_nu,91ccd9fb-a61f-42ac-b7e3-26b02d00788c,遠吠え,18,913,242
2026-06-12T16:17:10.260Z,Japanese,Weekly,coban3137,df2c59e1-8c9d-428c-9993-ac38b18c86b2,Blue hour,40,370,182
2026-06-12T16:17:10.260Z,Japanese,Monthly,coban3137,79cf91bc-167e-481f-9a49-b581919560c4,BINARY,13,5675,741
2026-06-12T16:17:10.260Z,Japanese,All Time,-,-,-,0,0,0
2026-06-12T19:04:11.517Z,Global,Now,-,-,-,0,0,0
2026-06-12T19:04:11.517Z,Global,Weekly,-,-,-,0,0,0
2026-06-12T19:04:11.517Z,Global,Monthly,-,-,-,0,0,0
2026-06-12T19:04:11.517Z,Global,All Time,-,-,-,0,0,0
2026-06-12T19:04:11.517Z,Japanese,Now,-,-,-,0,0,0
2026-06-12T19:04:11.517Z,Japanese,Weekly,darari_nu,91ccd9fb-a61f-42ac-b7e3-26b02d00788c,遠吠え,17,913,242
2026-06-12T19:04:11.517Z,Japanese,Weekly,coban3137,df2c59e1-8c9d-428c-9993-ac38b18c86b2,Blue hour,39,370,182
2026-06-12T19:04:11.517Z,Japanese,Monthly,coban3137,79cf91bc-167e-481f-9a49-b581919560c4,BINARY,13,5675,741
2026-06-12T19:04:11.517Z,Japanese,All Time,-,-,-,0,0,0
2026-06-12T21:43:20.737Z,Global,Now,-,-,-,0,0,0
2026-06-12T21:43:20.737Z,Global,Weekly,-,-,-,0,0,0
2026-06-12T21:43:20.737Z,Global,Monthly,-,-,-,0,0,0
2026-06-12T21:43:20.737Z,Global,All Time,-,-,-,0,0,0
2026-06-12T21:43:20.737Z,Japanese,Now,-,-,-,0,0,0
2026-06-12T21:43:20.737Z,Japanese,Weekly,darari_nu,91ccd9fb-a61f-42ac-b7e3-26b02d00788c,遠吠え,17,913,242
2026-06-12T21:43:20.737Z,Japanese,Weekly,coban3137,df2c59e1-8c9d-428c-9993-ac38b18c86b2,Blue hour,39,370,183
2026-06-12T21:43:20.737Z,Japanese,Monthly,coban3137,79cf91bc-167e-481f-9a49-b581919560c4,BINARY,13,5675,741
2026-06-12T21:43:20.737Z,Japanese,All Time,-,-,-,0,0,0
2026-06-13T03:36:27.411Z,Global,Now,-,-,-,0,0,0
2026-06-13T03:36:27.411Z,Global,Weekly,-,-,-,0,0,0
2026-06-13T03:36:27.411Z,Global,Monthly,-,-,-,0,0,0
2026-06-13T03:36:27.411Z,Global,All Time,-,-,-,0,0,0
2026-06-13T03:36:27.411Z,Japanese,Now,-,-,-,0,0,0
2026-06-13T03:36:27.411Z,Japanese,Weekly,darari_nu,91ccd9fb-a61f-42ac-b7e3-26b02d00788c,遠吠え,17,922,242
2026-06-13T03:36:27.411Z,Japanese,Weekly,coban3137,df2c59e1-8c9d-428c-9993-ac38b18c86b2,Blue hour,38,377,183
2026-06-13T03:36:27.411Z,Japanese,Monthly,coban3137,79cf91bc-167e-481f-9a49-b581919560c4,BINARY,13,5675,741
2026-06-13T03:36:27.411Z,Japanese,All Time,-,-,-,0,0,0
2026-06-13T07:45:58.752Z,Global,Now,-,-,-,0,0,0
2026-06-13T07:45:58.752Z,Global,Weekly,-,-,-,0,0,0
2026-06-13T07:45:58.752Z,Global,Monthly,-,-,-,0,0,0
2026-06-13T07:45:58.752Z,Global,All Time,-,-,-,0,0,0
2026-06-13T07:45:58.752Z,Japanese,Now,-,-,-,0,0,0
2026-06-13T07:45:58.752Z,Japanese,Weekly,darari_nu,91ccd9fb-a61f-42ac-b7e3-26b02d00788c,遠吠え,17,922,242
2026-06-13T07:45:58.752Z,Japanese,Weekly,coban3137,df2c59e1-8c9d-428c-9993-ac38b18c86b2,Blue hour,38,394,183
2026-06-13T07:45:58.752Z,Japanese,Monthly,coban3137,79cf91bc-167e-481f-9a49-b581919560c4,BINARY,13,5675,741
2026-06-13T07:45:58.752Z,Japanese,All Time,-,-,-,0,0,0
2026-06-13T10:27:51.137Z,Global,Now,-,-,-,0,0,0
2026-06-13T10:27:51.137Z,Global,Weekly,-,-,-,0,0,0
2026-06-13T10:27:51.137Z,Global,Monthly,-,-,-,0,0,0
2026-06-13T10:27:51.137Z,Global,All Time,-,-,-,0,0,0
2026-06-13T10:27:51.137Z,Japanese,Now,-,-,-,0,0,0
2026-06-13T10:27:51.137Z,Japanese,Weekly,darari_nu,91ccd9fb-a61f-42ac-b7e3-26b02d00788c,遠吠え,17,922,242
2026-06-13T10:27:51.137Z,Japanese,Weekly,coban3137,df2c59e1-8c9d-428c-9993-ac38b18c86b2,Blue hour,38,394,183
2026-06-13T10:27:51.137Z,Japanese,Monthly,coban3137,79cf91bc-167e-481f-9a49-b581919560c4,BINARY,13,5675,741
2026-06-13T10:27:51.137Z,Japanese,All Time,-,-,-,0,0,0
2026-06-13T14:59:57.523Z,Global,Now,-,-,-,0,0,0
2026-06-13T14:59:57.523Z,Global,Weekly,-,-,-,0,0,0
2026-06-13T14:59:57.523Z,Global,Monthly,-,-,-,0,0,0
2026-06-13T14:59:57.523Z,Global,All Time,-,-,-,0,0,0
2026-06-13T14:59:57.523Z,Japanese,Now,-,-,-,0,0,0
2026-06-13T14:59:57.523Z,Japanese,Weekly,darari_nu,91ccd9fb-a61f-42ac-b7e3-26b02d00788c,遠吠え,18,922,242
2026-06-13T14:59:57.523Z,Japanese,Weekly,coban3137,df2c59e1-8c9d-428c-9993-ac38b18c86b2,Blue hour,39,409,183
2026-06-13T14:59:57.523Z,Japanese,Monthly,coban3137,79cf91bc-167e-481f-9a49-b581919560c4,BINARY,13,5675,741
2026-06-13T14:59:57.523Z,Japanese,All Time,-,-,-,0,0,0
2026-06-13T18:06:51.704Z,Global,Now,-,-,-,0,0,0
2026-06-13T18:06:51.704Z,Global,Weekly,-,-,-,0,0,0
2026-06-13T18:06:51.704Z,Global,Monthly,-,-,-,0,0,0
2026-06-13T18:06:51.704Z,Global,All Time,-,-,-,0,0,0
2026-06-13T18:06:51.704Z,Japanese,Now,-,-,-,0,0,0
2026-06-13T18:06:51.704Z,Japanese,Weekly,darari_nu,91ccd9fb-a61f-42ac-b7e3-26b02d00788c,遠吠え,18,922,242
2026-06-13T18:06:51.704Z,Japanese,Weekly,coban3137,df2c59e1-8c9d-428c-9993-ac38b18c86b2,Blue hour,39,409,183
2026-06-13T18:06:51.704Z,Japanese,Monthly,coban3137,79cf91bc-167e-481f-9a49-b581919560c4,BINARY,13,5675,741
2026-06-13T18:06:51.704Z,Japanese,All Time,-,-,-,0,0,0
2026-06-13T22:03:07.267Z,Global,Now,-,-,-,0,0,0
2026-06-13T22:03:07.267Z,Global,Weekly,-,-,-,0,0,0
2026-06-13T22:03:07.267Z,Global,Monthly,-,-,-,0,0,0
2026-06-13T22:03:07.267Z,Global,All Time,-,-,-,0,0,0
2026-06-13T22:03:07.267Z,Japanese,Now,-,-,-,0,0,0
2026-06-13T22:03:07.267Z,Japanese,Weekly,darari_nu,91ccd9fb-a61f-42ac-b7e3-26b02d00788c,遠吠え,18,922,242
2026-06-13T22:03:07.267Z,Japanese,Weekly,coban3137,df2c59e1-8c9d-428c-9993-ac38b18c86b2,Blue hour,40,417,183
2026-06-13T22:03:07.267Z,Japanese,Monthly,coban3137,79cf91bc-167e-481f-9a49-b581919560c4,BINARY,13,5675,741
2026-06-13T22:03:07.267Z,Japanese,All Time,-,-,-,0,0,0
2026-06-14T05:48:09.012Z,Global,Now,-,-,-,0,0,0
2026-06-14T05:48:09.012Z,Global,Weekly,-,-,-,0,0,0
2026-06-14T05:48:09.012Z,Global,Monthly,-,-,-,0,0,0
2026-06-14T05:48:09.012Z,Global,All Time,-,-,-,0,0,0
2026-06-14T05:48:09.012Z,Japanese,Now,-,-,-,0,0,0
2026-06-14T05:48:09.012Z,Japanese,Weekly,darari_nu,91ccd9fb-a61f-42ac-b7e3-26b02d00788c,遠吠え,18,922,242
2026-06-14T05:48:09.012Z,Japanese,Weekly,coban3137,df2c59e1-8c9d-428c-9993-ac38b18c86b2,Blue hour,39,424,184
2026-06-14T05:48:09.012Z,Japanese,Monthly,coban3137,79cf91bc-167e-481f-9a49-b581919560c4,BINARY,13,5675,741
2026-06-14T05:48:09.012Z,Japanese,All Time,-,-,-,0,0,0
2026-06-14T09:32:24.421Z,Global,Now,-,-,-,0,0,0
2026-06-14T09:32:24.421Z,Global,Weekly,-,-,-,0,0,0
2026-06-14T09:32:24.421Z,Global,Monthly,-,-,-,0,0,0
2026-06-14T09:32:24.421Z,Global,All Time,-,-,-,0,0,0
2026-06-14T09:32:24.421Z,Japanese,Now,-,-,-,0,0,0
2026-06-14T09:32:24.421Z,Japanese,Weekly,darari_nu,91ccd9fb-a61f-42ac-b7e3-26b02d00788c,遠吠え,18,922,242
2026-06-14T09:32:24.421Z,Japanese,Weekly,coban3137,df2c59e1-8c9d-428c-9993-ac38b18c86b2,Blue hour,39,431,184
2026-06-14T09:32:24.421Z,Japanese,Monthly,coban3137,79cf91bc-167e-481f-9a49-b581919560c4,BINARY,13,5675,741
2026-06-14T09:32:24.421Z,Japanese,All Time,-,-,-,0,0,0
2026-06-14T14:08:38.626Z,Global,Now,-,-,-,0,0,0
2026-06-14T14:08:38.626Z,Global,Weekly,-,-,-,0,0,0
2026-06-14T14:08:38.626Z,Global,Monthly,-,-,-,0,0,0
2026-06-14T14:08:38.626Z,Global,All Time,-,-,-,0,0,0
2026-06-14T14:08:38.626Z,Japanese,Now,-,-,-,0,0,0
2026-06-14T14:08:38.626Z,Japanese,Weekly,darari_nu,91ccd9fb-a61f-42ac-b7e3-26b02d00788c,遠吠え,18,922,242
2026-06-14T14:08:38.626Z,Japanese,Weekly,coban3137,df2c59e1-8c9d-428c-9993-ac38b18c86b2,Blue hour,38,431,185
2026-06-14T14:08:38.626Z,Japanese,Monthly,coban3137,79cf91bc-167e-481f-9a49-b581919560c4,BINARY,13,5675,741
2026-06-14T14:08:38.626Z,Japanese,All Time,-,-,-,0,0,0
2026-06-14T18:11:51.466Z,Global,Now,-,-,-,0,0,0
2026-06-14T18:11:51.466Z,Global,Weekly,-,-,-,0,0,0
2026-06-14T18:11:51.466Z,Global,Monthly,-,-,-,0,0,0
2026-06-14T18:11:51.466Z,Global,All Time,-,-,-,0,0,0
2026-06-14T18:11:51.466Z,Japanese,Now,-,-,-,0,0,0
2026-06-14T18:11:51.466Z,Japanese,Weekly,darari_nu,91ccd9fb-a61f-42ac-b7e3-26b02d00788c,遠吠え,19,922,242
2026-06-14T18:11:51.466Z,Japanese,Weekly,coban3137,df2c59e1-8c9d-428c-9993-ac38b18c86b2,Blue hour,37,431,185
2026-06-14T18:11:51.466Z,Japanese,Monthly,coban3137,79cf91bc-167e-481f-9a49-b581919560c4,BINARY,13,5675,741
2026-06-14T18:11:51.466Z,Japanese,All Time,-,-,-,0,0,0
2026-06-14T22:08:21.625Z,Global,Now,-,-,-,0,0,0
2026-06-14T22:08:21.625Z,Global,Weekly,-,-,-,0,0,0
2026-06-14T22:08:21.625Z,Global,Monthly,-,-,-,0,0,0
2026-06-14T22:08:21.625Z,Global,All Time,-,-,-,0,0,0
2026-06-14T22:08:21.625Z,Japanese,Now,-,-,-,0,0,0
2026-06-14T22:08:21.625Z,Japanese,Weekly,darari_nu,91ccd9fb-a61f-42ac-b7e3-26b02d00788c,遠吠え,19,922,242
2026-06-14T22:08:21.625Z,Japanese,Weekly,coban3137,df2c59e1-8c9d-428c-9993-ac38b18c86b2,Blue hour,37,431,186
2026-06-14T22:08:21.625Z,Japanese,Monthly,coban3137,79cf91bc-167e-481f-9a49-b581919560c4,BINARY,13,5675,741
2026-06-14T22:08:21.625Z,Japanese,All Time,-,-,-,0,0,0
2026-06-15T06:22:52.336Z,Global,Now,-,-,-,0,0,0
2026-06-15T06:22:52.336Z,Global,Weekly,-,-,-,0,0,0
2026-06-15T06:22:52.336Z,Global,Monthly,-,-,-,0,0,0
2026-06-15T06:22:52.336Z,Global,All Time,-,-,-,0,0,0
2026-06-15T06:22:52.336Z,Japanese,Now,-,-,-,0,0,0
2026-06-15T06:22:52.336Z,Japanese,Weekly,darari_nu,91ccd9fb-a61f-42ac-b7e3-26b02d00788c,遠吠え,19,922,242
2026-06-15T06:22:52.336Z,Japanese,Weekly,coban3137,df2c59e1-8c9d-428c-9993-ac38b18c86b2,Blue hour,37,431,186
2026-06-15T06:22:52.336Z,Japanese,Monthly,coban3137,79cf91bc-167e-481f-9a49-b581919560c4,BINARY,13,5675,741
2026-06-15T06:22:52.336Z,Japanese,All Time,-,-,-,0,0,0
2026-06-15T13:12:28.136Z,Global,Now,-,-,-,0,0,0
2026-06-15T13:12:28.136Z,Global,Weekly,-,-,-,0,0,0
2026-06-15T13:12:28.136Z,Global,Monthly,-,-,-,0,0,0
2026-06-15T13:12:28.136Z,Global,All Time,-,-,-,0,0,0
2026-06-15T13:12:28.136Z,Japanese,Now,-,-,-,0,0,0
2026-06-15T13:12:28.136Z,Japanese,Weekly,darari_nu,91ccd9fb-a61f-42ac-b7e3-26b02d00788c,遠吠え,19,922,243
2026-06-15T13:12:28.136Z,Japanese,Weekly,coban3137,df2c59e1-8c9d-428c-9993-ac38b18c86b2,Blue hour,36,431,186
2026-06-15T13:12:28.136Z,Japanese,Monthly,coban3137,79cf91bc-167e-481f-9a49-b581919560c4,BINARY,13,5675,741
2026-06-15T13:12:28.136Z,Japanese,All Time,-,-,-,0,0,0
2026-06-15T18:25:10.011Z,Global,Now,-,-,-,0,0,0
2026-06-15T18:25:10.011Z,Global,Weekly,-,-,-,0,0,0
2026-06-15T18:25:10.011Z,Global,Monthly,-,-,-,0,0,0
2026-06-15T18:25:10.011Z,Global,All Time,-,-,-,0,0,0
2026-06-15T18:25:10.011Z,Japanese,Now,-,-,-,0,0,0
2026-06-15T18:25:10.011Z,Japanese,Weekly,darari_nu,91ccd9fb-a61f-42ac-b7e3-26b02d00788c,遠吠え,19,922,243
2026-06-15T18:25:10.011Z,Japanese,Weekly,coban3137,df2c59e1-8c9d-428c-9993-ac38b18c86b2,Blue hour,36,438,186
2026-06-15T18:25:10.011Z,Japanese,Monthly,coban3137,79cf91bc-167e-481f-9a49-b581919560c4,BINARY,13,5675,741
2026-06-15T18:25:10.011Z,Japanese,All Time,-,-,-,0,0,0
2026-06-15T21:42:15.434Z,Global,Now,-,-,-,0,0,0
2026-06-15T21:42:15.434Z,Global,Weekly,-,-,-,0,0,0
2026-06-15T21:42:15.434Z,Global,Monthly,-,-,-,0,0,0
2026-06-15T21:42:15.434Z,Global,All Time,-,-,-,0,0,0
2026-06-15T21:42:15.434Z,Japanese,Now,-,-,-,0,0,0
2026-06-15T21:42:15.434Z,Japanese,Weekly,darari_nu,91ccd9fb-a61f-42ac-b7e3-26b02d00788c,遠吠え,19,922,243
2026-06-15T21:42:15.434Z,Japanese,Weekly,coban3137,df2c59e1-8c9d-428c-9993-ac38b18c86b2,Blue hour,36,438,186
2026-06-15T21:42:15.434Z,Japanese,Monthly,coban3137,79cf91bc-167e-481f-9a49-b581919560c4,BINARY,13,5675,741
2026-06-15T21:42:15.434Z,Japanese,All Time,-,-,-,0,0,0
2026-06-16T03:59:24.995Z,Global,Now,-,-,-,0,0,0
2026-06-16T03:59:24.995Z,Global,Weekly,-,-,-,0,0,0
2026-06-16T03:59:24.995Z,Global,Monthly,-,-,-,0,0,0
2026-06-16T03:59:24.995Z,Global,All Time,-,-,-,0,0,0
2026-06-16T03:59:24.995Z,Japanese,Now,-,-,-,0,0,0
2026-06-16T03:59:24.995Z,Japanese,Weekly,darari_nu,91ccd9fb-a61f-42ac-b7e3-26b02d00788c,遠吠え,19,929,243
2026-06-16T03:59:24.995Z,Japanese,Weekly,coban3137,df2c59e1-8c9d-428c-9993-ac38b18c86b2,Blue hour,35,438,187
2026-06-16T03:59:24.995Z,Japanese,Monthly,coban3137,79cf91bc-167e-481f-9a49-b581919560c4,BINARY,13,5675,741
2026-06-16T03:59:24.995Z,Japanese,All Time,-,-,-,0,0,0
2026-06-16T09:32:52.186Z,Global,Now,-,-,-,0,0,0
2026-06-16T09:32:52.186Z,Global,Weekly,-,-,-,0,0,0
2026-06-16T09:32:52.186Z,Global,Monthly,-,-,-,0,0,0
2026-06-16T09:32:52.186Z,Global,All Time,-,-,-,0,0,0
2026-06-16T09:32:52.186Z,Japanese,Now,-,-,-,0,0,0
2026-06-16T09:32:52.186Z,Japanese,Weekly,darari_nu,91ccd9fb-a61f-42ac-b7e3-26b02d00788c,遠吠え,19,929,244
2026-06-16T09:32:52.186Z,Japanese,Weekly,coban3137,df2c59e1-8c9d-428c-9993-ac38b18c86b2,Blue hour,35,445,187
2026-06-16T09:32:52.186Z,Japanese,Monthly,coban3137,79cf91bc-167e-481f-9a49-b581919560c4,BINARY,13,5675,741
2026-06-16T09:32:52.186Z,Japanese,All Time,-,-,-,0,0,0
2026-06-16T15:09:49.142Z,Global,Now,-,-,-,0,0,0
2026-06-16T15:09:49.142Z,Global,Weekly,-,-,-,0,0,0
2026-06-16T15:09:49.142Z,Global,Monthly,-,-,-,0,0,0
2026-06-16T15:09:49.142Z,Global,All Time,-,-,-,0,0,0
2026-06-16T15:09:49.142Z,Japanese,Now,-,-,-,0,0,0
2026-06-16T15:09:49.142Z,Japanese,Weekly,coban3137,df2c59e1-8c9d-428c-9993-ac38b18c86b2,Blue hour,33,445,189
2026-06-16T15:09:49.142Z,Japanese,Monthly,coban3137,79cf91bc-167e-481f-9a49-b581919560c4,BINARY,13,5675,741
2026-06-16T15:09:49.142Z,Japanese,All Time,-,-,-,0,0,0
2026-06-16T19:34:45.206Z,Global,Now,-,-,-,0,0,0
2026-06-16T19:34:45.206Z,Global,Weekly,-,-,-,0,0,0
2026-06-16T19:34:45.206Z,Global,Monthly,-,-,-,0,0,0
2026-06-16T19:34:45.206Z,Global,All Time,-,-,-,0,0,0
2026-06-16T19:34:45.206Z,Japanese,Now,-,-,-,0,0,0
2026-06-16T19:34:45.206Z,Japanese,Weekly,coban3137,df2c59e1-8c9d-428c-9993-ac38b18c86b2,Blue hour,32,445,189
2026-06-16T19:34:45.206Z,Japanese,Monthly,coban3137,79cf91bc-167e-481f-9a49-b581919560c4,BINARY,13,5675,741
2026-06-16T19:34:45.206Z,Japanese,All Time,-,-,-,0,0,0
2026-06-16T22:10:49.191Z,Global,Now,-,-,-,0,0,0
2026-06-16T22:10:49.191Z,Global,Weekly,-,-,-,0,0,0
2026-06-16T22:10:49.191Z,Global,Monthly,-,-,-,0,0,0
2026-06-16T22:10:49.191Z,Global,All Time,-,-,-,0,0,0
2026-06-16T22:10:49.191Z,Japanese,Now,-,-,-,0,0,0
2026-06-16T22:10:49.191Z,Japanese,Weekly,coban3137,df2c59e1-8c9d-428c-9993-ac38b18c86b2,Blue hour,32,445,189
2026-06-16T22:10:49.191Z,Japanese,Monthly,coban3137,79cf91bc-167e-481f-9a49-b581919560c4,BINARY,13,5675,741
2026-06-16T22:10:49.191Z,Japanese,All Time,-,-,-,0,0,0
2026-06-17T06:10:32.391Z,Global,Now,-,-,-,0,0,0
2026-06-17T06:10:32.391Z,Global,Weekly,-,-,-,0,0,0
2026-06-17T06:10:32.391Z,Global,Monthly,-,-,-,0,0,0
2026-06-17T06:10:32.391Z,Global,All Time,-,-,-,0,0,0
2026-06-17T06:10:32.391Z,Japanese,Now,-,-,-,0,0,0
2026-06-17T06:10:32.391Z,Japanese,Weekly,coban3137,df2c59e1-8c9d-428c-9993-ac38b18c86b2,Blue hour,32,445,189
2026-06-17T06:10:32.391Z,Japanese,Monthly,coban3137,79cf91bc-167e-481f-9a49-b581919560c4,BINARY,13,5675,741
2026-06-17T06:10:32.391Z,Japanese,All Time,-,-,-,0,0,0
2026-06-17T11:47:13.923Z,Global,Now,-,-,-,0,0,0
2026-06-17T11:47:13.923Z,Global,Weekly,-,-,-,0,0,0
2026-06-17T11:47:13.923Z,Global,Monthly,-,-,-,0,0,0
2026-06-17T11:47:13.923Z,Global,All Time,-,-,-,0,0,0
2026-06-17T11:47:13.923Z,Japanese,Now,-,-,-,0,0,0
2026-06-17T11:47:13.923Z,Japanese,Weekly,coban3137,df2c59e1-8c9d-428c-9993-ac38b18c86b2,Blue hour,32,454,190
2026-06-17T11:47:13.923Z,Japanese,Monthly,coban3137,79cf91bc-167e-481f-9a49-b581919560c4,BINARY,13,5675,742
2026-06-17T11:47:13.923Z,Japanese,All Time,-,-,-,0,0,0
2026-06-17T15:25:56.059Z,Global,Now,-,-,-,0,0,0
2026-06-17T15:25:56.059Z,Global,Weekly,-,-,-,0,0,0
2026-06-17T15:25:56.059Z,Global,Monthly,-,-,-,0,0,0
2026-06-17T15:25:56.059Z,Global,All Time,-,-,-,0,0,0
2026-06-17T15:25:56.059Z,Japanese,Now,-,-,-,0,0,0
2026-06-17T15:25:56.059Z,Japanese,Weekly,coban3137,df2c59e1-8c9d-428c-9993-ac38b18c86b2,Blue hour,32,454,190
2026-06-17T15:25:56.059Z,Japanese,Monthly,coban3137,79cf91bc-167e-481f-9a49-b581919560c4,BINARY,13,5675,742
2026-06-17T15:25:56.059Z,Japanese,All Time,-,-,-,0,0,0
2026-06-17T18:14:58.661Z,Global,Now,-,-,-,0,0,0
2026-06-17T18:14:58.661Z,Global,Weekly,-,-,-,0,0,0
2026-06-17T18:14:58.661Z,Global,Monthly,-,-,-,0,0,0
2026-06-17T18:14:58.661Z,Global,All Time,-,-,-,0,0,0
2026-06-17T18:14:58.661Z,Japanese,Now,-,-,-,0,0,0
2026-06-17T18:14:58.661Z,Japanese,Weekly,coban3137,df2c59e1-8c9d-428c-9993-ac38b18c86b2,Blue hour,32,462,191
2026-06-17T18:14:58.661Z,Japanese,Monthly,coban3137,79cf91bc-167e-481f-9a49-b581919560c4,BINARY,13,5675,742
2026-06-17T18:14:58.661Z,Japanese,All Time,-,-,-,0,0,0
2026-06-17T21:04:51.016Z,Global,Now,-,-,-,0,0,0
2026-06-17T21:04:51.016Z,Global,Weekly,-,-,-,0,0,0
2026-06-17T21:04:51.016Z,Global,Monthly,-,-,-,0,0,0
2026-06-17T21:04:51.016Z,Global,All Time,-,-,-,0,0,0
2026-06-17T21:04:51.016Z,Japanese,Now,-,-,-,0,0,0
2026-06-17T21:04:51.016Z,Japanese,Weekly,coban3137,df2c59e1-8c9d-428c-9993-ac38b18c86b2,Blue hour,32,462,191
2026-06-17T21:04:51.016Z,Japanese,Monthly,coban3137,79cf91bc-167e-481f-9a49-b581919560c4,BINARY,13,5675,742
2026-06-17T21:04:51.016Z,Japanese,All Time,-,-,-,0,0,0
2026-06-18T03:51:26.452Z,Global,Now,-,-,-,0,0,0
2026-06-18T03:51:26.452Z,Global,Weekly,-,-,-,0,0,0
2026-06-18T03:51:26.452Z,Global,Monthly,-,-,-,0,0,0
2026-06-18T03:51:26.452Z,Global,All Time,-,-,-,0,0,0
2026-06-18T03:51:26.452Z,Japanese,Now,-,-,-,0,0,0
2026-06-18T03:51:26.452Z,Japanese,Weekly,-,-,-,0,0,0
2026-06-18T03:51:26.452Z,Japanese,Monthly,coban3137,79cf91bc-167e-481f-9a49-b581919560c4,BINARY,13,5675,742
2026-06-18T03:51:26.452Z,Japanese,All Time,-,-,-,0,0,0
2026-06-18T08:46:15.728Z,Global,Now,-,-,-,0,0,0
2026-06-18T08:46:15.728Z,Global,Weekly,-,-,-,0,0,0
2026-06-18T08:46:15.728Z,Global,Monthly,-,-,-,0,0,0
2026-06-18T08:46:15.728Z,Global,All Time,-,-,-,0,0,0
2026-06-18T08:46:15.728Z,Japanese,Now,-,-,-,0,0,0
2026-06-18T08:46:15.728Z,Japanese,Weekly,-,-,-,0,0,0
2026-06-18T08:46:15.728Z,Japanese,Monthly,coban3137,79cf91bc-167e-481f-9a49-b581919560c4,BINARY,13,5675,742
2026-06-18T08:46:15.728Z,Japanese,All Time,-,-,-,0,0,0
2026-06-18T12:25:34.247Z,Global,Now,-,-,-,0,0,0
2026-06-18T12:25:34.247Z,Global,Weekly,-,-,-,0,0,0
2026-06-18T12:25:34.247Z,Global,Monthly,-,-,-,0,0,0
2026-06-18T12:25:34.247Z,Global,All Time,-,-,-,0,0,0
2026-06-18T12:25:34.247Z,Japanese,Now,-,-,-,0,0,0
2026-06-18T12:25:34.247Z,Japanese,Weekly,-,-,-,0,0,0
2026-06-18T12:25:34.247Z,Japanese,Monthly,coban3137,79cf91bc-167e-481f-9a49-b581919560c4,BINARY,13,5675,742
2026-06-18T12:25:34.247Z,Japanese,All Time,-,-,-,0,0,0
2026-06-18T16:30:37.330Z,Global,Now,-,-,-,0,0,0
2026-06-18T16:30:37.330Z,Global,Weekly,-,-,-,0,0,0
2026-06-18T16:30:37.330Z,Global,Monthly,-,-,-,0,0,0
2026-06-18T16:30:37.330Z,Global,All Time,-,-,-,0,0,0
2026-06-18T16:30:37.330Z,Japanese,Now,-,-,-,0,0,0
2026-06-18T16:30:37.330Z,Japanese,Weekly,-,-,-,0,0,0
2026-06-18T16:30:37.330Z,Japanese,Monthly,coban3137,79cf91bc-167e-481f-9a49-b581919560c4,BINARY,13,5675,742
2026-06-18T16:30:37.330Z,Japanese,All Time,-,-,-,0,0,0
2026-06-18T19:28:58.849Z,Global,Now,-,-,-,0,0,0
2026-06-18T19:28:58.849Z,Global,Weekly,-,-,-,0,0,0
2026-06-18T19:28:58.849Z,Global,Monthly,-,-,-,0,0,0
2026-06-18T19:28:58.849Z,Global,All Time,-,-,-,0,0,0
2026-06-18T19:28:58.849Z,Japanese,Now,-,-,-,0,0,0
2026-06-18T19:28:58.849Z,Japanese,Weekly,-,-,-,0,0,0
2026-06-18T19:28:58.849Z,Japanese,Monthly,coban3137,79cf91bc-167e-481f-9a49-b581919560c4,BINARY,13,5675,742
2026-06-18T19:28:58.849Z,Japanese,All Time,-,-,-,0,0,0
2026-06-18T22:08:45.939Z,Global,Now,-,-,-,0,0,0
2026-06-18T22:08:45.939Z,Global,Weekly,-,-,-,0,0,0
2026-06-18T22:08:45.939Z,Global,Monthly,-,-,-,0,0,0
2026-06-18T22:08:45.939Z,Global,All Time,-,-,-,0,0,0
2026-06-18T22:08:45.939Z,Japanese,Now,-,-,-,0,0,0
2026-06-18T22:08:45.939Z,Japanese,Weekly,-,-,-,0,0,0
2026-06-18T22:08:45.939Z,Japanese,Monthly,coban3137,79cf91bc-167e-481f-9a49-b581919560c4,BINARY,13,5675,742
2026-06-18T22:08:45.939Z,Japanese,All Time,-,-,-,0,0,0
2026-06-19T06:17:54.212Z,Global,Now,-,-,-,0,0,0
2026-06-19T06:17:54.212Z,Global,Weekly,-,-,-,0,0,0
2026-06-19T06:17:54.212Z,Global,Monthly,-,-,-,0,0,0
2026-06-19T06:17:54.212Z,Global,All Time,-,-,-,0,0,0
2026-06-19T06:17:54.212Z,Japanese,Now,-,-,-,0,0,0
2026-06-19T06:17:54.212Z,Japanese,Weekly,-,-,-,0,0,0
2026-06-19T06:17:54.212Z,Japanese,Monthly,coban3137,79cf91bc-167e-481f-9a49-b581919560c4,BINARY,13,5675,742
2026-06-19T06:17:54.212Z,Japanese,All Time,-,-,-,0,0,0
2026-06-19T11:21:56.052Z,Global,Now,-,-,-,0,0,0
2026-06-19T11:21:56.052Z,Global,Weekly,-,-,-,0,0,0
2026-06-19T11:21:56.052Z,Global,Monthly,-,-,-,0,0,0
2026-06-19T11:21:56.052Z,Global,All Time,-,-,-,0,0,0
2026-06-19T11:21:56.052Z,Japanese,Now,coban3137,8d741fb0-17e9-45c4-a3c4-11ccc12a4710,孤高,39,149,38
2026-06-19T11:21:56.052Z,Japanese,Weekly,-,-,-,0,0,0
2026-06-19T11:21:56.052Z,Japanese,Monthly,coban3137,79cf91bc-167e-481f-9a49-b581919560c4,BINARY,13,5675,742
2026-06-19T11:21:56.052Z,Japanese,All Time,-,-,-,0,0,0
2026-06-19T15:16:20.797Z,Global,Now,-,-,-,0,0,0
2026-06-19T15:16:20.797Z,Global,Weekly,-,-,-,0,0,0
2026-06-19T15:16:20.797Z,Global,Monthly,-,-,-,0,0,0
2026-06-19T15:16:20.797Z,Global,All Time,-,-,-,0,0,0
2026-06-19T15:16:20.797Z,Japanese,Now,coban3137,8d741fb0-17e9-45c4-a3c4-11ccc12a4710,孤高,22,203,69
2026-06-19T15:16:20.797Z,Japanese,Weekly,-,-,-,0,0,0
2026-06-19T15:16:20.797Z,Japanese,Monthly,coban3137,79cf91bc-167e-481f-9a49-b581919560c4,BINARY,13,5675,742
2026-06-19T15:16:20.797Z,Japanese,All Time,-,-,-,0,0,0
2026-06-19T17:56:38.911Z,Global,Now,-,-,-,0,0,0
2026-06-19T17:56:38.911Z,Global,Weekly,-,-,-,0,0,0
2026-06-19T17:56:38.911Z,Global,Monthly,-,-,-,0,0,0
2026-06-19T17:56:38.911Z,Global,All Time,-,-,-,0,0,0
2026-06-19T17:56:38.911Z,Japanese,Now,coban3137,8d741fb0-17e9-45c4-a3c4-11ccc12a4710,孤高,20,203,74
2026-06-19T17:56:38.911Z,Japanese,Weekly,coban3137,8d741fb0-17e9-45c4-a3c4-11ccc12a4710,孤高,47,203,74
2026-06-19T17:56:38.911Z,Japanese,Monthly,coban3137,79cf91bc-167e-481f-9a49-b581919560c4,BINARY,13,5675,742
2026-06-19T17:56:38.911Z,Japanese,All Time,-,-,-,0,0,0
2026-06-19T19:51:15.401Z,Global,Now,-,-,-,0,0,0
2026-06-19T19:51:15.401Z,Global,Weekly,-,-,-,0,0,0
2026-06-19T19:51:15.401Z,Global,Monthly,-,-,-,0,0,0
2026-06-19T19:51:15.401Z,Global,All Time,-,-,-,0,0,0
2026-06-19T19:51:15.401Z,Japanese,Now,coban3137,8d741fb0-17e9-45c4-a3c4-11ccc12a4710,孤高,19,212,76
2026-06-19T19:51:15.401Z,Japanese,Weekly,coban3137,8d741fb0-17e9-45c4-a3c4-11ccc12a4710,孤高,45,212,76
2026-06-19T19:51:15.401Z,Japanese,Monthly,coban3137,79cf91bc-167e-481f-9a49-b581919560c4,BINARY,13,5675,742
2026-06-19T19:51:15.401Z,Japanese,All Time,-,-,-,0,0,0
2026-06-19T21:09:51.397Z,Global,Now,-,-,-,0,0,0
2026-06-19T21:09:51.397Z,Global,Weekly,-,-,-,0,0,0
2026-06-19T21:09:51.397Z,Global,Monthly,-,-,-,0,0,0
2026-06-19T21:09:51.397Z,Global,All Time,-,-,-,0,0,0
2026-06-19T21:09:51.397Z,Japanese,Now,coban3137,8d741fb0-17e9-45c4-a3c4-11ccc12a4710,孤高,19,221,77
2026-06-19T21:09:51.397Z,Japanese,Weekly,coban3137,8d741fb0-17e9-45c4-a3c4-11ccc12a4710,孤高,43,221,77
2026-06-19T21:09:51.397Z,Japanese,Monthly,coban3137,79cf91bc-167e-481f-9a49-b581919560c4,BINARY,13,5675,742
2026-06-19T21:09:51.397Z,Japanese,All Time,-,-,-,0,0,0
2026-06-19T22:56:34.779Z,Global,Now,-,-,-,0,0,0
2026-06-19T22:56:34.779Z,Global,Weekly,-,-,-,0,0,0
2026-06-19T22:56:34.779Z,Global,Monthly,-,-,-,0,0,0
2026-06-19T22:56:34.779Z,Global,All Time,-,-,-,0,0,0
2026-06-19T22:56:34.779Z,Japanese,Now,coban3137,8d741fb0-17e9-45c4-a3c4-11ccc12a4710,孤高,18,221,78
2026-06-19T22:56:34.779Z,Japanese,Weekly,coban3137,8d741fb0-17e9-45c4-a3c4-11ccc12a4710,孤高,43,221,78
2026-06-19T22:56:34.779Z,Japanese,Monthly,coban3137,79cf91bc-167e-481f-9a49-b581919560c4,BINARY,13,5675,742
2026-06-19T22:56:34.779Z,Japanese,All Time,-,-,-,0,0,0
2026-06-20T00:09:43.725Z,Global,Now,-,-,-,0,0,0
2026-06-20T00:09:43.725Z,Global,Weekly,-,-,-,0,0,0
2026-06-20T00:09:43.725Z,Global,Monthly,-,-,-,0,0,0
2026-06-20T00:09:43.725Z,Global,All Time,-,-,-,0,0,0
2026-06-20T00:09:43.725Z,Japanese,Now,coban3137,8d741fb0-17e9-45c4-a3c4-11ccc12a4710,孤高,17,221,80
2026-06-20T00:09:43.725Z,Japanese,Weekly,coban3137,8d741fb0-17e9-45c4-a3c4-11ccc12a4710,孤高,40,221,80
2026-06-20T00:09:43.725Z,Japanese,Monthly,coban3137,79cf91bc-167e-481f-9a49-b581919560c4,BINARY,13,5675,742
2026-06-20T00:09:43.725Z,Japanese,All Time,-,-,-,0,0,0
2026-06-20T05:13:00.746Z,Global,Now,-,-,-,0,0,0
2026-06-20T05:13:00.746Z,Global,Weekly,-,-,-,0,0,0
2026-06-20T05:13:00.746Z,Global,Monthly,-,-,-,0,0,0
2026-06-20T05:13:00.746Z,Global,All Time,-,-,-,0,0,0
2026-06-20T05:13:00.746Z,Japanese,Now,coban3137,8d741fb0-17e9-45c4-a3c4-11ccc12a4710,孤高,13,265,94
2026-06-20T05:13:00.746Z,Japanese,Weekly,coban3137,8d741fb0-17e9-45c4-a3c4-11ccc12a4710,孤高,29,265,94
2026-06-20T05:13:00.746Z,Japanese,Monthly,coban3137,79cf91bc-167e-481f-9a49-b581919560c4,BINARY,13,5675,743
2026-06-20T05:13:00.746Z,Japanese,All Time,-,-,-,0,0,0
2026-06-20T08:54:22.523Z,Global,Now,-,-,-,0,0,0
2026-06-20T08:54:22.523Z,Global,Weekly,-,-,-,0,0,0
2026-06-20T08:54:22.523Z,Global,Monthly,-,-,-,0,0,0
2026-06-20T08:54:22.523Z,Global,All Time,-,-,-,0,0,0
2026-06-20T08:54:22.523Z,Japanese,Now,coban3137,8d741fb0-17e9-45c4-a3c4-11ccc12a4710,孤高,10,265,100
2026-06-20T08:54:22.523Z,Japanese,Weekly,coban3137,8d741fb0-17e9-45c4-a3c4-11ccc12a4710,孤高,26,265,100
2026-06-20T08:54:22.523Z,Japanese,Monthly,coban3137,79cf91bc-167e-481f-9a49-b581919560c4,BINARY,13,5675,743
2026-06-20T08:54:22.523Z,Japanese,All Time,-,-,-,0,0,0
2026-06-20T11:17:38.965Z,Global,Now,-,-,-,0,0,0
2026-06-20T11:17:38.965Z,Global,Weekly,-,-,-,0,0,0
2026-06-20T11:17:38.965Z,Global,Monthly,-,-,-,0,0,0
2026-06-20T11:17:38.965Z,Global,All Time,-,-,-,0,0,0
2026-06-20T11:17:38.965Z,Japanese,Now,coban3137,8d741fb0-17e9-45c4-a3c4-11ccc12a4710,孤高,8,283,104
2026-06-20T11:17:38.965Z,Japanese,Weekly,coban3137,8d741fb0-17e9-45c4-a3c4-11ccc12a4710,孤高,24,283,104
2026-06-20T11:17:38.965Z,Japanese,Monthly,coban3137,79cf91bc-167e-481f-9a49-b581919560c4,BINARY,13,5675,743
2026-06-20T11:17:38.965Z,Japanese,All Time,-,-,-,0,0,0
2026-06-20T14:00:24.286Z,Global,Now,coban3137,8d741fb0-17e9-45c4-a3c4-11ccc12a4710,孤高,46,291,109
2026-06-20T14:00:24.286Z,Global,Weekly,-,-,-,0,0,0
2026-06-20T14:00:24.286Z,Global,Monthly,-,-,-,0,0,0
2026-06-20T14:00:24.286Z,Global,All Time,-,-,-,0,0,0
2026-06-20T14:00:24.286Z,Japanese,Now,coban3137,8d741fb0-17e9-45c4-a3c4-11ccc12a4710,孤高,8,291,109
2026-06-20T14:00:24.286Z,Japanese,Weekly,coban3137,8d741fb0-17e9-45c4-a3c4-11ccc12a4710,孤高,23,291,109
2026-06-20T14:00:24.286Z,Japanese,Monthly,coban3137,79cf91bc-167e-481f-9a49-b581919560c4,BINARY,13,5675,743
2026-06-20T14:00:24.286Z,Japanese,All Time,-,-,-,0,0,0
2026-06-20T15:50:29.179Z,Global,Now,coban3137,8d741fb0-17e9-45c4-a3c4-11ccc12a4710,孤高,44,299,114
2026-06-20T15:50:29.179Z,Global,Weekly,-,-,-,0,0,0
2026-06-20T15:50:29.179Z,Global,Monthly,-,-,-,0,0,0
2026-06-20T15:50:29.179Z,Global,All Time,-,-,-,0,0,0
2026-06-20T15:50:29.179Z,Japanese,Now,coban3137,8d741fb0-17e9-45c4-a3c4-11ccc12a4710,孤高,8,299,114
2026-06-20T15:50:29.179Z,Japanese,Weekly,coban3137,8d741fb0-17e9-45c4-a3c4-11ccc12a4710,孤高,22,299,114
2026-06-20T15:50:29.179Z,Japanese,Monthly,coban3137,79cf91bc-167e-481f-9a49-b581919560c4,BINARY,13,5675,743
2026-06-20T15:50:29.179Z,Japanese,All Time,-,-,-,0,0,0
2026-06-20T17:25:51.304Z,Global,Now,coban3137,8d741fb0-17e9-45c4-a3c4-11ccc12a4710,孤高,36,299,119
2026-06-20T17:25:51.304Z,Global,Weekly,-,-,-,0,0,0
2026-06-20T17:25:51.304Z,Global,Monthly,-,-,-,0,0,0
2026-06-20T17:25:51.304Z,Global,All Time,-,-,-,0,0,0
2026-06-20T17:25:51.304Z,Japanese,Now,coban3137,8d741fb0-17e9-45c4-a3c4-11ccc12a4710,孤高,7,299,119
2026-06-20T17:25:51.304Z,Japanese,Weekly,coban3137,8d741fb0-17e9-45c4-a3c4-11ccc12a4710,孤高,21,299,119
2026-06-20T17:25:51.304Z,Japanese,Monthly,coban3137,79cf91bc-167e-481f-9a49-b581919560c4,BINARY,13,5675,743
2026-06-20T17:25:51.304Z,Japanese,All Time,-,-,-,0,0,0
2026-06-20T19:24:43.229Z,Global,Now,coban3137,8d741fb0-17e9-45c4-a3c4-11ccc12a4710,孤高,35,299,122
2026-06-20T19:24:43.229Z,Global,Weekly,-,-,-,0,0,0
2026-06-20T19:24:43.229Z,Global,Monthly,-,-,-,0,0,0
2026-06-20T19:24:43.229Z,Global,All Time,-,-,-,0,0,0
2026-06-20T19:24:43.229Z,Japanese,Now,coban3137,8d741fb0-17e9-45c4-a3c4-11ccc12a4710,孤高,7,299,122
2026-06-20T19:24:43.229Z,Japanese,Weekly,coban3137,8d741fb0-17e9-45c4-a3c4-11ccc12a4710,孤高,20,299,122
2026-06-20T19:24:43.229Z,Japanese,Monthly,coban3137,79cf91bc-167e-481f-9a49-b581919560c4,BINARY,13,5675,743
2026-06-20T19:24:43.229Z,Japanese,All Time,-,-,-,0,0,0
2026-06-20T21:18:05.404Z,Global,Now,-,-,-,0,0,0
2026-06-20T21:18:05.404Z,Global,Weekly,-,-,-,0,0,0
2026-06-20T21:18:05.404Z,Global,Monthly,-,-,-,0,0,0
2026-06-20T21:18:05.404Z,Global,All Time,-,-,-,0,0,0
2026-06-20T21:18:05.404Z,Japanese,Now,coban3137,8d741fb0-17e9-45c4-a3c4-11ccc12a4710,孤高,7,299,126
2026-06-20T21:18:05.404Z,Japanese,Weekly,coban3137,8d741fb0-17e9-45c4-a3c4-11ccc12a4710,孤高,19,299,126
2026-06-20T21:18:05.404Z,Japanese,Monthly,coban3137,79cf91bc-167e-481f-9a49-b581919560c4,BINARY,13,5675,743
2026-06-20T21:18:05.404Z,Japanese,All Time,-,-,-,0,0,0
2026-06-20T23:07:49.321Z,Global,Now,-,-,-,0,0,0
2026-06-20T23:07:49.321Z,Global,Weekly,-,-,-,0,0,0
2026-06-20T23:07:49.321Z,Global,Monthly,-,-,-,0,0,0
2026-06-20T23:07:49.321Z,Global,All Time,-,-,-,0,0,0
2026-06-20T23:07:49.321Z,Japanese,Now,coban3137,8d741fb0-17e9-45c4-a3c4-11ccc12a4710,孤高,7,306,126
2026-06-20T23:07:49.321Z,Japanese,Weekly,coban3137,8d741fb0-17e9-45c4-a3c4-11ccc12a4710,孤高,19,306,126
2026-06-20T23:07:49.321Z,Japanese,Monthly,coban3137,79cf91bc-167e-481f-9a49-b581919560c4,BINARY,13,5675,744
2026-06-20T23:07:49.321Z,Japanese,All Time,-,-,-,0,0,0
2026-06-21T04:05:40.436Z,Global,Now,coban3137,8d741fb0-17e9-45c4-a3c4-11ccc12a4710,孤高,36,324,126
2026-06-21T04:05:40.436Z,Global,Weekly,-,-,-,0,0,0
2026-06-21T04:05:40.436Z,Global,Monthly,-,-,-,0,0,0
2026-06-21T04:05:40.436Z,Global,All Time,-,-,-,0,0,0
2026-06-21T04:05:40.436Z,Japanese,Now,coban3137,8d741fb0-17e9-45c4-a3c4-11ccc12a4710,孤高,6,324,126
2026-06-21T04:05:40.436Z,Japanese,Weekly,coban3137,8d741fb0-17e9-45c4-a3c4-11ccc12a4710,孤高,18,324,126
2026-06-21T04:05:40.436Z,Japanese,Monthly,coban3137,79cf91bc-167e-481f-9a49-b581919560c4,BINARY,13,5675,744
2026-06-21T04:05:40.436Z,Japanese,All Time,-,-,-,0,0,0
2026-06-21T08:57:05.078Z,Global,Now,coban3137,8d741fb0-17e9-45c4-a3c4-11ccc12a4710,孤高,35,348,130
2026-06-21T08:57:05.078Z,Global,Weekly,-,-,-,0,0,0
2026-06-21T08:57:05.078Z,Global,Monthly,-,-,-,0,0,0
2026-06-21T08:57:05.078Z,Global,All Time,-,-,-,0,0,0
2026-06-21T08:57:05.078Z,Japanese,Now,coban3137,8d741fb0-17e9-45c4-a3c4-11ccc12a4710,孤高,6,348,130
2026-06-21T08:57:05.078Z,Japanese,Weekly,coban3137,8d741fb0-17e9-45c4-a3c4-11ccc12a4710,孤高,16,348,130
2026-06-21T08:57:05.078Z,Japanese,Monthly,coban3137,79cf91bc-167e-481f-9a49-b581919560c4,BINARY,13,5675,744
2026-06-21T08:57:05.078Z,Japanese,All Time,-,-,-,0,0,0
2026-06-21T11:47:15.593Z,Global,Now,coban3137,8d741fb0-17e9-45c4-a3c4-11ccc12a4710,孤高,33,348,134
2026-06-21T11:47:15.593Z,Global,Weekly,-,-,-,0,0,0
2026-06-21T11:47:15.593Z,Global,Monthly,-,-,-,0,0,0
2026-06-21T11:47:15.593Z,Global,All Time,-,-,-,0,0,0
2026-06-21T11:47:15.593Z,Japanese,Now,coban3137,8d741fb0-17e9-45c4-a3c4-11ccc12a4710,孤高,6,348,134
2026-06-21T11:47:15.593Z,Japanese,Weekly,coban3137,8d741fb0-17e9-45c4-a3c4-11ccc12a4710,孤高,12,348,134
2026-06-21T11:47:15.593Z,Japanese,Monthly,coban3137,79cf91bc-167e-481f-9a49-b581919560c4,BINARY,13,5675,744
2026-06-21T11:47:15.593Z,Japanese,All Time,-,-,-,0,0,0
2026-06-21T14:08:40.529Z,Global,Now,coban3137,8d741fb0-17e9-45c4-a3c4-11ccc12a4710,孤高,35,348,136
2026-06-21T14:08:40.529Z,Global,Weekly,-,-,-,0,0,0
2026-06-21T14:08:40.529Z,Global,Monthly,-,-,-,0,0,0
2026-06-21T14:08:40.529Z,Global,All Time,-,-,-,0,0,0
2026-06-21T14:08:40.529Z,Japanese,Now,coban3137,8d741fb0-17e9-45c4-a3c4-11ccc12a4710,孤高,6,348,136
2026-06-21T14:08:40.529Z,Japanese,Weekly,coban3137,8d741fb0-17e9-45c4-a3c4-11ccc12a4710,孤高,12,348,136
2026-06-21T14:08:40.529Z,Japanese,Monthly,coban3137,79cf91bc-167e-481f-9a49-b581919560c4,BINARY,13,5675,744
2026-06-21T14:08:40.529Z,Japanese,All Time,-,-,-,0,0,0
2026-06-21T16:45:07.964Z,Global,Now,coban3137,8d741fb0-17e9-45c4-a3c4-11ccc12a4710,孤高,31,371,139
2026-06-21T16:45:07.964Z,Global,Weekly,-,-,-,0,0,0
2026-06-21T16:45:07.964Z,Global,Monthly,-,-,-,0,0,0
2026-06-21T16:45:07.964Z,Global,All Time,-,-,-,0,0,0
2026-06-21T16:45:07.964Z,Japanese,Now,coban3137,8d741fb0-17e9-45c4-a3c4-11ccc12a4710,孤高,5,371,139
2026-06-21T16:45:07.964Z,Japanese,Weekly,coban3137,8d741fb0-17e9-45c4-a3c4-11ccc12a4710,孤高,12,371,139
2026-06-21T16:45:07.964Z,Japanese,Monthly,coban3137,79cf91bc-167e-481f-9a49-b581919560c4,BINARY,13,5675,744
2026-06-21T16:45:07.964Z,Japanese,All Time,-,-,-,0,0,0
2026-06-21T18:19:42.845Z,Global,Now,coban3137,8d741fb0-17e9-45c4-a3c4-11ccc12a4710,孤高,29,379,139
2026-06-21T18:19:42.845Z,Global,Weekly,-,-,-,0,0,0
2026-06-21T18:19:42.845Z,Global,Monthly,-,-,-,0,0,0
2026-06-21T18:19:42.845Z,Global,All Time,-,-,-,0,0,0
2026-06-21T18:19:42.845Z,Japanese,Now,coban3137,8d741fb0-17e9-45c4-a3c4-11ccc12a4710,孤高,5,379,139
2026-06-21T18:19:42.845Z,Japanese,Weekly,coban3137,8d741fb0-17e9-45c4-a3c4-11ccc12a4710,孤高,13,379,139
2026-06-21T18:19:42.845Z,Japanese,Monthly,coban3137,79cf91bc-167e-481f-9a49-b581919560c4,BINARY,13,5675,744
2026-06-21T18:19:42.845Z,Japanese,All Time,-,-,-,0,0,0
2026-06-21T20:24:41.669Z,Global,Now,coban3137,8d741fb0-17e9-45c4-a3c4-11ccc12a4710,孤高,27,387,140
2026-06-21T20:24:41.669Z,Global,Weekly,-,-,-,0,0,0
2026-06-21T20:24:41.669Z,Global,Monthly,-,-,-,0,0,0
2026-06-21T20:24:41.669Z,Global,All Time,-,-,-,0,0,0
2026-06-21T20:24:41.669Z,Japanese,Now,coban3137,8d741fb0-17e9-45c4-a3c4-11ccc12a4710,孤高,5,387,140
2026-06-21T20:24:41.669Z,Japanese,Weekly,coban3137,8d741fb0-17e9-45c4-a3c4-11ccc12a4710,孤高,12,387,140
2026-06-21T20:24:41.669Z,Japanese,Monthly,coban3137,79cf91bc-167e-481f-9a49-b581919560c4,BINARY,13,5675,744
2026-06-21T20:24:41.669Z,Japanese,All Time,-,-,-,0,0,0
2026-06-21T22:14:09.132Z,Global,Now,coban3137,8d741fb0-17e9-45c4-a3c4-11ccc12a4710,孤高,24,387,141
2026-06-21T22:14:09.132Z,Global,Weekly,-,-,-,0,0,0
2026-06-21T22:14:09.132Z,Global,Monthly,-,-,-,0,0,0
2026-06-21T22:14:09.132Z,Global,All Time,-,-,-,0,0,0
2026-06-21T22:14:09.132Z,Japanese,Now,coban3137,8d741fb0-17e9-45c4-a3c4-11ccc12a4710,孤高,5,387,141
2026-06-21T22:14:09.132Z,Japanese,Weekly,coban3137,8d741fb0-17e9-45c4-a3c4-11ccc12a4710,孤高,12,387,141
2026-06-21T22:14:09.132Z,Japanese,Monthly,coban3137,79cf91bc-167e-481f-9a49-b581919560c4,BINARY,13,5675,744
2026-06-21T22:14:09.132Z,Japanese,All Time,-,-,-,0,0,0
2026-06-22T00:11:29.908Z,Global,Now,coban3137,8d741fb0-17e9-45c4-a3c4-11ccc12a4710,孤高,26,387,143
2026-06-22T00:11:29.908Z,Global,Weekly,-,-,-,0,0,0
2026-06-22T00:11:29.908Z,Global,Monthly,-,-,-,0,0,0
2026-06-22T00:11:29.908Z,Global,All Time,-,-,-,0,0,0
2026-06-22T00:11:29.908Z,Japanese,Now,coban3137,8d741fb0-17e9-45c4-a3c4-11ccc12a4710,孤高,5,387,143
2026-06-22T00:11:29.908Z,Japanese,Weekly,coban3137,8d741fb0-17e9-45c4-a3c4-11ccc12a4710,孤高,12,387,143
2026-06-22T00:11:29.908Z,Japanese,Monthly,coban3137,79cf91bc-167e-481f-9a49-b581919560c4,BINARY,13,5675,744
2026-06-22T00:11:29.908Z,Japanese,All Time,-,-,-,0,0,0
2026-06-22T06:28:47.631Z,Global,Now,-,-,-,0,0,0
2026-06-22T06:28:47.631Z,Global,Weekly,-,-,-,0,0,0
2026-06-22T06:28:47.631Z,Global,Monthly,-,-,-,0,0,0
2026-06-22T06:28:47.631Z,Global,All Time,-,-,-,0,0,0
2026-06-22T06:28:47.631Z,Japanese,Now,-,-,-,0,0,0
2026-06-22T06:28:47.631Z,Japanese,Weekly,coban3137,8d741fb0-17e9-45c4-a3c4-11ccc12a4710,孤高,11,409,147
2026-06-22T06:28:47.631Z,Japanese,Monthly,coban3137,79cf91bc-167e-481f-9a49-b581919560c4,BINARY,13,5675,744
2026-06-22T06:28:47.631Z,Japanese,All Time,-,-,-,0,0,0
2026-06-22T12:49:48.718Z,Global,Now,-,-,-,0,0,0
2026-06-22T12:49:48.718Z,Global,Weekly,-,-,-,0,0,0
2026-06-22T12:49:48.718Z,Global,Monthly,-,-,-,0,0,0
2026-06-22T12:49:48.718Z,Global,All Time,-,-,-,0,0,0
2026-06-22T12:49:48.718Z,Japanese,Now,-,-,-,0,0,0
2026-06-22T12:49:48.718Z,Japanese,Weekly,coban3137,8d741fb0-17e9-45c4-a3c4-11ccc12a4710,孤高,10,418,148
2026-06-22T12:49:48.718Z,Japanese,Monthly,coban3137,79cf91bc-167e-481f-9a49-b581919560c4,BINARY,13,5675,744
2026-06-22T12:49:48.718Z,Japanese,All Time,-,-,-,0,0,0
2026-06-22T17:40:16.660Z,Global,Now,-,-,-,0,0,0
2026-06-22T17:40:16.660Z,Global,Weekly,-,-,-,0,0,0
2026-06-22T17:40:16.660Z,Global,Monthly,-,-,-,0,0,0
2026-06-22T17:40:16.660Z,Global,All Time,-,-,-,0,0,0
2026-06-22T17:40:16.660Z,Japanese,Now,darari_nu,7e0f15d1-7945-4677-9af7-9de28604e10c,Cinderella,37,94,43
2026-06-22T17:40:16.660Z,Japanese,Weekly,coban3137,8d741fb0-17e9-45c4-a3c4-11ccc12a4710,孤高,10,433,149
2026-06-22T17:40:16.660Z,Japanese,Monthly,coban3137,79cf91bc-167e-481f-9a49-b581919560c4,BINARY,13,5675,744
2026-06-22T17:40:16.660Z,Japanese,All Time,-,-,-,0,0,0
2026-06-22T20:46:52.692Z,Global,Now,-,-,-,0,0,0
2026-06-22T20:46:52.692Z,Global,Weekly,-,-,-,0,0,0
2026-06-22T20:46:52.692Z,Global,Monthly,-,-,-,0,0,0
2026-06-22T20:46:52.692Z,Global,All Time,-,-,-,0,0,0
2026-06-22T20:46:52.692Z,Japanese,Now,darari_nu,7e0f15d1-7945-4677-9af7-9de28604e10c,Cinderella,29,103,56
2026-06-22T20:46:52.692Z,Japanese,Weekly,coban3137,8d741fb0-17e9-45c4-a3c4-11ccc12a4710,孤高,11,433,149
2026-06-22T20:46:52.692Z,Japanese,Monthly,coban3137,79cf91bc-167e-481f-9a49-b581919560c4,BINARY,13,5675,744
2026-06-22T20:46:52.692Z,Japanese,All Time,-,-,-,0,0,0
2026-06-22T22:47:03.062Z,Global,Now,-,-,-,0,0,0
2026-06-22T22:47:03.062Z,Global,Weekly,-,-,-,0,0,0
2026-06-22T22:47:03.062Z,Global,Monthly,-,-,-,0,0,0
2026-06-22T22:47:03.062Z,Global,All Time,-,-,-,0,0,0
2026-06-22T22:47:03.062Z,Japanese,Now,darari_nu,7e0f15d1-7945-4677-9af7-9de28604e10c,Cinderella,23,118,65
2026-06-22T22:47:03.062Z,Japanese,Weekly,coban3137,8d741fb0-17e9-45c4-a3c4-11ccc12a4710,孤高,10,433,150
2026-06-22T22:47:03.062Z,Japanese,Monthly,coban3137,79cf91bc-167e-481f-9a49-b581919560c4,BINARY,13,5675,744
2026-06-22T22:47:03.062Z,Japanese,All Time,-,-,-,0,0,0
2026-06-23T00:05:20.641Z,Global,Now,-,-,-,0,0,0
2026-06-23T00:05:20.641Z,Global,Weekly,-,-,-,0,0,0
2026-06-23T00:05:20.641Z,Global,Monthly,-,-,-,0,0,0
2026-06-23T00:05:20.641Z,Global,All Time,-,-,-,0,0,0
2026-06-23T00:05:20.641Z,Japanese,Now,darari_nu,7e0f15d1-7945-4677-9af7-9de28604e10c,Cinderella,24,126,70
2026-06-23T00:05:20.641Z,Japanese,Weekly,coban3137,8d741fb0-17e9-45c4-a3c4-11ccc12a4710,孤高,11,433,150
2026-06-23T00:05:20.641Z,Japanese,Monthly,coban3137,79cf91bc-167e-481f-9a49-b581919560c4,BINARY,13,5675,744
2026-06-23T00:05:20.641Z,Japanese,All Time,-,-,-,0,0,0
2026-06-23T05:00:58.313Z,Global,Now,-,-,-,0,0,0
2026-06-23T05:00:58.313Z,Global,Weekly,-,-,-,0,0,0
2026-06-23T05:00:58.313Z,Global,Monthly,-,-,-,0,0,0
2026-06-23T05:00:58.313Z,Global,All Time,-,-,-,0,0,0
2026-06-23T05:00:58.313Z,Japanese,Now,darari_nu,7e0f15d1-7945-4677-9af7-9de28604e10c,Cinderella,19,152,80
2026-06-23T05:00:58.313Z,Japanese,Weekly,coban3137,8d741fb0-17e9-45c4-a3c4-11ccc12a4710,孤高,11,433,150
2026-06-23T05:00:58.313Z,Japanese,Weekly,darari_nu,7e0f15d1-7945-4677-9af7-9de28604e10c,Cinderella,48,152,80
2026-06-23T05:00:58.313Z,Japanese,Monthly,coban3137,79cf91bc-167e-481f-9a49-b581919560c4,BINARY,13,5675,744
2026-06-23T05:00:58.313Z,Japanese,All Time,-,-,-,0,0,0
2026-06-23T08:35:16.803Z,Global,Now,-,-,-,0,0,0
2026-06-23T08:35:16.803Z,Global,Weekly,-,-,-,0,0,0
2026-06-23T08:35:16.803Z,Global,Monthly,-,-,-,0,0,0
2026-06-23T08:35:16.803Z,Global,All Time,-,-,-,0,0,0
2026-06-23T08:35:16.803Z,Japanese,Now,darari_nu,7e0f15d1-7945-4677-9af7-9de28604e10c,Cinderella,18,166,83
2026-06-23T08:35:16.803Z,Japanese,Weekly,coban3137,8d741fb0-17e9-45c4-a3c4-11ccc12a4710,孤高,10,433,150
2026-06-23T08:35:16.803Z,Japanese,Weekly,darari_nu,7e0f15d1-7945-4677-9af7-9de28604e10c,Cinderella,44,166,83
2026-06-23T08:35:16.803Z,Japanese,Monthly,coban3137,79cf91bc-167e-481f-9a49-b581919560c4,BINARY,13,5675,744
2026-06-23T08:35:16.803Z,Japanese,All Time,-,-,-,0,0,0
2026-06-23T12:06:20.931Z,Global,Now,-,-,-,0,0,0
2026-06-23T12:06:20.931Z,Global,Weekly,-,-,-,0,0,0
2026-06-23T12:06:20.931Z,Global,Monthly,-,-,-,0,0,0
2026-06-23T12:06:20.931Z,Global,All Time,-,-,-,0,0,0
2026-06-23T12:06:20.931Z,Japanese,Now,darari_nu,7e0f15d1-7945-4677-9af7-9de28604e10c,Cinderella,16,166,87
2026-06-23T12:06:20.931Z,Japanese,Weekly,coban3137,8d741fb0-17e9-45c4-a3c4-11ccc12a4710,孤高,9,448,151
2026-06-23T12:06:20.931Z,Japanese,Weekly,darari_nu,7e0f15d1-7945-4677-9af7-9de28604e10c,Cinderella,37,166,87
2026-06-23T12:06:20.931Z,Japanese,Monthly,coban3137,79cf91bc-167e-481f-9a49-b581919560c4,BINARY,13,5675,744
2026-06-23T12:06:20.931Z,Japanese,All Time,-,-,-,0,0,0
2026-06-23T15:47:18.616Z,Global,Now,-,-,-,0,0,0
2026-06-23T15:47:18.616Z,Global,Weekly,-,-,-,0,0,0
2026-06-23T15:47:18.616Z,Global,Monthly,-,-,-,0,0,0
2026-06-23T15:47:18.616Z,Global,All Time,-,-,-,0,0,0
2026-06-23T15:47:18.616Z,Japanese,Now,darari_nu,7e0f15d1-7945-4677-9af7-9de28604e10c,Cinderella,13,189,99
2026-06-23T15:47:18.616Z,Japanese,Weekly,coban3137,8d741fb0-17e9-45c4-a3c4-11ccc12a4710,孤高,10,448,151
2026-06-23T15:47:18.616Z,Japanese,Weekly,darari_nu,7e0f15d1-7945-4677-9af7-9de28604e10c,Cinderella,28,189,99
2026-06-23T15:47:18.616Z,Japanese,Monthly,coban3137,79cf91bc-167e-481f-9a49-b581919560c4,BINARY,13,5675,744
2026-06-23T15:47:18.616Z,Japanese,All Time,-,-,-,0,0,0
2026-06-23T17:53:06.008Z,Global,Now,-,-,-,0,0,0
2026-06-23T17:53:06.008Z,Global,Weekly,-,-,-,0,0,0
2026-06-23T17:53:06.008Z,Global,Monthly,-,-,-,0,0,0
2026-06-23T17:53:06.008Z,Global,All Time,-,-,-,0,0,0
2026-06-23T17:53:06.008Z,Japanese,Now,darari_nu,7e0f15d1-7945-4677-9af7-9de28604e10c,Cinderella,11,198,104
2026-06-23T17:53:06.008Z,Japanese,Weekly,coban3137,8d741fb0-17e9-45c4-a3c4-11ccc12a4710,孤高,9,448,151
2026-06-23T17:53:06.008Z,Japanese,Weekly,darari_nu,7e0f15d1-7945-4677-9af7-9de28604e10c,Cinderella,25,198,104
2026-06-23T17:53:06.008Z,Japanese,Monthly,coban3137,79cf91bc-167e-481f-9a49-b581919560c4,BINARY,13,5675,744
2026-06-23T17:53:06.008Z,Japanese,All Time,-,-,-,0,0,0
2026-06-23T20:02:37.467Z,Global,Now,-,-,-,0,0,0
2026-06-23T20:02:37.467Z,Global,Weekly,-,-,-,0,0,0
2026-06-23T20:02:37.467Z,Global,Monthly,-,-,-,0,0,0
2026-06-23T20:02:37.467Z,Global,All Time,-,-,-,0,0,0
2026-06-23T20:02:37.467Z,Japanese,Now,darari_nu,7e0f15d1-7945-4677-9af7-9de28604e10c,Cinderella,10,206,109
2026-06-23T20:02:37.467Z,Japanese,Weekly,coban3137,8d741fb0-17e9-45c4-a3c4-11ccc12a4710,孤高,9,448,151
2026-06-23T20:02:37.467Z,Japanese,Weekly,darari_nu,7e0f15d1-7945-4677-9af7-9de28604e10c,Cinderella,19,206,109
2026-06-23T20:02:37.467Z,Japanese,Monthly,coban3137,79cf91bc-167e-481f-9a49-b581919560c4,BINARY,13,5675,744
2026-06-23T20:02:37.467Z,Japanese,All Time,-,-,-,0,0,0
2026-06-23T22:12:00.588Z,Global,Now,darari_nu,7e0f15d1-7945-4677-9af7-9de28604e10c,Cinderella,49,206,114
2026-06-23T22:12:00.588Z,Global,Weekly,-,-,-,0,0,0
2026-06-23T22:12:00.588Z,Global,Monthly,-,-,-,0,0,0
2026-06-23T22:12:00.588Z,Global,All Time,-,-,-,0,0,0
2026-06-23T22:12:00.588Z,Japanese,Now,darari_nu,7e0f15d1-7945-4677-9af7-9de28604e10c,Cinderella,8,206,114
2026-06-23T22:12:00.588Z,Japanese,Weekly,coban3137,8d741fb0-17e9-45c4-a3c4-11ccc12a4710,孤高,9,448,152
2026-06-23T22:12:00.588Z,Japanese,Weekly,darari_nu,7e0f15d1-7945-4677-9af7-9de28604e10c,Cinderella,18,206,114
2026-06-23T22:12:00.588Z,Japanese,Monthly,coban3137,79cf91bc-167e-481f-9a49-b581919560c4,BINARY,13,5675,744
2026-06-23T22:12:00.588Z,Japanese,All Time,-,-,-,0,0,0
2026-06-23T23:55:39.488Z,Global,Now,darari_nu,7e0f15d1-7945-4677-9af7-9de28604e10c,Cinderella,50,215,118
2026-06-23T23:55:39.488Z,Global,Weekly,-,-,-,0,0,0
2026-06-23T23:55:39.488Z,Global,Monthly,-,-,-,0,0,0
2026-06-23T23:55:39.488Z,Global,All Time,-,-,-,0,0,0
2026-06-23T23:55:39.488Z,Japanese,Now,darari_nu,7e0f15d1-7945-4677-9af7-9de28604e10c,Cinderella,8,215,118
2026-06-23T23:55:39.488Z,Japanese,Weekly,coban3137,8d741fb0-17e9-45c4-a3c4-11ccc12a4710,孤高,10,448,152
2026-06-23T23:55:39.488Z,Japanese,Weekly,darari_nu,7e0f15d1-7945-4677-9af7-9de28604e10c,Cinderella,18,215,118
2026-06-23T23:55:39.488Z,Japanese,Monthly,coban3137,79cf91bc-167e-481f-9a49-b581919560c4,BINARY,13,5675,744
2026-06-23T23:55:39.488Z,Japanese,All Time,-,-,-,0,0,0
2026-06-24T03:30:05.653Z,Global,Now,darari_nu,7e0f15d1-7945-4677-9af7-9de28604e10c,Cinderella,44,238,122
2026-06-24T03:30:05.653Z,Global,Weekly,-,-,-,0,0,0
2026-06-24T03:30:05.653Z,Global,Monthly,-,-,-,0,0,0
2026-06-24T03:30:05.653Z,Global,All Time,-,-,-,0,0,0
2026-06-24T03:30:05.653Z,Japanese,Now,darari_nu,7e0f15d1-7945-4677-9af7-9de28604e10c,Cinderella,6,238,122
2026-06-24T03:30:05.653Z,Japanese,Weekly,coban3137,df2c59e1-8c9d-428c-9993-ac38b18c86b2,Blue hour,21,581,213
2026-06-24T03:30:05.653Z,Japanese,Monthly,coban3137,79cf91bc-167e-481f-9a49-b581919560c4,BINARY,13,5675,744
2026-06-24T03:30:05.653Z,Japanese,All Time,-,-,-,0,0,0
2026-06-24T07:39:44.881Z,Global,Now,darari_nu,7e0f15d1-7945-4677-9af7-9de28604e10c,Cinderella,42,245,127
2026-06-24T07:39:44.881Z,Global,Weekly,-,-,-,0,0,0
2026-06-24T07:39:44.881Z,Global,Monthly,-,-,-,0,0,0
2026-06-24T07:39:44.881Z,Global,All Time,-,-,-,0,0,0
2026-06-24T07:39:44.881Z,Japanese,Now,darari_nu,7e0f15d1-7945-4677-9af7-9de28604e10c,Cinderella,6,245,127
2026-06-24T07:39:44.881Z,Japanese,Weekly,coban3137,df2c59e1-8c9d-428c-9993-ac38b18c86b2,Blue hour,22,581,214
2026-06-24T07:39:44.881Z,Japanese,Monthly,coban3137,79cf91bc-167e-481f-9a49-b581919560c4,BINARY,13,5675,744
2026-06-24T07:39:44.881Z,Japanese,All Time,-,-,-,0,0,0
2026-06-24T10:48:32.021Z,Global,Now,darari_nu,7e0f15d1-7945-4677-9af7-9de28604e10c,Cinderella,37,253,136
2026-06-24T10:48:32.021Z,Global,Weekly,-,-,-,0,0,0
2026-06-24T10:48:32.021Z,Global,Monthly,-,-,-,0,0,0
2026-06-24T10:48:32.021Z,Global,All Time,-,-,-,0,0,0
2026-06-24T10:48:32.021Z,Japanese,Now,darari_nu,7e0f15d1-7945-4677-9af7-9de28604e10c,Cinderella,6,253,136
2026-06-24T10:48:32.021Z,Japanese,Weekly,coban3137,df2c59e1-8c9d-428c-9993-ac38b18c86b2,Blue hour,21,581,214
2026-06-24T10:48:32.021Z,Japanese,Monthly,coban3137,79cf91bc-167e-481f-9a49-b581919560c4,BINARY,13,5675,744
2026-06-24T10:48:32.021Z,Japanese,All Time,-,-,-,0,0,0
2026-06-24T13:21:54.289Z,Global,Now,darari_nu,7e0f15d1-7945-4677-9af7-9de28604e10c,Cinderella,32,253,136
2026-06-24T13:21:54.289Z,Global,Weekly,-,-,-,0,0,0
2026-06-24T13:21:54.289Z,Global,Monthly,-,-,-,0,0,0
2026-06-24T13:21:54.289Z,Global,All Time,-,-,-,0,0,0
2026-06-24T13:21:54.289Z,Japanese,Now,darari_nu,7e0f15d1-7945-4677-9af7-9de28604e10c,Cinderella,4,253,136
2026-06-24T13:21:54.289Z,Japanese,Weekly,coban3137,df2c59e1-8c9d-428c-9993-ac38b18c86b2,Blue hour,21,581,214
2026-06-24T13:21:54.289Z,Japanese,Monthly,coban3137,79cf91bc-167e-481f-9a49-b581919560c4,BINARY,13,5675,744
2026-06-24T13:21:54.289Z,Japanese,All Time,-,-,-,0,0,0
2026-06-24T16:21:00.780Z,Global,Now,darari_nu,7e0f15d1-7945-4677-9af7-9de28604e10c,Cinderella,27,277,144
2026-06-24T16:21:00.780Z,Global,Weekly,-,-,-,0,0,0
2026-06-24T16:21:00.780Z,Global,Monthly,-,-,-,0,0,0
2026-06-24T16:21:00.780Z,Global,All Time,-,-,-,0,0,0
2026-06-24T16:21:00.780Z,Japanese,Now,darari_nu,7e0f15d1-7945-4677-9af7-9de28604e10c,Cinderella,4,277,144
2026-06-24T16:21:00.780Z,Japanese,Weekly,coban3137,df2c59e1-8c9d-428c-9993-ac38b18c86b2,Blue hour,21,581,214
2026-06-24T16:21:00.780Z,Japanese,Monthly,coban3137,79cf91bc-167e-481f-9a49-b581919560c4,BINARY,13,5675,744
2026-06-24T16:21:00.780Z,Japanese,All Time,-,-,-,0,0,0
2026-06-24T18:50:54.034Z,Global,Now,darari_nu,7e0f15d1-7945-4677-9af7-9de28604e10c,Cinderella,24,295,149
2026-06-24T18:50:54.034Z,Global,Weekly,-,-,-,0,0,0
2026-06-24T18:50:54.034Z,Global,Monthly,-,-,-,0,0,0
2026-06-24T18:50:54.034Z,Global,All Time,-,-,-,0,0,0
2026-06-24T18:50:54.034Z,Japanese,Now,darari_nu,7e0f15d1-7945-4677-9af7-9de28604e10c,Cinderella,3,295,149
2026-06-24T18:50:54.034Z,Japanese,Weekly,coban3137,df2c59e1-8c9d-428c-9993-ac38b18c86b2,Blue hour,21,589,214
2026-06-24T18:50:54.034Z,Japanese,Monthly,coban3137,79cf91bc-167e-481f-9a49-b581919560c4,BINARY,13,5675,744
2026-06-24T18:50:54.034Z,Japanese,All Time,-,-,-,0,0,0
2026-06-24T20:48:12.733Z,Global,Now,darari_nu,7e0f15d1-7945-4677-9af7-9de28604e10c,Cinderella,21,302,152
2026-06-24T20:48:12.733Z,Global,Weekly,-,-,-,0,0,0
2026-06-24T20:48:12.733Z,Global,Monthly,-,-,-,0,0,0
2026-06-24T20:48:12.733Z,Global,All Time,-,-,-,0,0,0
2026-06-24T20:48:12.733Z,Japanese,Now,darari_nu,7e0f15d1-7945-4677-9af7-9de28604e10c,Cinderella,3,302,152
2026-06-24T20:48:12.733Z,Japanese,Weekly,coban3137,df2c59e1-8c9d-428c-9993-ac38b18c86b2,Blue hour,21,589,214
2026-06-24T20:48:12.733Z,Japanese,Monthly,coban3137,79cf91bc-167e-481f-9a49-b581919560c4,BINARY,13,5675,744
2026-06-24T20:48:12.733Z,Japanese,All Time,-,-,-,0,0,0
2026-06-24T22:16:19.491Z,Global,Now,darari_nu,7e0f15d1-7945-4677-9af7-9de28604e10c,Cinderella,21,309,154
2026-06-24T22:16:19.491Z,Global,Weekly,-,-,-,0,0,0
2026-06-24T22:16:19.491Z,Global,Monthly,-,-,-,0,0,0
2026-06-24T22:16:19.491Z,Global,All Time,-,-,-,0,0,0
2026-06-24T22:16:19.491Z,Japanese,Now,darari_nu,7e0f15d1-7945-4677-9af7-9de28604e10c,Cinderella,3,309,154
2026-06-24T22:16:19.491Z,Japanese,Weekly,coban3137,df2c59e1-8c9d-428c-9993-ac38b18c86b2,Blue hour,21,589,214
2026-06-24T22:16:19.491Z,Japanese,Monthly,coban3137,79cf91bc-167e-481f-9a49-b581919560c4,BINARY,13,5675,744
2026-06-24T22:16:19.491Z,Japanese,All Time,-,-,-,0,0,0
2026-06-25T00:11:48.642Z,Global,Now,darari_nu,7e0f15d1-7945-4677-9af7-9de28604e10c,Cinderella,21,309,157
2026-06-25T00:11:48.642Z,Global,Weekly,-,-,-,0,0,0
2026-06-25T00:11:48.642Z,Global,Monthly,-,-,-,0,0,0
2026-06-25T00:11:48.642Z,Global,All Time,-,-,-,0,0,0
2026-06-25T00:11:48.642Z,Japanese,Now,darari_nu,7e0f15d1-7945-4677-9af7-9de28604e10c,Cinderella,3,309,157
2026-06-25T00:11:48.642Z,Japanese,Weekly,coban3137,df2c59e1-8c9d-428c-9993-ac38b18c86b2,Blue hour,21,589,214
2026-06-25T00:11:48.642Z,Japanese,Monthly,coban3137,79cf91bc-167e-481f-9a49-b581919560c4,BINARY,13,5675,744
2026-06-25T00:11:48.642Z,Japanese,All Time,-,-,-,0,0,0
2026-06-25T05:04:33.335Z,Global,Now,darari_nu,7e0f15d1-7945-4677-9af7-9de28604e10c,Cinderella,21,326,158
2026-06-25T05:04:33.335Z,Global,Weekly,-,-,-,0,0,0
2026-06-25T05:04:33.335Z,Global,Monthly,-,-,-,0,0,0
2026-06-25T05:04:33.335Z,Global,All Time,-,-,-,0,0,0
2026-06-25T05:04:33.335Z,Japanese,Now,darari_nu,7e0f15d1-7945-4677-9af7-9de28604e10c,Cinderella,4,326,158
2026-06-25T05:04:33.335Z,Japanese,Weekly,coban3137,df2c59e1-8c9d-428c-9993-ac38b18c86b2,Blue hour,21,589,214
2026-06-25T05:04:33.335Z,Japanese,Monthly,coban3137,79cf91bc-167e-481f-9a49-b581919560c4,BINARY,13,5675,744
2026-06-25T05:04:33.335Z,Japanese,All Time,-,-,-,0,0,0
2026-06-25T09:19:36.301Z,Global,Now,darari_nu,7e0f15d1-7945-4677-9af7-9de28604e10c,Cinderella,21,333,160
2026-06-25T09:19:36.301Z,Global,Weekly,-,-,-,0,0,0
2026-06-25T09:19:36.301Z,Global,Monthly,-,-,-,0,0,0
2026-06-25T09:19:36.301Z,Global,All Time,-,-,-,0,0,0
2026-06-25T09:19:36.301Z,Japanese,Now,darari_nu,7e0f15d1-7945-4677-9af7-9de28604e10c,Cinderella,4,333,160
2026-06-25T09:19:36.301Z,Japanese,Weekly,coban3137,df2c59e1-8c9d-428c-9993-ac38b18c86b2,Blue hour,21,589,214
2026-06-25T09:19:36.301Z,Japanese,Monthly,coban3137,79cf91bc-167e-481f-9a49-b581919560c4,BINARY,13,5675,744
2026-06-25T09:19:36.301Z,Japanese,All Time,-,-,-,0,0,0
2026-06-25T12:19:58.520Z,Global,Now,darari_nu,7e0f15d1-7945-4677-9af7-9de28604e10c,Cinderella,20,333,163
2026-06-25T12:19:58.520Z,Global,Weekly,-,-,-,0,0,0
2026-06-25T12:19:58.520Z,Global,Monthly,-,-,-,0,0,0
2026-06-25T12:19:58.520Z,Global,All Time,-,-,-,0,0,0
2026-06-25T12:19:58.520Z,Japanese,Now,darari_nu,7e0f15d1-7945-4677-9af7-9de28604e10c,Cinderella,4,333,163
2026-06-25T12:19:58.520Z,Japanese,Weekly,coban3137,df2c59e1-8c9d-428c-9993-ac38b18c86b2,Blue hour,21,589,214
2026-06-25T12:19:58.520Z,Japanese,Monthly,coban3137,79cf91bc-167e-481f-9a49-b581919560c4,BINARY,13,5675,744
2026-06-25T12:19:58.520Z,Japanese,All Time,-,-,-,0,0,0
2026-06-25T15:39:31.041Z,Global,Now,darari_nu,7e0f15d1-7945-4677-9af7-9de28604e10c,Cinderella,18,351,166
2026-06-25T15:39:31.041Z,Global,Weekly,-,-,-,0,0,0
2026-06-25T15:39:31.041Z,Global,Monthly,-,-,-,0,0,0
2026-06-25T15:39:31.041Z,Global,All Time,-,-,-,0,0,0
2026-06-25T15:39:31.041Z,Japanese,Now,-,-,-,0,0,0
2026-06-25T15:39:31.041Z,Japanese,Weekly,coban3137,df2c59e1-8c9d-428c-9993-ac38b18c86b2,Blue hour,21,589,214
2026-06-25T15:39:31.041Z,Japanese,Monthly,coban3137,79cf91bc-167e-481f-9a49-b581919560c4,BINARY,13,5675,744
2026-06-25T15:39:31.041Z,Japanese,All Time,-,-,-,0,0,0
2026-06-25T18:08:58.715Z,Global,Now,-,-,-,0,0,0
2026-06-25T18:08:58.715Z,Global,Weekly,-,-,-,0,0,0
2026-06-25T18:08:58.715Z,Global,Monthly,-,-,-,0,0,0
2026-06-25T18:08:58.715Z,Global,All Time,-,-,-,0,0,0
2026-06-25T18:08:58.715Z,Japanese,Now,-,-,-,0,0,0
2026-06-25T18:08:58.715Z,Japanese,Weekly,coban3137,df2c59e1-8c9d-428c-9993-ac38b18c86b2,Blue hour,21,589,215
2026-06-25T18:08:58.715Z,Japanese,Monthly,coban3137,79cf91bc-167e-481f-9a49-b581919560c4,BINARY,13,5675,744
2026-06-25T18:08:58.715Z,Japanese,All Time,-,-,-,0,0,0
2026-06-25T20:56:07.058Z,Global,Now,-,-,-,0,0,0
2026-06-25T20:56:07.058Z,Global,Weekly,-,-,-,0,0,0
2026-06-25T20:56:07.058Z,Global,Monthly,-,-,-,0,0,0
2026-06-25T20:56:07.058Z,Global,All Time,-,-,-,0,0,0
2026-06-25T20:56:07.058Z,Japanese,Now,-,-,-,0,0,0
2026-06-25T20:56:07.058Z,Japanese,Weekly,coban3137,df2c59e1-8c9d-428c-9993-ac38b18c86b2,Blue hour,21,589,215
2026-06-25T20:56:07.058Z,Japanese,Monthly,coban3137,79cf91bc-167e-481f-9a49-b581919560c4,BINARY,13,5675,744
2026-06-25T20:56:07.058Z,Japanese,All Time,-,-,-,0,0,0
2026-06-25T22:21:07.776Z,Global,Now,-,-,-,0,0,0
2026-06-25T22:21:07.776Z,Global,Weekly,-,-,-,0,0,0
2026-06-25T22:21:07.776Z,Global,Monthly,-,-,-,0,0,0
2026-06-25T22:21:07.776Z,Global,All Time,-,-,-,0,0,0
2026-06-25T22:21:07.776Z,Japanese,Now,-,-,-,0,0,0
2026-06-25T22:21:07.776Z,Japanese,Weekly,coban3137,df2c59e1-8c9d-428c-9993-ac38b18c86b2,Blue hour,21,589,215
2026-06-25T22:21:07.776Z,Japanese,Monthly,coban3137,79cf91bc-167e-481f-9a49-b581919560c4,BINARY,13,5675,744
2026-06-25T22:21:07.776Z,Japanese,All Time,-,-,-,0,0,0
2026-06-26T00:08:05.554Z,Global,Now,-,-,-,0,0,0
2026-06-26T00:08:05.554Z,Global,Weekly,-,-,-,0,0,0
2026-06-26T00:08:05.554Z,Global,Monthly,-,-,-,0,0,0
2026-06-26T00:08:05.554Z,Global,All Time,-,-,-,0,0,0
2026-06-26T00:08:05.554Z,Japanese,Now,-,-,-,0,0,0
2026-06-26T00:08:05.554Z,Japanese,Weekly,coban3137,df2c59e1-8c9d-428c-9993-ac38b18c86b2,Blue hour,21,589,215
2026-06-26T00:08:05.554Z,Japanese,Monthly,coban3137,79cf91bc-167e-481f-9a49-b581919560c4,BINARY,13,5675,744
2026-06-26T00:08:05.554Z,Japanese,All Time,-,-,-,0,0,0
2026-06-26T05:07:57.763Z,Global,Now,-,-,-,0,0,0
2026-06-26T05:07:57.763Z,Global,Weekly,-,-,-,0,0,0
2026-06-26T05:07:57.763Z,Global,Monthly,-,-,-,0,0,0
2026-06-26T05:07:57.763Z,Global,All Time,-,-,-,0,0,0
2026-06-26T05:07:57.763Z,Japanese,Now,coban3137,df2c59e1-8c9d-428c-9993-ac38b18c86b2,Blue hour,20,589,215
2026-06-26T05:07:57.763Z,Japanese,Now,darari_nu,7e0f15d1-7945-4677-9af7-9de28604e10c,Cinderella,35,369,168
2026-06-26T05:07:57.763Z,Japanese,Weekly,coban3137,df2c59e1-8c9d-428c-9993-ac38b18c86b2,Blue hour,20,589,215
2026-06-26T05:07:57.763Z,Japanese,Weekly,darari_nu,7e0f15d1-7945-4677-9af7-9de28604e10c,Cinderella,35,369,168
2026-06-26T05:07:57.763Z,Japanese,Monthly,coban3137,79cf91bc-167e-481f-9a49-b581919560c4,BINARY,13,5675,744
2026-06-26T05:07:57.763Z,Japanese,All Time,-,-,-,0,0,0
2026-06-26T09:23:49.669Z,Global,Now,-,-,-,0,0,0
2026-06-26T09:23:49.669Z,Global,Weekly,-,-,-,0,0,0
2026-06-26T09:23:49.669Z,Global,Monthly,-,-,-,0,0,0
2026-06-26T09:23:49.669Z,Global,All Time,-,-,-,0,0,0
2026-06-26T09:23:49.669Z,Japanese,Now,coban3137,df2c59e1-8c9d-428c-9993-ac38b18c86b2,Blue hour,21,589,215
2026-06-26T09:23:49.669Z,Japanese,Now,darari_nu,7e0f15d1-7945-4677-9af7-9de28604e10c,Cinderella,35,369,169
2026-06-26T09:23:49.669Z,Japanese,Weekly,coban3137,df2c59e1-8c9d-428c-9993-ac38b18c86b2,Blue hour,21,589,215
2026-06-26T09:23:49.669Z,Japanese,Weekly,darari_nu,7e0f15d1-7945-4677-9af7-9de28604e10c,Cinderella,35,369,169
2026-06-26T09:23:49.669Z,Japanese,Monthly,coban3137,79cf91bc-167e-481f-9a49-b581919560c4,BINARY,13,5675,744
2026-06-26T09:23:49.669Z,Japanese,All Time,-,-,-,0,0,0
2026-06-26T12:10:33.606Z,Global,Now,-,-,-,0,0,0
2026-06-26T12:10:33.606Z,Global,Weekly,-,-,-,0,0,0
2026-06-26T12:10:33.606Z,Global,Monthly,-,-,-,0,0,0
2026-06-26T12:10:33.606Z,Global,All Time,-,-,-,0,0,0
2026-06-26T12:10:33.606Z,Japanese,Now,coban3137,df2c59e1-8c9d-428c-9993-ac38b18c86b2,Blue hour,21,589,215
2026-06-26T12:10:33.606Z,Japanese,Now,darari_nu,7e0f15d1-7945-4677-9af7-9de28604e10c,Cinderella,36,378,169
2026-06-26T12:10:33.606Z,Japanese,Weekly,coban3137,df2c59e1-8c9d-428c-9993-ac38b18c86b2,Blue hour,21,589,215
2026-06-26T12:10:33.606Z,Japanese,Weekly,darari_nu,7e0f15d1-7945-4677-9af7-9de28604e10c,Cinderella,36,378,169
2026-06-26T12:10:33.606Z,Japanese,Monthly,coban3137,79cf91bc-167e-481f-9a49-b581919560c4,BINARY,13,5675,744
2026-06-26T12:10:33.606Z,Japanese,All Time,-,-,-,0,0,0
2026-06-26T15:23:10.122Z,Global,Now,-,-,-,0,0,0
2026-06-26T15:23:10.122Z,Global,Weekly,-,-,-,0,0,0
2026-06-26T15:23:10.122Z,Global,Monthly,-,-,-,0,0,0
2026-06-26T15:23:10.122Z,Global,All Time,-,-,-,0,0,0
2026-06-26T15:23:10.122Z,Japanese,Now,coban3137,df2c59e1-8c9d-428c-9993-ac38b18c86b2,Blue hour,21,589,215
2026-06-26T15:23:10.122Z,Japanese,Now,darari_nu,7e0f15d1-7945-4677-9af7-9de28604e10c,Cinderella,36,378,169
2026-06-26T15:23:10.122Z,Japanese,Weekly,coban3137,df2c59e1-8c9d-428c-9993-ac38b18c86b2,Blue hour,21,589,215
2026-06-26T15:23:10.122Z,Japanese,Weekly,darari_nu,7e0f15d1-7945-4677-9af7-9de28604e10c,Cinderella,36,378,169
2026-06-26T15:23:10.122Z,Japanese,Monthly,coban3137,79cf91bc-167e-481f-9a49-b581919560c4,BINARY,13,5675,744
2026-06-26T15:23:10.122Z,Japanese,All Time,-,-,-,0,0,0
2026-06-26T17:46:37.255Z,Global,Now,-,-,-,0,0,0
2026-06-26T17:46:37.255Z,Global,Weekly,-,-,-,0,0,0
2026-06-26T17:46:37.255Z,Global,Monthly,-,-,-,0,0,0
2026-06-26T17:46:37.255Z,Global,All Time,-,-,-,0,0,0
2026-06-26T17:46:37.255Z,Japanese,Now,coban3137,df2c59e1-8c9d-428c-9993-ac38b18c86b2,Blue hour,20,589,215
2026-06-26T17:46:37.255Z,Japanese,Now,darari_nu,7e0f15d1-7945-4677-9af7-9de28604e10c,Cinderella,35,378,170
2026-06-26T17:46:37.255Z,Japanese,Weekly,coban3137,df2c59e1-8c9d-428c-9993-ac38b18c86b2,Blue hour,20,589,215
2026-06-26T17:46:37.255Z,Japanese,Weekly,darari_nu,7e0f15d1-7945-4677-9af7-9de28604e10c,Cinderella,35,378,170
2026-06-26T17:46:37.255Z,Japanese,Monthly,coban3137,79cf91bc-167e-481f-9a49-b581919560c4,BINARY,13,5675,744
2026-06-26T17:46:37.255Z,Japanese,All Time,-,-,-,0,0,0
2026-06-26T19:45:36.583Z,Global,Now,-,-,-,0,0,0
2026-06-26T19:45:36.583Z,Global,Weekly,-,-,-,0,0,0
2026-06-26T19:45:36.583Z,Global,Monthly,-,-,-,0,0,0
2026-06-26T19:45:36.583Z,Global,All Time,-,-,-,0,0,0
2026-06-26T19:45:36.583Z,Japanese,Now,coban3137,df2c59e1-8c9d-428c-9993-ac38b18c86b2,Blue hour,19,589,216
2026-06-26T19:45:36.583Z,Japanese,Now,darari_nu,7e0f15d1-7945-4677-9af7-9de28604e10c,Cinderella,34,387,171
2026-06-26T19:45:36.583Z,Japanese,Weekly,coban3137,df2c59e1-8c9d-428c-9993-ac38b18c86b2,Blue hour,19,589,216
2026-06-26T19:45:36.583Z,Japanese,Weekly,darari_nu,7e0f15d1-7945-4677-9af7-9de28604e10c,Cinderella,34,387,171
2026-06-26T19:45:36.583Z,Japanese,Monthly,coban3137,79cf91bc-167e-481f-9a49-b581919560c4,BINARY,13,5675,744
2026-06-26T19:45:36.583Z,Japanese,All Time,-,-,-,0,0,0
2026-06-26T21:18:11.223Z,Global,Now,-,-,-,0,0,0
2026-06-26T21:18:11.223Z,Global,Weekly,-,-,-,0,0,0
2026-06-26T21:18:11.223Z,Global,Monthly,-,-,-,0,0,0
2026-06-26T21:18:11.223Z,Global,All Time,-,-,-,0,0,0
2026-06-26T21:18:11.223Z,Japanese,Now,coban3137,df2c59e1-8c9d-428c-9993-ac38b18c86b2,Blue hour,19,589,217
2026-06-26T21:18:11.223Z,Japanese,Now,darari_nu,7e0f15d1-7945-4677-9af7-9de28604e10c,Cinderella,35,387,171
2026-06-26T21:18:11.223Z,Japanese,Weekly,coban3137,df2c59e1-8c9d-428c-9993-ac38b18c86b2,Blue hour,19,589,217
2026-06-26T21:18:11.223Z,Japanese,Weekly,darari_nu,7e0f15d1-7945-4677-9af7-9de28604e10c,Cinderella,35,387,171
2026-06-26T21:18:11.223Z,Japanese,Monthly,coban3137,79cf91bc-167e-481f-9a49-b581919560c4,BINARY,13,5675,744
2026-06-26T21:18:11.223Z,Japanese,All Time,-,-,-,0,0,0
2026-06-26T23:04:58.596Z,Global,Now,-,-,-,0,0,0
2026-06-26T23:04:58.596Z,Global,Weekly,-,-,-,0,0,0
2026-06-26T23:04:58.596Z,Global,Monthly,-,-,-,0,0,0
2026-06-26T23:04:58.596Z,Global,All Time,-,-,-,0,0,0
2026-06-26T23:04:58.596Z,Japanese,Now,coban3137,df2c59e1-8c9d-428c-9993-ac38b18c86b2,Blue hour,19,589,217
2026-06-26T23:04:58.596Z,Japanese,Now,darari_nu,7e0f15d1-7945-4677-9af7-9de28604e10c,Cinderella,35,387,171
2026-06-26T23:04:58.596Z,Japanese,Weekly,coban3137,df2c59e1-8c9d-428c-9993-ac38b18c86b2,Blue hour,19,589,217
2026-06-26T23:04:58.596Z,Japanese,Weekly,darari_nu,7e0f15d1-7945-4677-9af7-9de28604e10c,Cinderella,35,387,171
2026-06-26T23:04:58.596Z,Japanese,Monthly,coban3137,79cf91bc-167e-481f-9a49-b581919560c4,BINARY,13,5675,744
2026-06-26T23:04:58.596Z,Japanese,All Time,-,-,-,0,0,0
2026-06-27T02:57:18.067Z,Global,Now,-,-,-,0,0,0
2026-06-27T02:57:18.067Z,Global,Weekly,-,-,-,0,0,0
2026-06-27T02:57:18.067Z,Global,Monthly,-,-,-,0,0,0
2026-06-27T02:57:18.067Z,Global,All Time,-,-,-,0,0,0
2026-06-27T02:57:18.067Z,Japanese,Now,-,-,-,0,0,0
2026-06-27T02:57:18.067Z,Japanese,Weekly,coban3137,df2c59e1-8c9d-428c-9993-ac38b18c86b2,Blue hour,20,589,217
2026-06-27T02:57:18.067Z,Japanese,Weekly,darari_nu,7e0f15d1-7945-4677-9af7-9de28604e10c,Cinderella,34,404,171
2026-06-27T02:57:18.067Z,Japanese,Monthly,coban3137,79cf91bc-167e-481f-9a49-b581919560c4,BINARY,13,5675,744
2026-06-27T02:57:18.067Z,Japanese,All Time,-,-,-,0,0,0
2026-06-27T06:31:45.461Z,Global,Now,-,-,-,0,0,0
2026-06-27T06:31:45.461Z,Global,Weekly,-,-,-,0,0,0
2026-06-27T06:31:45.461Z,Global,Monthly,-,-,-,0,0,0
2026-06-27T06:31:45.461Z,Global,All Time,-,-,-,0,0,0
2026-06-27T06:31:45.461Z,Japanese,Now,-,-,-,0,0,0
2026-06-27T06:31:45.461Z,Japanese,Weekly,coban3137,df2c59e1-8c9d-428c-9993-ac38b18c86b2,Blue hour,20,589,217
2026-06-27T06:31:45.461Z,Japanese,Weekly,darari_nu,7e0f15d1-7945-4677-9af7-9de28604e10c,Cinderella,34,404,171
2026-06-27T06:31:45.461Z,Japanese,Monthly,coban3137,79cf91bc-167e-481f-9a49-b581919560c4,BINARY,13,5675,744
2026-06-27T06:31:45.461Z,Japanese,All Time,-,-,-,0,0,0
2026-06-27T09:28:07.194Z,Global,Now,-,-,-,0,0,0
2026-06-27T09:28:07.194Z,Global,Weekly,-,-,-,0,0,0
2026-06-27T09:28:07.194Z,Global,Monthly,-,-,-,0,0,0
2026-06-27T09:28:07.194Z,Global,All Time,-,-,-,0,0,0
2026-06-27T09:28:07.194Z,Japanese,Now,-,-,-,0,0,0
2026-06-27T09:28:07.194Z,Japanese,Weekly,coban3137,df2c59e1-8c9d-428c-9993-ac38b18c86b2,Blue hour,20,589,217
2026-06-27T09:28:07.194Z,Japanese,Weekly,darari_nu,7e0f15d1-7945-4677-9af7-9de28604e10c,Cinderella,35,404,171
2026-06-27T09:28:07.194Z,Japanese,Monthly,coban3137,79cf91bc-167e-481f-9a49-b581919560c4,BINARY,13,5675,744
2026-06-27T09:28:07.194Z,Japanese,All Time,-,-,-,0,0,0
2026-06-27T11:26:55.469Z,Global,Now,-,-,-,0,0,0
2026-06-27T11:26:55.469Z,Global,Weekly,-,-,-,0,0,0
2026-06-27T11:26:55.469Z,Global,Monthly,-,-,-,0,0,0
2026-06-27T11:26:55.469Z,Global,All Time,-,-,-,0,0,0
2026-06-27T11:26:55.469Z,Japanese,Now,-,-,-,0,0,0
2026-06-27T11:26:55.469Z,Japanese,Weekly,coban3137,df2c59e1-8c9d-428c-9993-ac38b18c86b2,Blue hour,20,589,217
2026-06-27T11:26:55.469Z,Japanese,Weekly,darari_nu,7e0f15d1-7945-4677-9af7-9de28604e10c,Cinderella,36,404,171
2026-06-27T11:26:55.469Z,Japanese,Monthly,coban3137,79cf91bc-167e-481f-9a49-b581919560c4,BINARY,13,5675,744
2026-06-27T11:26:55.469Z,Japanese,All Time,-,-,-,0,0,0
2026-06-27T13:40:10.422Z,Global,Now,-,-,-,0,0,0
2026-06-27T13:40:10.422Z,Global,Weekly,-,-,-,0,0,0
2026-06-27T13:40:10.422Z,Global,Monthly,-,-,-,0,0,0
2026-06-27T13:40:10.422Z,Global,All Time,-,-,-,0,0,0
2026-06-27T13:40:10.422Z,Japanese,Now,-,-,-,0,0,0
2026-06-27T13:40:10.422Z,Japanese,Weekly,coban3137,df2c59e1-8c9d-428c-9993-ac38b18c86b2,Blue hour,20,589,217
2026-06-27T13:40:10.422Z,Japanese,Weekly,darari_nu,7e0f15d1-7945-4677-9af7-9de28604e10c,Cinderella,36,404,171
2026-06-27T13:40:10.422Z,Japanese,Monthly,coban3137,79cf91bc-167e-481f-9a49-b581919560c4,BINARY,13,5675,744
2026-06-27T13:40:10.422Z,Japanese,All Time,-,-,-,0,0,0
2026-06-27T15:14:39.864Z,Global,Now,-,-,-,0,0,0
2026-06-27T15:14:39.864Z,Global,Weekly,-,-,-,0,0,0
2026-06-27T15:14:39.864Z,Global,Monthly,-,-,-,0,0,0
2026-06-27T15:14:39.864Z,Global,All Time,-,-,-,0,0,0
2026-06-27T15:14:39.864Z,Japanese,Now,-,-,-,0,0,0
2026-06-27T15:14:39.864Z,Japanese,Weekly,coban3137,df2c59e1-8c9d-428c-9993-ac38b18c86b2,Blue hour,20,589,217
2026-06-27T15:14:39.864Z,Japanese,Weekly,darari_nu,7e0f15d1-7945-4677-9af7-9de28604e10c,Cinderella,36,404,171
2026-06-27T15:14:39.864Z,Japanese,Monthly,coban3137,79cf91bc-167e-481f-9a49-b581919560c4,BINARY,13,5675,744
2026-06-27T15:14:39.864Z,Japanese,All Time,-,-,-,0,0,0
2026-06-27T17:09:00.969Z,Global,Now,-,-,-,0,0,0
2026-06-27T17:09:00.969Z,Global,Weekly,-,-,-,0,0,0
2026-06-27T17:09:00.969Z,Global,Monthly,-,-,-,0,0,0
2026-06-27T17:09:00.969Z,Global,All Time,-,-,-,0,0,0
2026-06-27T17:09:00.969Z,Japanese,Now,-,-,-,0,0,0
2026-06-27T17:09:00.969Z,Japanese,Weekly,coban3137,df2c59e1-8c9d-428c-9993-ac38b18c86b2,Blue hour,20,589,217
2026-06-27T17:09:00.969Z,Japanese,Weekly,darari_nu,7e0f15d1-7945-4677-9af7-9de28604e10c,Cinderella,36,404,171
2026-06-27T17:09:00.969Z,Japanese,Monthly,coban3137,79cf91bc-167e-481f-9a49-b581919560c4,BINARY,13,5675,744
2026-06-27T17:09:00.969Z,Japanese,All Time,-,-,-,0,0,0
2026-06-27T19:19:01.865Z,Global,Now,-,-,-,0,0,0
2026-06-27T19:19:01.865Z,Global,Weekly,-,-,-,0,0,0
2026-06-27T19:19:01.865Z,Global,Monthly,-,-,-,0,0,0
2026-06-27T19:19:01.865Z,Global,All Time,-,-,-,0,0,0
2026-06-27T19:19:01.865Z,Japanese,Now,-,-,-,0,0,0
2026-06-27T19:19:01.865Z,Japanese,Weekly,coban3137,df2c59e1-8c9d-428c-9993-ac38b18c86b2,Blue hour,20,589,217
2026-06-27T19:19:01.865Z,Japanese,Weekly,darari_nu,7e0f15d1-7945-4677-9af7-9de28604e10c,Cinderella,36,404,171
2026-06-27T19:19:01.865Z,Japanese,Monthly,coban3137,79cf91bc-167e-481f-9a49-b581919560c4,BINARY,13,5675,744
2026-06-27T19:19:01.865Z,Japanese,All Time,-,-,-,0,0,0
2026-06-27T21:02:23.476Z,Global,Now,-,-,-,0,0,0
2026-06-27T21:02:23.476Z,Global,Weekly,-,-,-,0,0,0
2026-06-27T21:02:23.476Z,Global,Monthly,-,-,-,0,0,0
2026-06-27T21:02:23.476Z,Global,All Time,-,-,-,0,0,0
2026-06-27T21:02:23.476Z,Japanese,Now,-,-,-,0,0,0
2026-06-27T21:02:23.476Z,Japanese,Weekly,coban3137,df2c59e1-8c9d-428c-9993-ac38b18c86b2,Blue hour,20,589,217
2026-06-27T21:02:23.476Z,Japanese,Weekly,darari_nu,7e0f15d1-7945-4677-9af7-9de28604e10c,Cinderella,36,404,171
2026-06-27T21:02:23.476Z,Japanese,Monthly,coban3137,79cf91bc-167e-481f-9a49-b581919560c4,BINARY,13,5675,744
2026-06-27T21:02:23.476Z,Japanese,All Time,-,-,-,0,0,0
2026-06-27T23:01:23.440Z,Global,Now,-,-,-,0,0,0
2026-06-27T23:01:23.440Z,Global,Weekly,-,-,-,0,0,0
2026-06-27T23:01:23.440Z,Global,Monthly,-,-,-,0,0,0
2026-06-27T23:01:23.440Z,Global,All Time,-,-,-,0,0,0
2026-06-27T23:01:23.440Z,Japanese,Now,-,-,-,0,0,0
2026-06-27T23:01:23.440Z,Japanese,Weekly,coban3137,df2c59e1-8c9d-428c-9993-ac38b18c86b2,Blue hour,20,598,217
2026-06-27T23:01:23.440Z,Japanese,Weekly,darari_nu,7e0f15d1-7945-4677-9af7-9de28604e10c,Cinderella,36,404,172
2026-06-27T23:01:23.440Z,Japanese,Monthly,coban3137,79cf91bc-167e-481f-9a49-b581919560c4,BINARY,13,5675,744
2026-06-27T23:01:23.440Z,Japanese,All Time,-,-,-,0,0,0
2026-06-28T03:40:31.476Z,Global,Now,-,-,-,0,0,0
2026-06-28T03:40:31.476Z,Global,Weekly,-,-,-,0,0,0
2026-06-28T03:40:31.476Z,Global,Monthly,-,-,-,0,0,0
2026-06-28T03:40:31.476Z,Global,All Time,-,-,-,0,0,0
2026-06-28T03:40:31.476Z,Japanese,Now,-,-,-,0,0,0
2026-06-28T03:40:31.476Z,Japanese,Weekly,coban3137,df2c59e1-8c9d-428c-9993-ac38b18c86b2,Blue hour,20,598,217
2026-06-28T03:40:31.476Z,Japanese,Weekly,darari_nu,7e0f15d1-7945-4677-9af7-9de28604e10c,Cinderella,35,412,173
2026-06-28T03:40:31.476Z,Japanese,Monthly,coban3137,79cf91bc-167e-481f-9a49-b581919560c4,BINARY,13,5675,744
2026-06-28T03:40:31.476Z,Japanese,All Time,-,-,-,0,0,0
2026-06-28T07:50:41.291Z,Global,Now,-,-,-,0,0,0
2026-06-28T07:50:41.291Z,Global,Weekly,-,-,-,0,0,0
2026-06-28T07:50:41.291Z,Global,Monthly,-,-,-,0,0,0
2026-06-28T07:50:41.291Z,Global,All Time,-,-,-,0,0,0
2026-06-28T07:50:41.291Z,Japanese,Now,-,-,-,0,0,0
2026-06-28T07:50:41.291Z,Japanese,Weekly,coban3137,df2c59e1-8c9d-428c-9993-ac38b18c86b2,Blue hour,20,598,217
2026-06-28T07:50:41.291Z,Japanese,Weekly,darari_nu,7e0f15d1-7945-4677-9af7-9de28604e10c,Cinderella,35,412,173
2026-06-28T07:50:41.291Z,Japanese,Monthly,coban3137,79cf91bc-167e-481f-9a49-b581919560c4,BINARY,13,5675,744
2026-06-28T07:50:41.291Z,Japanese,All Time,-,-,-,0,0,0
2026-06-28T10:26:50.432Z,Global,Now,-,-,-,0,0,0
2026-06-28T10:26:50.432Z,Global,Weekly,-,-,-,0,0,0
2026-06-28T10:26:50.432Z,Global,Monthly,-,-,-,0,0,0
2026-06-28T10:26:50.432Z,Global,All Time,-,-,-,0,0,0
2026-06-28T10:26:50.432Z,Japanese,Now,-,-,-,0,0,0
2026-06-28T10:26:50.432Z,Japanese,Weekly,coban3137,df2c59e1-8c9d-428c-9993-ac38b18c86b2,Blue hour,19,598,217
2026-06-28T10:26:50.432Z,Japanese,Weekly,darari_nu,7e0f15d1-7945-4677-9af7-9de28604e10c,Cinderella,34,412,173
2026-06-28T10:26:50.432Z,Japanese,Monthly,coban3137,79cf91bc-167e-481f-9a49-b581919560c4,BINARY,13,5675,744
2026-06-28T10:26:50.432Z,Japanese,All Time,-,-,-,0,0,0
2026-06-28T12:15:55.792Z,Global,Now,-,-,-,0,0,0
2026-06-28T12:15:55.792Z,Global,Weekly,-,-,-,0,0,0
2026-06-28T12:15:55.792Z,Global,Monthly,-,-,-,0,0,0
2026-06-28T12:15:55.792Z,Global,All Time,-,-,-,0,0,0
2026-06-28T12:15:55.792Z,Japanese,Now,-,-,-,0,0,0
2026-06-28T12:15:55.792Z,Japanese,Weekly,coban3137,df2c59e1-8c9d-428c-9993-ac38b18c86b2,Blue hour,19,598,217
2026-06-28T12:15:55.792Z,Japanese,Weekly,darari_nu,7e0f15d1-7945-4677-9af7-9de28604e10c,Cinderella,34,412,173
2026-06-28T12:15:55.792Z,Japanese,Monthly,coban3137,79cf91bc-167e-481f-9a49-b581919560c4,BINARY,13,5675,744
2026-06-28T12:15:55.792Z,Japanese,All Time,-,-,-,0,0,0
2026-06-28T14:47:55.447Z,Global,Now,-,-,-,0,0,0
2026-06-28T14:47:55.447Z,Global,Weekly,-,-,-,0,0,0
2026-06-28T14:47:55.447Z,Global,Monthly,-,-,-,0,0,0
2026-06-28T14:47:55.447Z,Global,All Time,-,-,-,0,0,0
2026-06-28T14:47:55.447Z,Japanese,Now,-,-,-,0,0,0
2026-06-28T14:47:55.447Z,Japanese,Weekly,coban3137,df2c59e1-8c9d-428c-9993-ac38b18c86b2,Blue hour,19,598,218
2026-06-28T14:47:55.447Z,Japanese,Weekly,darari_nu,7e0f15d1-7945-4677-9af7-9de28604e10c,Cinderella,34,419,173
2026-06-28T14:47:55.447Z,Japanese,Monthly,coban3137,79cf91bc-167e-481f-9a49-b581919560c4,BINARY,13,5675,744
2026-06-28T14:47:55.447Z,Japanese,All Time,-,-,-,0,0,0
2026-06-28T16:09:32.150Z,Global,Now,-,-,-,0,0,0
2026-06-28T16:09:32.150Z,Global,Weekly,-,-,-,0,0,0
2026-06-28T16:09:32.150Z,Global,Monthly,-,-,-,0,0,0
2026-06-28T16:09:32.150Z,Global,All Time,-,-,-,0,0,0
2026-06-28T16:09:32.150Z,Japanese,Now,-,-,-,0,0,0
2026-06-28T16:09:32.150Z,Japanese,Weekly,coban3137,df2c59e1-8c9d-428c-9993-ac38b18c86b2,Blue hour,20,598,218
2026-06-28T16:09:32.150Z,Japanese,Weekly,darari_nu,7e0f15d1-7945-4677-9af7-9de28604e10c,Cinderella,34,419,174
2026-06-28T16:09:32.150Z,Japanese,Monthly,coban3137,79cf91bc-167e-481f-9a49-b581919560c4,BINARY,13,5675,744
2026-06-28T16:09:32.150Z,Japanese,All Time,-,-,-,0,0,0
2026-06-28T18:04:33.255Z,Global,Now,-,-,-,0,0,0
2026-06-28T18:04:33.255Z,Global,Weekly,-,-,-,0,0,0
2026-06-28T18:04:33.255Z,Global,Monthly,-,-,-,0,0,0
2026-06-28T18:04:33.255Z,Global,All Time,-,-,-,0,0,0
2026-06-28T18:04:33.255Z,Japanese,Now,-,-,-,0,0,0
2026-06-28T18:04:33.255Z,Japanese,Weekly,coban3137,df2c59e1-8c9d-428c-9993-ac38b18c86b2,Blue hour,20,598,218
2026-06-28T18:04:33.255Z,Japanese,Weekly,darari_nu,7e0f15d1-7945-4677-9af7-9de28604e10c,Cinderella,34,419,175
2026-06-28T18:04:33.255Z,Japanese,Monthly,coban3137,79cf91bc-167e-481f-9a49-b581919560c4,BINARY,13,5675,744
2026-06-28T18:04:33.255Z,Japanese,All Time,-,-,-,0,0,0
2026-06-28T20:12:42.580Z,Global,Now,-,-,-,0,0,0
2026-06-28T20:12:42.580Z,Global,Weekly,-,-,-,0,0,0
2026-06-28T20:12:42.580Z,Global,Monthly,-,-,-,0,0,0
2026-06-28T20:12:42.580Z,Global,All Time,-,-,-,0,0,0
2026-06-28T20:12:42.580Z,Japanese,Now,-,-,-,0,0,0
2026-06-28T20:12:42.580Z,Japanese,Weekly,coban3137,df2c59e1-8c9d-428c-9993-ac38b18c86b2,Blue hour,20,598,218
2026-06-28T20:12:42.580Z,Japanese,Weekly,darari_nu,7e0f15d1-7945-4677-9af7-9de28604e10c,Cinderella,34,419,176
2026-06-28T20:12:42.580Z,Japanese,Monthly,coban3137,79cf91bc-167e-481f-9a49-b581919560c4,BINARY,13,5675,744
2026-06-28T20:12:42.580Z,Japanese,All Time,-,-,-,0,0,0
2026-06-28T22:01:20.031Z,Global,Now,-,-,-,0,0,0
2026-06-28T22:01:20.031Z,Global,Weekly,-,-,-,0,0,0
2026-06-28T22:01:20.031Z,Global,Monthly,-,-,-,0,0,0
2026-06-28T22:01:20.031Z,Global,All Time,-,-,-,0,0,0
2026-06-28T22:01:20.031Z,Japanese,Now,-,-,-,0,0,0
2026-06-28T22:01:20.031Z,Japanese,Weekly,coban3137,df2c59e1-8c9d-428c-9993-ac38b18c86b2,Blue hour,20,598,218
2026-06-28T22:01:20.031Z,Japanese,Weekly,darari_nu,7e0f15d1-7945-4677-9af7-9de28604e10c,Cinderella,34,419,176
2026-06-28T22:01:20.031Z,Japanese,Monthly,coban3137,79cf91bc-167e-481f-9a49-b581919560c4,BINARY,13,5675,744
2026-06-28T22:01:20.031Z,Japanese,All Time,-,-,-,0,0,0
2026-06-29T00:08:26.192Z,Global,Now,-,-,-,0,0,0
2026-06-29T00:08:26.192Z,Global,Weekly,-,-,-,0,0,0
2026-06-29T00:08:26.192Z,Global,Monthly,-,-,-,0,0,0
2026-06-29T00:08:26.192Z,Global,All Time,-,-,-,0,0,0
2026-06-29T00:08:26.192Z,Japanese,Now,-,-,-,0,0,0
2026-06-29T00:08:26.192Z,Japanese,Weekly,coban3137,df2c59e1-8c9d-428c-9993-ac38b18c86b2,Blue hour,20,598,218
2026-06-29T00:08:26.192Z,Japanese,Weekly,darari_nu,7e0f15d1-7945-4677-9af7-9de28604e10c,Cinderella,35,419,176
2026-06-29T00:08:26.192Z,Japanese,Monthly,coban3137,79cf91bc-167e-481f-9a49-b581919560c4,BINARY,13,5675,744
2026-06-29T00:08:26.192Z,Japanese,All Time,-,-,-,0,0,0
2026-06-29T05:49:44.957Z,Global,Now,-,-,-,0,0,0
2026-06-29T05:49:44.957Z,Global,Weekly,-,-,-,0,0,0
2026-06-29T05:49:44.957Z,Global,Monthly,-,-,-,0,0,0
2026-06-29T05:49:44.957Z,Global,All Time,-,-,-,0,0,0
2026-06-29T05:49:44.957Z,Japanese,Now,-,-,-,0,0,0
2026-06-29T05:49:44.957Z,Japanese,Weekly,coban3137,df2c59e1-8c9d-428c-9993-ac38b18c86b2,Blue hour,20,598,218
2026-06-29T05:49:44.957Z,Japanese,Weekly,darari_nu,7e0f15d1-7945-4677-9af7-9de28604e10c,Cinderella,35,419,176
2026-06-29T05:49:44.957Z,Japanese,Monthly,coban3137,79cf91bc-167e-481f-9a49-b581919560c4,BINARY,13,5675,744
2026-06-29T05:49:44.957Z,Japanese,All Time,-,-,-,0,0,0
2026-06-29T10:56:25.722Z,Global,Now,-,-,-,0,0,0
2026-06-29T10:56:25.722Z,Global,Weekly,-,-,-,0,0,0
2026-06-29T10:56:25.722Z,Global,Monthly,-,-,-,0,0,0
2026-06-29T10:56:25.722Z,Global,All Time,-,-,-,0,0,0
2026-06-29T10:56:25.722Z,Japanese,Now,-,-,-,0,0,0
2026-06-29T10:56:25.722Z,Japanese,Weekly,coban3137,df2c59e1-8c9d-428c-9993-ac38b18c86b2,Blue hour,20,598,219
2026-06-29T10:56:25.722Z,Japanese,Weekly,darari_nu,7e0f15d1-7945-4677-9af7-9de28604e10c,Cinderella,35,419,176
2026-06-29T10:56:25.722Z,Japanese,Monthly,coban3137,79cf91bc-167e-481f-9a49-b581919560c4,BINARY,13,5675,744
2026-06-29T10:56:25.722Z,Japanese,All Time,-,-,-,0,0,0
2026-06-29T14:48:19.448Z,Global,Now,-,-,-,0,0,0
2026-06-29T14:48:19.448Z,Global,Weekly,-,-,-,0,0,0
2026-06-29T14:48:19.448Z,Global,Monthly,-,-,-,0,0,0
2026-06-29T14:48:19.448Z,Global,All Time,-,-,-,0,0,0
2026-06-29T14:48:19.448Z,Japanese,Now,darari_nu,7e0f15d1-7945-4677-9af7-9de28604e10c,Cinderella,34,419,176
2026-06-29T14:48:19.448Z,Japanese,Weekly,darari_nu,7e0f15d1-7945-4677-9af7-9de28604e10c,Cinderella,34,419,176
2026-06-29T14:48:19.448Z,Japanese,Monthly,coban3137,79cf91bc-167e-481f-9a49-b581919560c4,BINARY,13,5675,744
2026-06-29T14:48:19.448Z,Japanese,All Time,-,-,-,0,0,0
2026-06-29T17:35:54.647Z,Global,Now,-,-,-,0,0,0
2026-06-29T17:35:54.647Z,Global,Weekly,-,-,-,0,0,0
2026-06-29T17:35:54.647Z,Global,Monthly,-,-,-,0,0,0
2026-06-29T17:35:54.647Z,Global,All Time,-,-,-,0,0,0
2026-06-29T17:35:54.647Z,Japanese,Now,darari_nu,7e0f15d1-7945-4677-9af7-9de28604e10c,Cinderella,34,419,177
2026-06-29T17:35:54.647Z,Japanese,Weekly,darari_nu,7e0f15d1-7945-4677-9af7-9de28604e10c,Cinderella,34,419,177
2026-06-29T17:35:54.647Z,Japanese,Monthly,coban3137,79cf91bc-167e-481f-9a49-b581919560c4,BINARY,13,5675,744
2026-06-29T17:35:54.647Z,Japanese,All Time,-,-,-,0,0,0
2026-06-29T19:55:56.038Z,Global,Now,-,-,-,0,0,0
2026-06-29T19:55:56.038Z,Global,Weekly,-,-,-,0,0,0
2026-06-29T19:55:56.038Z,Global,Monthly,-,-,-,0,0,0
2026-06-29T19:55:56.038Z,Global,All Time,-,-,-,0,0,0
2026-06-29T19:55:56.038Z,Japanese,Now,darari_nu,7e0f15d1-7945-4677-9af7-9de28604e10c,Cinderella,34,419,177
2026-06-29T19:55:56.038Z,Japanese,Weekly,darari_nu,7e0f15d1-7945-4677-9af7-9de28604e10c,Cinderella,34,419,177
2026-06-29T19:55:56.038Z,Japanese,Monthly,coban3137,79cf91bc-167e-481f-9a49-b581919560c4,BINARY,13,5675,744
2026-06-29T19:55:56.038Z,Japanese,All Time,-,-,-,0,0,0
2026-06-29T21:26:22.598Z,Global,Now,-,-,-,0,0,0
2026-06-29T21:26:22.598Z,Global,Weekly,-,-,-,0,0,0
2026-06-29T21:26:22.598Z,Global,Monthly,-,-,-,0,0,0
2026-06-29T21:26:22.598Z,Global,All Time,-,-,-,0,0,0
2026-06-29T21:26:22.598Z,Japanese,Now,darari_nu,7e0f15d1-7945-4677-9af7-9de28604e10c,Cinderella,34,419,177
2026-06-29T21:26:22.598Z,Japanese,Weekly,darari_nu,7e0f15d1-7945-4677-9af7-9de28604e10c,Cinderella,34,419,177
2026-06-29T21:26:22.598Z,Japanese,Monthly,coban3137,79cf91bc-167e-481f-9a49-b581919560c4,BINARY,13,5675,744
2026-06-29T21:26:22.598Z,Japanese,All Time,-,-,-,0,0,0
2026-06-29T22:56:15.645Z,Global,Now,-,-,-,0,0,0
2026-06-29T22:56:15.645Z,Global,Weekly,-,-,-,0,0,0
2026-06-29T22:56:15.645Z,Global,Monthly,-,-,-,0,0,0
2026-06-29T22:56:15.645Z,Global,All Time,-,-,-,0,0,0
2026-06-29T22:56:15.645Z,Japanese,Now,darari_nu,7e0f15d1-7945-4677-9af7-9de28604e10c,Cinderella,34,419,178
2026-06-29T22:56:15.645Z,Japanese,Weekly,darari_nu,7e0f15d1-7945-4677-9af7-9de28604e10c,Cinderella,34,419,178
2026-06-29T22:56:15.645Z,Japanese,Monthly,coban3137,79cf91bc-167e-481f-9a49-b581919560c4,BINARY,13,5675,744
2026-06-29T22:56:15.645Z,Japanese,All Time,-,-,-,0,0,0
2026-06-30T00:04:50.826Z,Global,Now,-,-,-,0,0,0
2026-06-30T00:04:50.826Z,Global,Weekly,-,-,-,0,0,0
2026-06-30T00:04:50.826Z,Global,Monthly,-,-,-,0,0,0
2026-06-30T00:04:50.826Z,Global,All Time,-,-,-,0,0,0
2026-06-30T00:04:50.826Z,Japanese,Now,darari_nu,7e0f15d1-7945-4677-9af7-9de28604e10c,Cinderella,34,419,178
2026-06-30T00:04:50.826Z,Japanese,Weekly,darari_nu,7e0f15d1-7945-4677-9af7-9de28604e10c,Cinderella,34,419,178
2026-06-30T00:04:50.826Z,Japanese,Monthly,coban3137,79cf91bc-167e-481f-9a49-b581919560c4,BINARY,13,5675,744
2026-06-30T00:04:50.826Z,Japanese,All Time,-,-,-,0,0,0
2026-06-30T05:02:19.427Z,Global,Now,-,-,-,0,0,0
2026-06-30T05:02:19.427Z,Global,Weekly,-,-,-,0,0,0
2026-06-30T05:02:19.427Z,Global,Monthly,-,-,-,0,0,0
2026-06-30T05:02:19.427Z,Global,All Time,-,-,-,0,0,0
2026-06-30T05:02:19.427Z,Japanese,Now,darari_nu,7e0f15d1-7945-4677-9af7-9de28604e10c,Cinderella,33,419,180
2026-06-30T05:02:19.427Z,Japanese,Weekly,darari_nu,7e0f15d1-7945-4677-9af7-9de28604e10c,Cinderella,33,419,180
2026-06-30T05:02:19.427Z,Japanese,Monthly,coban3137,79cf91bc-167e-481f-9a49-b581919560c4,BINARY,13,5732,744
2026-06-30T05:02:19.427Z,Japanese,All Time,-,-,-,0,0,0
2026-06-30T09:32:59.144Z,Global,Now,-,-,-,0,0,0
2026-06-30T09:32:59.144Z,Global,Weekly,-,-,-,0,0,0
2026-06-30T09:32:59.144Z,Global,Monthly,-,-,-,0,0,0
2026-06-30T09:32:59.144Z,Global,All Time,-,-,-,0,0,0
2026-06-30T09:32:59.144Z,Japanese,Now,darari_nu,7e0f15d1-7945-4677-9af7-9de28604e10c,Cinderella,33,419,180
2026-06-30T09:32:59.144Z,Japanese,Weekly,darari_nu,7e0f15d1-7945-4677-9af7-9de28604e10c,Cinderella,33,419,180
2026-06-30T09:32:59.144Z,Japanese,Monthly,coban3137,79cf91bc-167e-481f-9a49-b581919560c4,BINARY,13,5732,744
2026-06-30T09:32:59.144Z,Japanese,All Time,-,-,-,0,0,0
2026-06-30T12:07:58.870Z,Global,Now,-,-,-,0,0,0
2026-06-30T12:07:58.870Z,Global,Weekly,-,-,-,0,0,0
2026-06-30T12:07:58.870Z,Global,Monthly,-,-,-,0,0,0
2026-06-30T12:07:58.870Z,Global,All Time,-,-,-,0,0,0
2026-06-30T12:07:58.870Z,Japanese,Now,darari_nu,7e0f15d1-7945-4677-9af7-9de28604e10c,Cinderella,33,419,180
2026-06-30T12:07:58.870Z,Japanese,Weekly,darari_nu,7e0f15d1-7945-4677-9af7-9de28604e10c,Cinderella,33,419,180
2026-06-30T12:07:58.870Z,Japanese,Monthly,coban3137,79cf91bc-167e-481f-9a49-b581919560c4,BINARY,13,5732,744
2026-06-30T12:07:58.870Z,Japanese,All Time,-,-,-,0,0,0
2026-06-30T15:26:23.039Z,Global,Now,-,-,-,0,0,0
2026-06-30T15:26:23.039Z,Global,Weekly,-,-,-,0,0,0
2026-06-30T15:26:23.039Z,Global,Monthly,-,-,-,0,0,0
2026-06-30T15:26:23.039Z,Global,All Time,-,-,-,0,0,0
2026-06-30T15:26:23.039Z,Japanese,Now,darari_nu,7e0f15d1-7945-4677-9af7-9de28604e10c,Cinderella,33,419,180
2026-06-30T15:26:23.039Z,Japanese,Weekly,darari_nu,7e0f15d1-7945-4677-9af7-9de28604e10c,Cinderella,33,419,180
2026-06-30T15:26:23.039Z,Japanese,Monthly,coban3137,79cf91bc-167e-481f-9a49-b581919560c4,BINARY,13,5732,744
2026-06-30T15:26:23.039Z,Japanese,All Time,-,-,-,0,0,0
2026-06-30T17:52:21.630Z,Global,Now,-,-,-,0,0,0
2026-06-30T17:52:21.630Z,Global,Weekly,-,-,-,0,0,0
2026-06-30T17:52:21.630Z,Global,Monthly,-,-,-,0,0,0
2026-06-30T17:52:21.630Z,Global,All Time,-,-,-,0,0,0
2026-06-30T17:52:21.630Z,Japanese,Now,darari_nu,7e0f15d1-7945-4677-9af7-9de28604e10c,Cinderella,32,419,180
2026-06-30T17:52:21.630Z,Japanese,Weekly,darari_nu,7e0f15d1-7945-4677-9af7-9de28604e10c,Cinderella,32,419,180
2026-06-30T17:52:21.630Z,Japanese,Monthly,coban3137,79cf91bc-167e-481f-9a49-b581919560c4,BINARY,13,5732,744
2026-06-30T17:52:21.630Z,Japanese,All Time,-,-,-,0,0,0
2026-06-30T19:54:56.342Z,Global,Now,-,-,-,0,0,0
2026-06-30T19:54:56.342Z,Global,Weekly,-,-,-,0,0,0
2026-06-30T19:54:56.342Z,Global,Monthly,-,-,-,0,0,0
2026-06-30T19:54:56.342Z,Global,All Time,-,-,-,0,0,0
2026-06-30T19:54:56.342Z,Japanese,Now,darari_nu,7e0f15d1-7945-4677-9af7-9de28604e10c,Cinderella,32,419,180
2026-06-30T19:54:56.342Z,Japanese,Weekly,darari_nu,7e0f15d1-7945-4677-9af7-9de28604e10c,Cinderella,32,419,180
2026-06-30T19:54:56.342Z,Japanese,Monthly,coban3137,79cf91bc-167e-481f-9a49-b581919560c4,BINARY,13,5732,744
2026-06-30T19:54:56.342Z,Japanese,All Time,-,-,-,0,0,0
2026-06-30T21:27:49.071Z,Global,Now,-,-,-,0,0,0
2026-06-30T21:27:49.071Z,Global,Weekly,-,-,-,0,0,0
2026-06-30T21:27:49.071Z,Global,Monthly,-,-,-,0,0,0
2026-06-30T21:27:49.071Z,Global,All Time,-,-,-,0,0,0
2026-06-30T21:27:49.071Z,Japanese,Now,darari_nu,7e0f15d1-7945-4677-9af7-9de28604e10c,Cinderella,32,427,180
2026-06-30T21:27:49.071Z,Japanese,Weekly,darari_nu,7e0f15d1-7945-4677-9af7-9de28604e10c,Cinderella,32,427,180
2026-06-30T21:27:49.071Z,Japanese,Monthly,coban3137,79cf91bc-167e-481f-9a49-b581919560c4,BINARY,13,5732,744
2026-06-30T21:27:49.071Z,Japanese,All Time,-,-,-,0,0,0
2026-06-30T23:11:36.353Z,Global,Now,-,-,-,0,0,0
2026-06-30T23:11:36.353Z,Global,Weekly,-,-,-,0,0,0
2026-06-30T23:11:36.353Z,Global,Monthly,-,-,-,0,0,0
2026-06-30T23:11:36.353Z,Global,All Time,-,-,-,0,0,0
2026-06-30T23:11:36.353Z,Japanese,Now,darari_nu,7e0f15d1-7945-4677-9af7-9de28604e10c,Cinderella,32,427,180
2026-06-30T23:11:36.353Z,Japanese,Weekly,darari_nu,7e0f15d1-7945-4677-9af7-9de28604e10c,Cinderella,32,427,180
2026-06-30T23:11:36.353Z,Japanese,Monthly,coban3137,79cf91bc-167e-481f-9a49-b581919560c4,BINARY,13,5732,744
2026-06-30T23:11:36.353Z,Japanese,All Time,-,-,-,0,0,0
2026-07-01T03:41:58.835Z,Global,Now,-,-,-,0,0,0
2026-07-01T03:41:58.835Z,Global,Weekly,-,-,-,0,0,0
2026-07-01T03:41:58.835Z,Global,Monthly,-,-,-,0,0,0
2026-07-01T03:41:58.835Z,Global,All Time,-,-,-,0,0,0
2026-07-01T03:41:58.835Z,Japanese,Now,-,-,-,0,0,0
2026-07-01T03:41:58.835Z,Japanese,Weekly,darari_nu,7e0f15d1-7945-4677-9af7-9de28604e10c,Cinderella,32,427,182
2026-07-01T03:41:58.835Z,Japanese,Monthly,coban3137,79cf91bc-167e-481f-9a49-b581919560c4,BINARY,13,5732,744
2026-07-01T03:41:58.835Z,Japanese,All Time,-,-,-,0,0,0
2026-07-01T08:11:57.944Z,Global,Now,-,-,-,0,0,0
2026-07-01T08:11:57.944Z,Global,Weekly,-,-,-,0,0,0
2026-07-01T08:11:57.944Z,Global,Monthly,-,-,-,0,0,0
2026-07-01T08:11:57.944Z,Global,All Time,-,-,-,0,0,0
2026-07-01T08:11:57.944Z,Japanese,Now,-,-,-,0,0,0
2026-07-01T08:11:57.944Z,Japanese,Weekly,darari_nu,7e0f15d1-7945-4677-9af7-9de28604e10c,Cinderella,32,427,182
2026-07-01T08:11:57.944Z,Japanese,Monthly,coban3137,79cf91bc-167e-481f-9a49-b581919560c4,BINARY,13,5732,744
2026-07-01T08:11:57.944Z,Japanese,All Time,-,-,-,0,0,0
2026-07-01T12:06:40.853Z,Global,Now,-,-,-,0,0,0
2026-07-01T12:06:40.853Z,Global,Weekly,-,-,-,0,0,0
2026-07-01T12:06:40.853Z,Global,Monthly,-,-,-,0,0,0
2026-07-01T12:06:40.853Z,Global,All Time,-,-,-,0,0,0
2026-07-01T12:06:40.853Z,Japanese,Now,-,-,-,0,0,0
2026-07-01T12:06:40.853Z,Japanese,Weekly,darari_nu,7e0f15d1-7945-4677-9af7-9de28604e10c,Cinderella,32,427,184
2026-07-01T12:06:40.853Z,Japanese,Monthly,coban3137,79cf91bc-167e-481f-9a49-b581919560c4,BINARY,13,5732,744
2026-07-01T12:06:40.853Z,Japanese,All Time,-,-,-,0,0,0
2026-07-01T15:40:43.466Z,Global,Now,-,-,-,0,0,0
2026-07-01T15:40:43.466Z,Global,Weekly,-,-,-,0,0,0
2026-07-01T15:40:43.466Z,Global,Monthly,-,-,-,0,0,0
2026-07-01T15:40:43.466Z,Global,All Time,-,-,-,0,0,0
2026-07-01T15:40:43.466Z,Japanese,Now,-,-,-,0,0,0
2026-07-01T15:40:43.466Z,Japanese,Weekly,darari_nu,7e0f15d1-7945-4677-9af7-9de28604e10c,Cinderella,31,427,184
2026-07-01T15:40:43.466Z,Japanese,Monthly,coban3137,79cf91bc-167e-481f-9a49-b581919560c4,BINARY,13,5732,744
2026-07-01T15:40:43.466Z,Japanese,All Time,-,-,-,0,0,0
2026-07-01T19:53:11.472Z,Global,Now,-,-,-,0,0,0
2026-07-01T19:53:11.472Z,Global,Weekly,-,-,-,0,0,0
2026-07-01T19:53:11.472Z,Global,Monthly,-,-,-,0,0,0
2026-07-01T19:53:11.472Z,Global,All Time,-,-,-,0,0,0
2026-07-01T19:53:11.472Z,Japanese,Now,-,-,-,0,0,0
2026-07-01T19:53:11.472Z,Japanese,Weekly,darari_nu,7e0f15d1-7945-4677-9af7-9de28604e10c,Cinderella,31,427,184
2026-07-01T19:53:11.472Z,Japanese,Monthly,coban3137,79cf91bc-167e-481f-9a49-b581919560c4,BINARY,13,5732,744
2026-07-01T19:53:11.472Z,Japanese,All Time,-,-,-,0,0,0
2026-07-01T23:14:24.486Z,Global,Now,-,-,-,0,0,0
2026-07-01T23:14:24.486Z,Global,Weekly,-,-,-,0,0,0
2026-07-01T23:14:24.486Z,Global,Monthly,-,-,-,0,0,0
2026-07-01T23:14:24.486Z,Global,All Time,-,-,-,0,0,0
2026-07-01T23:14:24.486Z,Japanese,Now,-,-,-,0,0,0
2026-07-01T23:14:24.486Z,Japanese,Weekly,darari_nu,7e0f15d1-7945-4677-9af7-9de28604e10c,Cinderella,31,427,184
2026-07-01T23:14:24.486Z,Japanese,Monthly,coban3137,79cf91bc-167e-481f-9a49-b581919560c4,BINARY,13,5732,744
2026-07-01T23:14:24.486Z,Japanese,All Time,-,-,-,0,0,0
2026-07-02T03:28:00.684Z,Global,Now,-,-,-,0,0,0
2026-07-02T03:28:00.684Z,Global,Weekly,-,-,-,0,0,0
2026-07-02T03:28:00.684Z,Global,Monthly,-,-,-,0,0,0
2026-07-02T03:28:00.684Z,Global,All Time,-,-,-,0,0,0
2026-07-02T03:28:00.684Z,Japanese,Now,-,-,-,0,0,0
2026-07-02T03:28:00.684Z,Japanese,Weekly,darari_nu,7e0f15d1-7945-4677-9af7-9de28604e10c,Cinderella,31,427,184
2026-07-02T03:28:00.684Z,Japanese,Monthly,coban3137,79cf91bc-167e-481f-9a49-b581919560c4,BINARY,13,5732,744
2026-07-02T03:28:00.684Z,Japanese,All Time,-,-,-,0,0,0
2026-07-02T07:30:58.712Z,Global,Now,-,-,-,0,0,0
2026-07-02T07:30:58.712Z,Global,Weekly,-,-,-,0,0,0
2026-07-02T07:30:58.712Z,Global,Monthly,-,-,-,0,0,0
2026-07-02T07:30:58.712Z,Global,All Time,-,-,-,0,0,0
2026-07-02T07:30:58.712Z,Japanese,Now,-,-,-,0,0,0
2026-07-02T07:30:58.712Z,Japanese,Weekly,darari_nu,7e0f15d1-7945-4677-9af7-9de28604e10c,Cinderella,30,427,184
2026-07-02T07:30:58.712Z,Japanese,Monthly,coban3137,79cf91bc-167e-481f-9a49-b581919560c4,BINARY,13,5732,744
2026-07-02T07:30:58.712Z,Japanese,All Time,-,-,-,0,0,0
2026-07-02T10:38:11.599Z,Global,Now,-,-,-,0,0,0
2026-07-02T10:38:11.599Z,Global,Weekly,-,-,-,0,0,0
2026-07-02T10:38:11.599Z,Global,Monthly,-,-,-,0,0,0
2026-07-02T10:38:11.599Z,Global,All Time,-,-,-,0,0,0
2026-07-02T10:38:11.599Z,Japanese,Now,-,-,-,0,0,0
2026-07-02T10:38:11.599Z,Japanese,Weekly,darari_nu,7e0f15d1-7945-4677-9af7-9de28604e10c,Cinderella,30,427,184
2026-07-02T10:38:11.599Z,Japanese,Monthly,coban3137,79cf91bc-167e-481f-9a49-b581919560c4,BINARY,13,5732,744
2026-07-02T10:38:11.599Z,Japanese,All Time,-,-,-,0,0,0
2026-07-02T15:18:09.751Z,Global,Now,-,-,-,0,0,0
2026-07-02T15:18:09.751Z,Global,Weekly,-,-,-,0,0,0
2026-07-02T15:18:09.751Z,Global,Monthly,-,-,-,0,0,0
2026-07-02T15:18:09.751Z,Global,All Time,-,-,-,0,0,0
2026-07-02T15:18:09.751Z,Japanese,Now,-,-,-,0,0,0
2026-07-02T15:18:09.751Z,Japanese,Weekly,darari_nu,7e0f15d1-7945-4677-9af7-9de28604e10c,Cinderella,29,427,184
2026-07-02T15:18:09.751Z,Japanese,Monthly,coban3137,79cf91bc-167e-481f-9a49-b581919560c4,BINARY,13,5732,744
2026-07-02T15:18:09.751Z,Japanese,All Time,-,-,-,0,0,0
2026-07-02T19:22:34.934Z,Global,Now,-,-,-,0,0,0
2026-07-02T19:22:34.934Z,Global,Weekly,-,-,-,0,0,0
2026-07-02T19:22:34.934Z,Global,Monthly,-,-,-,0,0,0
2026-07-02T19:22:34.934Z,Global,All Time,-,-,-,0,0,0
2026-07-02T19:22:34.934Z,Japanese,Now,-,-,-,0,0,0
2026-07-02T19:22:34.934Z,Japanese,Weekly,darari_nu,7e0f15d1-7945-4677-9af7-9de28604e10c,Cinderella,29,436,184
2026-07-02T19:22:34.934Z,Japanese,Monthly,coban3137,79cf91bc-167e-481f-9a49-b581919560c4,BINARY,13,5732,744
2026-07-02T19:22:34.934Z,Japanese,All Time,-,-,-,0,0,0
